{"type":"FeatureCollection","source":"https://services.arcgis.com/at3rDjch5X7i9Bag/arcgis/rest/services/waterbody_wq_advisory_staging/FeatureServer/0/","retrievedAt":"2026-09-16T17:17:43.884Z","interpretation":"Static DEP waterbody boundaries only. Advisory status is obtained separately from the DEP dashboard API.","features":[{"type":"Feature","geometry":{"type":"Polygon","coordinates":[[[-74.01271,40.57866],[-74.05986,40.59378],[-74.05625,40.59733],[-74.05491,40.59846],[-74.05295,40.59985],[-74.0524,40.59973],[-74.05224,40.59977],[-74.05309,40.60022],[-74.05343,40.60055],[-74.0534,40.60088],[-74.0531,40.60122],[-74.05303,40.60148],[-74.05357,40.60371],[-74.05351,40.60373],[-74.05346,40.6036],[-74.05257,40.60389],[-74.0525,40.60377],[-74.05222,40.60386],[-74.05229,40.60398],[-74.05219,40.60401],[-74.05213,40.60381],[-74.05253,40.60367],[-74.05264,40.6037],[-74.05251,40.60363],[-74.05207,40.60379],[-74.05214,40.60403],[-74.03595,40.60917],[-74.03559,40.60892],[-74.03514,40.60879],[-74.03512,40.6087],[-74.03521,40.6086],[-74.03544,40.60866],[-74.0354,40.60855],[-74.03497,40.60828],[-74.03463,40.60827],[-74.03429,40.60772],[-74.03258,40.60617],[-74.03112,40.60528],[-74.02991,40.6047],[-74.02117,40.60346],[-74.02015,40.60321],[-74.01912,40.60257],[-74.0185,40.6024],[-74.01738,40.60246],[-74.01614,40.60233],[-74.01398,40.60188],[-74.01229,40.60137],[-74.01229,40.60131],[-74.0112,40.60086],[-74.00956,40.60003],[-74.00842,40.59924],[-74.00603,40.59783],[-74.00481,40.59699],[-74.00288,40.5953],[-74.00111,40.59253],[-74.00032,40.59279],[-73.9986,40.59356],[-73.99949,40.59296],[-73.99931,40.59259],[-73.99914,40.59247],[-73.99896,40.59248],[-73.99898,40.59241],[-74.00007,40.59171],[-74.0002,40.59156],[-74.00022,40.59139],[-73.99994,40.59117],[-73.9993,40.59112],[-73.99757,40.59192],[-73.99721,40.5916],[-73.9971,40.59141],[-73.99714,40.59131],[-73.998,40.59086],[-73.99817,40.5905],[-73.99844,40.59025],[-73.99857,40.59023],[-73.99868,40.59032],[-73.99866,40.59041],[-73.99848,40.59047],[-73.99846,40.59058],[-73.9987,40.5905],[-73.99879,40.59028],[-73.9985,40.58984],[-73.99856,40.58978],[-73.9985,40.5897],[-73.99946,40.58923],[-73.99925,40.58895],[-73.99866,40.58921],[-73.99803,40.58842],[-73.99771,40.58857],[-73.99764,40.58847],[-74.00045,40.58712],[-74.00051,40.58704],[-74.00048,40.58661],[-74.00036,40.58649],[-74.00011,40.58657],[-74.00017,40.58665],[-74.00016,40.587],[-73.99787,40.58808],[-73.99538,40.5894],[-73.99491,40.5888],[-73.99522,40.58865],[-73.99513,40.58847],[-73.99421,40.58888],[-73.99407,40.5887],[-73.99744,40.58712],[-73.9974,40.58705],[-73.9956,40.58788],[-73.99553,40.58784],[-73.99435,40.58845],[-73.99405,40.58845],[-73.99311,40.58877],[-73.99471,40.58817],[-73.99817,40.58658],[-73.99932,40.58643],[-73.99955,40.58631],[-73.99968,40.58601],[-73.99947,40.58564],[-73.99927,40.58555],[-73.99834,40.58546],[-73.99823,40.58537],[-73.99855,40.58533],[-73.99954,40.5847],[-73.99991,40.58457],[-74.00036,40.58417],[-74.00044,40.58397],[-74.00035,40.58342],[-74.00039,40.58319],[-74.00013,40.58304],[-74.00152,40.58148],[-74.00252,40.58158],[-74.00472,40.58202],[-74.00617,40.58208],[-74.0075,40.58195],[-74.00839,40.58157],[-74.00924,40.58105],[-74.01013,40.58084],[-74.01113,40.58038],[-74.01225,40.57937],[-74.01271,40.57866]],[[-73.99827,40.58658],[-73.9976,40.58696],[-73.9977,40.58698],[-73.99825,40.58673],[-73.99853,40.58689],[-73.99845,40.58667],[-73.99827,40.58658]]]},"properties":{"waterbodyId":1,"name":"Gravesend Bay"}},{"type":"Feature","geometry":{"type":"Polygon","coordinates":[[[-73.99091,40.5834],[-73.99149,40.58242],[-73.99171,40.58186],[-73.99196,40.58166],[-73.99188,40.58144],[-73.99168,40.58147],[-73.99172,40.58116],[-73.99153,40.58102],[-73.99024,40.58079],[-73.98968,40.58043],[-73.98952,40.58042],[-73.98933,40.58023],[-73.98908,40.58021],[-73.98846,40.57978],[-73.98804,40.57964],[-73.98782,40.57983],[-73.98776,40.57981],[-73.98757,40.58004],[-73.98731,40.58069],[-73.98698,40.58115],[-73.98503,40.58232],[-73.98384,40.58334],[-73.9836,40.58327],[-73.98366,40.5832],[-73.98333,40.58323],[-73.9829,40.58301],[-73.98277,40.58301],[-73.98247,40.5826],[-73.98182,40.58229],[-73.98149,40.58204],[-73.9814,40.58192],[-73.98145,40.58181],[-73.98141,40.58169],[-73.98109,40.58149],[-73.9809,40.5815],[-73.9807,40.58138],[-73.98011,40.58065],[-73.97923,40.58028],[-73.97919,40.58018],[-73.97864,40.58035],[-73.97811,40.58069],[-73.97782,40.58073],[-73.97576,40.58227],[-73.97535,40.58266],[-73.97496,40.58269],[-73.97482,40.58254],[-73.97505,40.58252],[-73.97528,40.58224],[-73.97596,40.58188],[-73.97623,40.58159],[-73.97615,40.58136],[-73.97705,40.58085],[-73.97758,40.58037],[-73.97791,40.58031],[-73.97794,40.5801],[-73.97851,40.57993],[-73.97936,40.58003],[-73.97953,40.57995],[-73.9796,40.57977],[-73.98114,40.58086],[-73.98117,40.58097],[-73.98166,40.58138],[-73.98252,40.58233],[-73.98326,40.58291],[-73.98346,40.583],[-73.9839,40.58294],[-73.98558,40.5814],[-73.98582,40.58141],[-73.98585,40.58128],[-73.98602,40.58125],[-73.98598,40.58108],[-73.98604,40.5811],[-73.98642,40.58082],[-73.98702,40.58004],[-73.98678,40.5799],[-73.98673,40.57979],[-73.98741,40.57911],[-73.98851,40.57883],[-73.98899,40.57885],[-73.98955,40.5792],[-73.99053,40.57949],[-73.99066,40.5794],[-73.99196,40.5793],[-73.99296,40.57957],[-73.99298,40.57952],[-73.99318,40.57955],[-73.99762,40.58056],[-73.99783,40.58071],[-73.99786,40.58083],[-73.99764,40.58123],[-73.9976,40.5815],[-73.99794,40.58165],[-73.99869,40.58165],[-73.99979,40.58141],[-74.00152,40.58148],[-74.00013,40.58304],[-73.99789,40.5826],[-73.99689,40.58227],[-73.99597,40.58213],[-73.99541,40.58224],[-73.99474,40.58261],[-73.99405,40.58282],[-73.99318,40.58326],[-73.9931,40.58336],[-73.99289,40.58339],[-73.99281,40.58353],[-73.99027,40.58464],[-73.9904,40.58447],[-73.99037,40.58415],[-73.99091,40.5834]]]},"properties":{"waterbodyId":2,"name":"Coney Island Creek"}},{"type":"Feature","geometry":{"type":"Polygon","coordinates":[[[-74.17212,40.64546],[-74.16144,40.64425],[-74.16146,40.64418],[-74.1618,40.6441],[-74.16146,40.64409],[-74.16131,40.64389],[-74.16129,40.64371],[-74.16139,40.64353],[-74.16117,40.64186],[-74.15996,40.64143],[-74.15957,40.64145],[-74.15885,40.64176],[-74.1587,40.64215],[-74.15838,40.64251],[-74.15804,40.64271],[-74.15787,40.6431],[-74.15758,40.64328],[-74.15797,40.64384],[-74.14286,40.64204],[-74.14235,40.64209],[-74.14349,40.63933],[-74.14357,40.63924],[-74.14384,40.63918],[-74.14375,40.639],[-74.14382,40.63891],[-74.14404,40.63892],[-74.14475,40.63935],[-74.14518,40.63931],[-74.14519,40.63939],[-74.14606,40.63924],[-74.14603,40.6391],[-74.14716,40.63893],[-74.14753,40.63892],[-74.14761,40.63905],[-74.14879,40.63889],[-74.14881,40.63873],[-74.1492,40.63868],[-74.14942,40.6383],[-74.14944,40.63779],[-74.14931,40.63753],[-74.1494,40.63741],[-74.14968,40.63753],[-74.1498,40.6379],[-74.14997,40.63816],[-74.15012,40.63828],[-74.15041,40.63834],[-74.15039,40.63843],[-74.1505,40.63854],[-74.15128,40.63851],[-74.1512,40.63775],[-74.1527,40.63765],[-74.15271,40.63719],[-74.1528,40.63715],[-74.15339,40.63728],[-74.15425,40.63718],[-74.15468,40.63736],[-74.15466,40.63757],[-74.15441,40.63802],[-74.15457,40.63828],[-74.15467,40.63824],[-74.15467,40.63797],[-74.15479,40.63775],[-74.15558,40.63774],[-74.15569,40.6378],[-74.15571,40.63753],[-74.15611,40.63754],[-74.1561,40.63795],[-74.15815,40.63797],[-74.15814,40.63812],[-74.15864,40.63815],[-74.15864,40.63827],[-74.15906,40.63829],[-74.1591,40.63798],[-74.15923,40.6378],[-74.15932,40.63782],[-74.15958,40.638],[-74.15973,40.6386],[-74.15996,40.63876],[-74.16009,40.63871],[-74.16018,40.63839],[-74.16032,40.6385],[-74.16072,40.63853],[-74.16074,40.63863],[-74.16089,40.63856],[-74.16107,40.63859],[-74.16111,40.63871],[-74.16123,40.63863],[-74.16166,40.6387],[-74.1617,40.63863],[-74.1623,40.63876],[-74.16194,40.63978],[-74.162,40.63991],[-74.16172,40.64063],[-74.1628,40.64104],[-74.16286,40.64093],[-74.16324,40.64096],[-74.16343,40.63986],[-74.16399,40.63992],[-74.16461,40.64035],[-74.16443,40.64141],[-74.16457,40.64142],[-74.16473,40.64041],[-74.16518,40.64065],[-74.16493,40.64222],[-74.16499,40.64225],[-74.16508,40.64225],[-74.16513,40.64198],[-74.16536,40.64201],[-74.16531,40.64229],[-74.16545,40.64229],[-74.16565,40.64122],[-74.16624,40.64144],[-74.16671,40.64149],[-74.16679,40.6416],[-74.16758,40.64186],[-74.16779,40.64173],[-74.16844,40.64201],[-74.16907,40.64214],[-74.16915,40.64188],[-74.17013,40.64205],[-74.17039,40.64183],[-74.17105,40.64184],[-74.17117,40.64175],[-74.17137,40.64181],[-74.1714,40.64142],[-74.17157,40.64102],[-74.17203,40.64096],[-74.17246,40.64068],[-74.17299,40.6405],[-74.17294,40.64059],[-74.17251,40.64069],[-74.17202,40.641],[-74.17159,40.64104],[-74.17145,40.64146],[-74.17148,40.64171],[-74.17156,40.64189],[-74.17172,40.64195],[-74.17167,40.64205],[-74.17177,40.64221],[-74.17172,40.64229],[-74.17185,40.64239],[-74.17175,40.64252],[-74.17186,40.64253],[-74.17134,40.64286],[-74.17149,40.64299],[-74.17143,40.64305],[-74.17151,40.64314],[-74.17175,40.6431],[-74.17196,40.64287],[-74.17244,40.64282],[-74.17257,40.643],[-74.17273,40.64296],[-74.17249,40.64316],[-74.17255,40.6432],[-74.17237,40.64324],[-74.17244,40.64341],[-74.17295,40.64352],[-74.17303,40.64372],[-74.17288,40.64402],[-74.17294,40.64421],[-74.17409,40.64505],[-74.17415,40.64571],[-74.17212,40.64546]]]},"properties":{"waterbodyId":3,"name":"Newark Bay"}},{"type":"Feature","geometry":{"type":"Polygon","coordinates":[[[-74.14296,40.64205],[-74.13558,40.64338],[-74.13142,40.64373],[-74.12639,40.64382],[-74.11001,40.64806],[-74.0935,40.6481],[-74.08741,40.6513],[-74.08476,40.64888],[-74.08575,40.64892],[-74.08647,40.64872],[-74.08755,40.64831],[-74.08825,40.64791],[-74.08858,40.64781],[-74.08912,40.64741],[-74.09009,40.64717],[-74.09091,40.64683],[-74.0912,40.6468],[-74.09133,40.64669],[-74.09316,40.64603],[-74.09315,40.64593],[-74.09323,40.64588],[-74.09345,40.64592],[-74.0947,40.64555],[-74.09556,40.64542],[-74.09645,40.64535],[-74.09844,40.64537],[-74.09854,40.64534],[-74.09865,40.64505],[-74.09882,40.64501],[-74.10047,40.64508],[-74.10262,40.64561],[-74.10361,40.64566],[-74.10378,40.6456],[-74.10417,40.64573],[-74.10469,40.64568],[-74.10471,40.64558],[-74.10505,40.64555],[-74.10918,40.64559],[-74.10953,40.64548],[-74.10992,40.64543],[-74.10995,40.64549],[-74.11005,40.64546],[-74.11002,40.64534],[-74.11051,40.64532],[-74.11049,40.64525],[-74.11061,40.64518],[-74.1108,40.64515],[-74.11164,40.64467],[-74.11184,40.64463],[-74.11332,40.64374],[-74.11354,40.64396],[-74.11381,40.64392],[-74.11397,40.64415],[-74.11406,40.64406],[-74.11382,40.64362],[-74.11514,40.6428],[-74.11539,40.64245],[-74.11597,40.64234],[-74.11595,40.64229],[-74.11618,40.64227],[-74.11722,40.64188],[-74.11711,40.64166],[-74.11716,40.64164],[-74.11764,40.64167],[-74.11786,40.64185],[-74.11822,40.64176],[-74.11819,40.6416],[-74.11937,40.64143],[-74.11961,40.64147],[-74.11961,40.64139],[-74.11996,40.64132],[-74.11994,40.6412],[-74.12071,40.64104],[-74.12111,40.64138],[-74.12142,40.64152],[-74.12277,40.64137],[-74.12296,40.64104],[-74.12257,40.64063],[-74.12288,40.64085],[-74.12346,40.64057],[-74.12361,40.64036],[-74.12416,40.64014],[-74.12485,40.64025],[-74.12568,40.64013],[-74.12622,40.64037],[-74.12649,40.64041],[-74.12781,40.64015],[-74.12878,40.64023],[-74.12895,40.64042],[-74.12923,40.64046],[-74.12931,40.64035],[-74.13013,40.64081],[-74.13019,40.64073],[-74.13101,40.64098],[-74.13147,40.64132],[-74.13126,40.64161],[-74.1324,40.64172],[-74.13243,40.64163],[-74.13299,40.64147],[-74.13346,40.6416],[-74.13349,40.64173],[-74.13429,40.64177],[-74.13442,40.6419],[-74.13737,40.6413],[-74.13734,40.64111],[-74.13757,40.641],[-74.13902,40.6409],[-74.13919,40.64086],[-74.13926,40.64075],[-74.1393,40.64081],[-74.14063,40.64064],[-74.14113,40.64046],[-74.14125,40.64019],[-74.14143,40.6401],[-74.14155,40.64037],[-74.14223,40.64033],[-74.14241,40.6402],[-74.14233,40.63969],[-74.14264,40.63951],[-74.14331,40.63973],[-74.14235,40.64209],[-74.14296,40.64205]]]},"properties":{"waterbodyId":4,"name":"Kill Van Kull"}},{"type":"Feature","geometry":{"type":"Polygon","coordinates":[[[-73.9411,40.73362],[-73.94021,40.73398],[-73.94002,40.73355],[-73.94017,40.73349],[-73.94003,40.73325],[-73.93991,40.73328],[-73.93941,40.73224],[-73.9395,40.73221],[-73.93941,40.73194],[-73.93911,40.73139],[-73.93805,40.73052],[-73.93648,40.72969],[-73.93457,40.72912],[-73.93132,40.72874],[-73.93119,40.72865],[-73.93044,40.72857],[-73.92922,40.72826],[-73.92861,40.72793],[-73.92811,40.72727],[-73.92722,40.72647],[-73.92656,40.72568],[-73.92553,40.7249],[-73.92482,40.72447],[-73.92419,40.72428],[-73.92229,40.72419],[-73.92167,40.72406],[-73.92105,40.72381],[-73.92037,40.72369],[-73.92073,40.72332],[-73.92214,40.72372],[-73.92243,40.72362],[-73.923,40.72368],[-73.92444,40.72359],[-73.92461,40.72341],[-73.92516,40.72233],[-73.9249,40.72195],[-73.92465,40.72185],[-73.92425,40.72144],[-73.92417,40.72117],[-73.92423,40.7209],[-73.92384,40.72016],[-73.92384,40.71992],[-73.92396,40.7198],[-73.92394,40.71907],[-73.92365,40.71862],[-73.92347,40.71814],[-73.92279,40.71753],[-73.92224,40.71639],[-73.92058,40.71604],[-73.92064,40.71578],[-73.92233,40.71608],[-73.92279,40.71581],[-73.9234,40.71569],[-73.92377,40.71549],[-73.92412,40.71515],[-73.9237,40.7141],[-73.92434,40.71413],[-73.92456,40.71476],[-73.92476,40.71498],[-73.92489,40.71528],[-73.92432,40.71585],[-73.92359,40.71604],[-73.92361,40.71611],[-73.92305,40.71635],[-73.92336,40.71697],[-73.92364,40.71733],[-73.92421,40.71775],[-73.92465,40.71796],[-73.92823,40.71712],[-73.92871,40.71686],[-73.92891,40.71663],[-73.92844,40.71554],[-73.93085,40.71491],[-73.93105,40.71462],[-73.93042,40.71318],[-73.93053,40.71307],[-73.93174,40.71276],[-73.93184,40.71264],[-73.93161,40.71205],[-73.93086,40.71223],[-73.93078,40.71217],[-73.93086,40.71207],[-73.93155,40.71186],[-73.93073,40.7099],[-73.9306,40.70976],[-73.93025,40.70894],[-73.93038,40.70881],[-73.93036,40.70873],[-73.9305,40.70869],[-73.93076,40.70898],[-73.93078,40.70911],[-73.93093,40.70917],[-73.9319,40.71135],[-73.93329,40.71099],[-73.93339,40.71124],[-73.93203,40.7116],[-73.93264,40.71306],[-73.93165,40.71335],[-73.93145,40.71345],[-73.93124,40.71373],[-73.93152,40.71432],[-73.93143,40.71439],[-73.93159,40.71441],[-73.93175,40.71475],[-73.93214,40.71469],[-73.93221,40.71497],[-73.93175,40.7152],[-73.92948,40.71574],[-73.92934,40.71594],[-73.92934,40.71612],[-73.92971,40.71706],[-73.92888,40.71773],[-73.92838,40.71759],[-73.92487,40.71845],[-73.92469,40.71873],[-73.92454,40.71967],[-73.92483,40.72027],[-73.92562,40.72007],[-73.9278,40.72493],[-73.92787,40.72586],[-73.92925,40.72741],[-73.92958,40.72762],[-73.92966,40.72755],[-73.93033,40.7278],[-73.93206,40.72816],[-73.93299,40.72821],[-73.93422,40.7284],[-73.93421,40.72845],[-73.9349,40.72856],[-73.93712,40.7292],[-73.9381,40.72974],[-73.93975,40.73107],[-73.94037,40.73222],[-73.94069,40.73303],[-73.94057,40.73307],[-73.94073,40.7333],[-73.94082,40.73326],[-73.94093,40.73352],[-73.94104,40.7335],[-73.9411,40.73362]]]},"properties":{"waterbodyId":5,"name":"Newtown Creek, Upper"}},{"type":"Feature","geometry":{"type":"MultiPolygon","coordinates":[[[[-74.01425,40.69285],[-74.01427,40.69285],[-74.01427,40.69285],[-74.01425,40.69285]]],[[[-74.01343,40.69213],[-74.01423,40.69284],[-74.01402,40.69272],[-74.01343,40.69213],[-74.01322,40.69217],[-74.01343,40.69213]]],[[[-74.00588,40.68622],[-74.00647,40.68631],[-74.00699,40.68652],[-74.00789,40.68625],[-74.00804,40.68636],[-74.00827,40.68636],[-74.00823,40.68639],[-74.00858,40.68672],[-74.00844,40.6868],[-74.00803,40.68653],[-74.00787,40.68664],[-74.01512,40.70087],[-74.01503,40.70099],[-74.01409,40.70055],[-74.01395,40.701],[-74.01354,40.70095],[-74.01358,40.70025],[-74.01369,40.70013],[-74.01361,40.70009],[-74.01354,40.70017],[-74.01347,40.70049],[-74.01329,40.7005],[-74.0131,40.69978],[-74.013,40.69983],[-74.01311,40.70051],[-74.01292,40.70053],[-74.0126,40.70011],[-74.01252,40.7002],[-74.01259,40.70059],[-74.01241,40.70063],[-74.01209,40.70008],[-74.01194,40.70005],[-74.01186,40.70015],[-74.01207,40.7007],[-74.01187,40.70075],[-74.01166,40.70047],[-74.01173,40.70078],[-74.01153,40.70082],[-74.01134,40.70057],[-74.01136,40.70086],[-74.01117,40.7009],[-74.01078,40.70019],[-74.01111,40.70091],[-74.01106,40.70092],[-74.01112,40.70108],[-74.01121,40.70106],[-74.01129,40.70126],[-74.01112,40.70129],[-74.01119,40.70148],[-74.00913,40.70202],[-74.00771,40.70288],[-74.00748,40.70315],[-74.00439,40.70513],[-74.00396,40.7054],[-74.00385,40.70531],[-74.00332,40.70564],[-74.00241,40.70481],[-74.00251,40.70474],[-74.00245,40.70468],[-74.00234,40.70475],[-74.00218,40.70461],[-74.00197,40.70474],[-74.00269,40.70546],[-74.00257,40.70553],[-74.00216,40.70536],[-74.00207,40.70542],[-74.00144,40.70488],[-74.00059,40.70544],[-74.00141,40.70618],[-74.00098,40.70643],[-74.00124,40.70675],[-74.00113,40.70681],[-74.00119,40.70687],[-73.99999,40.70751],[-73.99981,40.70772],[-73.99956,40.70775],[-73.99876,40.70819],[-73.99872,40.70829],[-73.99797,40.70858],[-73.9969,40.70883],[-73.98875,40.70999],[-73.98864,40.70992],[-73.98849,40.70918],[-73.9884,40.70914],[-73.98124,40.70983],[-73.98129,40.71023],[-73.978,40.71057],[-73.97686,40.7114],[-73.97643,40.71193],[-73.97597,40.71281],[-73.97459,40.71581],[-73.9747,40.71587],[-73.97443,40.71654],[-73.97429,40.71658],[-73.97422,40.71678],[-73.97416,40.71697],[-73.97426,40.71701],[-73.97427,40.7171],[-73.97414,40.7171],[-73.97373,40.71836],[-73.97365,40.71844],[-73.97366,40.71859],[-73.9736,40.7186],[-73.97335,40.71957],[-73.97329,40.71958],[-73.97318,40.72003],[-73.97324,40.72006],[-73.97317,40.72006],[-73.97319,40.72017],[-73.97311,40.72019],[-73.97294,40.72086],[-73.97304,40.72095],[-73.97294,40.72103],[-73.97303,40.72104],[-73.97292,40.72107],[-73.97182,40.72582],[-73.97176,40.72584],[-73.9715,40.72743],[-73.97167,40.72744],[-73.97164,40.72766],[-73.97157,40.72766],[-73.97142,40.72869],[-73.97146,40.72917],[-73.9716,40.72951],[-73.97194,40.72999],[-73.97297,40.7308],[-73.97342,40.7313],[-73.97388,40.7331],[-73.97371,40.73309],[-73.97365,40.73319],[-73.97395,40.73339],[-73.97443,40.73532],[-73.97355,40.73495],[-73.97333,40.73502],[-73.97328,40.73514],[-73.97331,40.73526],[-73.97422,40.73565],[-73.97451,40.73564],[-73.97451,40.73593],[-73.97442,40.73643],[-73.97292,40.7358],[-73.9725,40.73581],[-73.97267,40.73924],[-73.97244,40.74003],[-73.9723,40.74005],[-73.97217,40.74069],[-73.9723,40.74073],[-73.97197,40.74235],[-73.97175,40.74268],[-73.97189,40.74273],[-73.9712,40.74379],[-73.97135,40.74385],[-73.97118,40.74412],[-73.97094,40.74448],[-73.97079,40.74441],[-73.96998,40.7455],[-73.96988,40.74545],[-73.96882,40.74667],[-73.96823,40.74738],[-73.96837,40.74745],[-73.96628,40.74996],[-73.96229,40.75447],[-73.96205,40.75468],[-73.96192,40.75466],[-73.96113,40.7553],[-73.9612,40.75549],[-73.96034,40.7563],[-73.9595,40.75747],[-73.95881,40.75826],[-73.95442,40.7622],[-73.94963,40.76753],[-73.94864,40.76889],[-73.94637,40.77132],[-73.94468,40.77276],[-73.94291,40.77473],[-73.94267,40.77511],[-73.94242,40.77577],[-73.94211,40.77596],[-73.94197,40.77639],[-73.94208,40.77695],[-73.94244,40.77732],[-73.94267,40.77813],[-73.9429,40.77862],[-73.94255,40.77916],[-73.94271,40.77922],[-73.94264,40.77933],[-73.94271,40.77954],[-73.94297,40.77963],[-73.94321,40.77928],[-73.94361,40.78016],[-73.94388,40.78129],[-73.94388,40.78164],[-73.94366,40.78265],[-73.94319,40.7834],[-73.94246,40.78391],[-73.94041,40.78495],[-73.93558,40.78354],[-73.93498,40.78298],[-73.93127,40.78242],[-73.93109,40.77745],[-73.93184,40.77786],[-73.93273,40.77803],[-73.93282,40.77792],[-73.93411,40.77812],[-73.93489,40.77802],[-73.93507,40.77794],[-73.93581,40.77724],[-73.93618,40.77711],[-73.93644,40.77686],[-73.93767,40.77501],[-73.93782,40.77382],[-73.93746,40.77254],[-73.93484,40.77175],[-73.93483,40.77158],[-73.93456,40.77145],[-73.93464,40.77127],[-73.9349,40.77127],[-73.93501,40.77117],[-73.93515,40.77056],[-73.93483,40.77044],[-73.9348,40.77032],[-73.93501,40.76994],[-73.93531,40.76964],[-73.93569,40.76948],[-73.93626,40.76953],[-73.93644,40.76947],[-73.9367,40.7692],[-73.93679,40.76893],[-73.93767,40.76891],[-73.93795,40.76878],[-73.93779,40.76862],[-73.93783,40.76857],[-73.93807,40.76872],[-73.93825,40.76868],[-73.93902,40.76797],[-73.93935,40.76817],[-73.93985,40.768],[-73.94034,40.76772],[-73.94054,40.76749],[-73.94133,40.76692],[-73.94343,40.76461],[-73.94398,40.76376],[-73.94454,40.76311],[-73.94447,40.76299],[-73.9447,40.76273],[-73.94481,40.76276],[-73.94575,40.76144],[-73.94645,40.7607],[-73.94834,40.75832],[-73.9481,40.75821],[-73.94816,40.75813],[-73.94839,40.75825],[-73.95172,40.75417],[-73.95365,40.75205],[-73.954,40.75181],[-73.95431,40.75144],[-73.95448,40.75139],[-73.95438,40.75135],[-73.9544,40.75124],[-73.95453,40.75118],[-73.9545,40.75109],[-73.95462,40.75095],[-73.95451,40.75059],[-73.95507,40.74964],[-73.9556,40.74968],[-73.95632,40.74908],[-73.95479,40.74844],[-73.95304,40.74811],[-73.95317,40.74773],[-73.95489,40.74807],[-73.95704,40.74894],[-73.95849,40.74706],[-73.95828,40.74696],[-73.95855,40.74686],[-73.95866,40.74667],[-73.9585,40.74661],[-73.95877,40.7464],[-73.95901,40.74604],[-73.95861,40.74597],[-73.95857,40.74584],[-73.95841,40.74577],[-73.95858,40.74573],[-73.95904,40.74578],[-73.95936,40.7455],[-73.95927,40.74531],[-73.95856,40.74512],[-73.95871,40.74494],[-73.95879,40.7446],[-73.95895,40.74442],[-73.95939,40.74429],[-73.95942,40.74417],[-73.95962,40.74398],[-73.95979,40.74354],[-73.9604,40.74355],[-73.96068,40.74339],[-73.96096,40.74277],[-73.9611,40.7428],[-73.96156,40.74199],[-73.96121,40.74193],[-73.96112,40.74137],[-73.96136,40.74131],[-73.96142,40.74114],[-73.96178,40.74108],[-73.96191,40.74081],[-73.96131,40.74055],[-73.96129,40.74041],[-73.96146,40.74035],[-73.96158,40.74003],[-73.96209,40.74004],[-73.96231,40.73992],[-73.96243,40.73973],[-73.96265,40.73884],[-73.96247,40.73862],[-73.96214,40.73846],[-73.96209,40.73833],[-73.96073,40.73815],[-73.96077,40.73805],[-73.96192,40.73821],[-73.96093,40.73601],[-73.96052,40.73635],[-73.96206,40.73456],[-73.96236,40.73377],[-73.96226,40.73275],[-73.96223,40.73266],[-73.96193,40.73269],[-73.9619,40.73249],[-73.96215,40.73246],[-73.96184,40.73163],[-73.9617,40.73156],[-73.9614,40.73089],[-73.96122,40.72952],[-73.96112,40.72937],[-73.96105,40.72879],[-73.96099,40.72877],[-73.96111,40.7282],[-73.96122,40.72816],[-73.96115,40.72815],[-73.96117,40.72807],[-73.96128,40.72805],[-73.9615,40.72699],[-73.9614,40.72698],[-73.96162,40.72667],[-73.9617,40.72622],[-73.96166,40.72582],[-73.96032,40.72591],[-73.96022,40.72597],[-73.96011,40.72531],[-73.95844,40.72542],[-73.95841,40.72522],[-73.95794,40.72494],[-73.95797,40.72465],[-73.95806,40.72443],[-73.95835,40.72443],[-73.96093,40.72523],[-73.96149,40.72519],[-73.96193,40.72535],[-73.96211,40.72516],[-73.96166,40.72487],[-73.96196,40.7243],[-73.96185,40.72416],[-73.96189,40.72398],[-73.96202,40.724],[-73.9624,40.72328],[-73.96321,40.72379],[-73.96339,40.72363],[-73.96246,40.72303],[-73.96261,40.72286],[-73.96336,40.72326],[-73.96348,40.72323],[-73.96302,40.72294],[-73.96302,40.72303],[-73.96262,40.72285],[-73.96262,40.72264],[-73.963,40.72199],[-73.96359,40.72155],[-73.96401,40.72094],[-73.96488,40.72148],[-73.96502,40.72137],[-73.9641,40.72076],[-73.96431,40.72054],[-73.96458,40.72069],[-73.96465,40.72062],[-73.96474,40.72066],[-73.96432,40.72039],[-73.96447,40.72024],[-73.96437,40.72017],[-73.96445,40.72007],[-73.96495,40.72037],[-73.96514,40.72035],[-73.96507,40.72042],[-73.96513,40.72046],[-73.96554,40.71969],[-73.96569,40.71976],[-73.96541,40.71958],[-73.96536,40.71951],[-73.96546,40.71949],[-73.96517,40.71928],[-73.96555,40.71888],[-73.96568,40.71896],[-73.96587,40.71878],[-73.96613,40.7185],[-73.96608,40.71841],[-73.96622,40.71825],[-73.96634,40.71831],[-73.96675,40.71776],[-73.96664,40.71777],[-73.96671,40.71763],[-73.96677,40.71763],[-73.96726,40.71699],[-73.96711,40.71691],[-73.96726,40.7167],[-73.96723,40.71645],[-73.96737,40.71649],[-73.96884,40.71322],[-73.96849,40.71311],[-73.96855,40.71295],[-73.96846,40.71293],[-73.96847,40.71285],[-73.96867,40.71286],[-73.96894,40.71244],[-73.96883,40.71241],[-73.96887,40.71228],[-73.96881,40.71227],[-73.96913,40.71152],[-73.96942,40.7115],[-73.96946,40.71142],[-73.96925,40.71126],[-73.96927,40.71117],[-73.96936,40.71113],[-73.96994,40.71126],[-73.96937,40.71099],[-73.96979,40.7108],[-73.96966,40.71068],[-73.9697,40.71053],[-73.97005,40.71048],[-73.96957,40.7103],[-73.96993,40.70931],[-73.96985,40.708],[-73.96936,40.70721],[-73.96928,40.70694],[-73.96918,40.70694],[-73.96917,40.70677],[-73.96926,40.70676],[-73.9693,40.7051],[-73.96748,40.70396],[-73.96751,40.70345],[-73.96762,40.70335],[-73.97022,40.70498],[-73.97018,40.70538],[-73.9705,40.7054],[-73.97026,40.70691],[-73.97055,40.70734],[-73.97067,40.70727],[-73.97232,40.70909],[-73.97277,40.70885],[-73.97105,40.70694],[-73.97112,40.70587],[-73.97121,40.70579],[-73.97424,40.70801],[-73.97461,40.7077],[-73.97255,40.70618],[-73.97337,40.70572],[-73.9735,40.70574],[-73.97439,40.70635],[-73.97466,40.70609],[-73.9711,40.70385],[-73.97099,40.70363],[-73.97113,40.70349],[-73.97146,40.70353],[-73.97221,40.70397],[-73.97231,40.70384],[-73.97201,40.70365],[-73.97236,40.70331],[-73.97267,40.7035],[-73.97283,40.70339],[-73.97215,40.70279],[-73.97257,40.70249],[-73.97288,40.70272],[-73.97331,40.7024],[-73.97082,40.70013],[-73.97078,40.7],[-73.97096,40.69988],[-73.97113,40.69993],[-73.97285,40.70144],[-73.97321,40.70167],[-73.97374,40.70152],[-73.97353,40.70134],[-73.97352,40.70124],[-73.97262,40.70049],[-73.97241,40.70019],[-73.97256,40.70009],[-73.97289,40.70028],[-73.97375,40.70108],[-73.9739,40.7011],[-73.97413,40.7013],[-73.97434,40.70119],[-73.97538,40.69959],[-73.97555,40.69953],[-73.97573,40.69958],[-73.97581,40.69975],[-73.97457,40.7016],[-73.97541,40.70192],[-73.97551,40.70177],[-73.976,40.70196],[-73.9773,40.7032],[-73.97737,40.70315],[-73.9775,40.70323],[-73.97721,40.70422],[-73.97803,40.70429],[-73.97859,40.70498],[-73.97841,40.70559],[-73.97864,40.70562],[-73.97869,40.70546],[-73.97924,40.70555],[-73.97907,40.70597],[-73.97928,40.70592],[-73.97928,40.70583],[-73.98091,40.70592],[-73.98225,40.70584],[-73.98226,40.70573],[-73.98104,40.7058],[-73.98097,40.70571],[-73.98099,40.70538],[-73.98116,40.70568],[-73.98144,40.70571],[-73.98166,40.70557],[-73.98211,40.70551],[-73.98274,40.70558],[-73.98342,40.70548],[-73.98344,40.70565],[-73.9864,40.70542],[-73.98645,40.70467],[-73.98666,40.70465],[-73.98667,40.70509],[-73.98699,40.70521],[-73.98828,40.70509],[-73.98831,40.70456],[-73.98897,40.70458],[-73.98933,40.70468],[-73.98968,40.70493],[-73.99014,40.70495],[-73.99036,40.70476],[-73.99058,40.70436],[-73.99082,40.7043],[-73.99089,40.70406],[-73.99111,40.70401],[-73.99182,40.70414],[-73.99211,40.70459],[-73.99224,40.70464],[-73.99341,40.70462],[-73.99378,40.70448],[-73.99386,40.70456],[-73.99434,40.70444],[-73.9948,40.7041],[-73.99477,40.70399],[-73.99499,40.70366],[-73.99467,40.70345],[-73.99485,40.70323],[-73.99503,40.70319],[-73.99514,40.70299],[-73.99624,40.70336],[-73.99863,40.70104],[-73.99725,40.70015],[-73.99728,40.69984],[-73.99737,40.69962],[-73.9975,40.69966],[-73.99803,40.69877],[-73.99797,40.69875],[-73.9989,40.69717],[-73.99876,40.69712],[-73.99886,40.69693],[-73.99893,40.69695],[-73.99899,40.69682],[-73.99934,40.69689],[-73.9993,40.69683],[-73.99947,40.69674],[-73.99956,40.69657],[-73.99938,40.69639],[-74.00028,40.69497],[-74.00241,40.69572],[-74.00299,40.69481],[-74.00097,40.69407],[-74.0024,40.69108],[-74.00073,40.69062],[-74.00096,40.69014],[-74.00182,40.69038],[-74.00195,40.69015],[-74.00299,40.69044],[-74.00318,40.68997],[-74.00368,40.68929],[-74.00383,40.68895],[-74.00466,40.68823],[-74.00564,40.6868],[-74.00588,40.68622]]],[[[-73.97309,40.70877],[-73.97312,40.70877],[-73.97312,40.70877],[-73.97309,40.70877]]],[[[-73.96443,40.74648],[-73.96414,40.74689],[-73.96448,40.7466],[-73.96443,40.74648]]],[[[-73.96183,40.74914],[-73.96174,40.74923],[-73.96184,40.74916],[-73.96183,40.74914]]],[[[-73.96149,40.74941],[-73.96122,40.7495],[-73.96056,40.75016],[-73.95972,40.75069],[-73.95903,40.7514],[-73.95795,40.75209],[-73.95664,40.75324],[-73.9552,40.75478],[-73.95507,40.75481],[-73.95289,40.75672],[-73.95231,40.75743],[-73.9521,40.75799],[-73.95178,40.75841],[-73.95126,40.75882],[-73.95034,40.75986],[-73.94943,40.76056],[-73.94641,40.76412],[-73.94484,40.76584],[-73.94383,40.76724],[-73.94277,40.76834],[-73.94185,40.76903],[-73.94119,40.76933],[-73.94043,40.77041],[-73.94023,40.77084],[-73.94028,40.77231],[-73.94003,40.77282],[-73.94008,40.77293],[-73.94029,40.77294],[-73.94081,40.77242],[-73.94142,40.77232],[-73.94217,40.77202],[-73.94395,40.77035],[-73.94473,40.7698],[-73.94526,40.76882],[-73.94545,40.76874],[-73.9457,40.76834],[-73.94592,40.76821],[-73.94658,40.76735],[-73.94741,40.76648],[-73.94871,40.76471],[-73.94908,40.76429],[-73.94926,40.76427],[-73.95016,40.76348],[-73.95163,40.7617],[-73.95212,40.76086],[-73.95298,40.75997],[-73.95346,40.75966],[-73.95398,40.75915],[-73.9556,40.75715],[-73.95844,40.75394],[-73.95894,40.75356],[-73.95901,40.7536],[-73.9593,40.75329],[-73.95998,40.75189],[-73.96089,40.75099],[-73.96123,40.75035],[-73.96121,40.75021],[-73.9615,40.74996],[-73.96162,40.7495],[-73.96149,40.74941]]],[[[-73.93955,40.77955],[-73.93866,40.78031],[-73.93822,40.78028],[-73.93763,40.78042],[-73.93767,40.781],[-73.93781,40.781],[-73.93778,40.78077],[-73.93808,40.78087],[-73.93798,40.78126],[-73.93804,40.78141],[-73.93828,40.78137],[-73.93867,40.78113],[-73.93884,40.78077],[-73.93884,40.78063],[-73.93872,40.78053],[-73.93935,40.77989],[-73.93955,40.77955]]]]},"properties":{"waterbodyId":6,"name":"East River, Lower"}},{"type":"Feature","geometry":{"type":"Polygon","coordinates":[[[-73.93558,40.78354],[-73.94041,40.78495],[-73.93983,40.78527],[-73.93811,40.7872],[-73.93781,40.78771],[-73.93707,40.78939],[-73.93583,40.79111],[-73.93331,40.79289],[-73.93018,40.7946],[-73.92927,40.79586],[-73.92903,40.79677],[-73.9289,40.79985],[-73.92904,40.80109],[-73.9292,40.80114],[-73.92949,40.80201],[-73.93003,40.80308],[-73.92995,40.80322],[-73.93125,40.80511],[-73.93351,40.80756],[-73.93411,40.80865],[-73.93434,40.80957],[-73.93427,40.81098],[-73.93401,40.81259],[-73.93386,40.81411],[-73.93386,40.81449],[-73.93398,40.8145],[-73.93393,40.81558],[-73.93381,40.81565],[-73.93379,40.81841],[-73.93383,40.81971],[-73.93397,40.81973],[-73.93427,40.82449],[-73.93434,40.82451],[-73.93451,40.82704],[-73.93442,40.82705],[-73.93462,40.82826],[-73.93467,40.82932],[-73.93484,40.82994],[-73.93515,40.83276],[-73.93492,40.8352],[-73.93091,40.84251],[-73.93017,40.84443],[-73.9298,40.84513],[-73.92432,40.85302],[-73.92226,40.85566],[-73.92233,40.85572],[-73.92226,40.85585],[-73.92238,40.85603],[-73.92232,40.8564],[-73.92216,40.8565],[-73.92225,40.85659],[-73.92196,40.85669],[-73.92205,40.85676],[-73.92191,40.85693],[-73.92157,40.85708],[-73.92155,40.8573],[-73.92116,40.85754],[-73.92086,40.85797],[-73.92064,40.85793],[-73.9206,40.85799],[-73.92104,40.85834],[-73.92108,40.85864],[-73.92126,40.85872],[-73.92124,40.85888],[-73.92186,40.85917],[-73.92172,40.8596],[-73.92176,40.85978],[-73.92159,40.85996],[-73.92152,40.8602],[-73.92142,40.8603],[-73.92133,40.86028],[-73.92066,40.85929],[-73.92026,40.85919],[-73.92025,40.8591],[-73.9195,40.8588],[-73.91878,40.85957],[-73.91839,40.86012],[-73.91842,40.86024],[-73.91794,40.86074],[-73.91781,40.86109],[-73.91754,40.86132],[-73.91719,40.86183],[-73.91679,40.862],[-73.91609,40.86251],[-73.91549,40.86314],[-73.91547,40.86338],[-73.91518,40.86369],[-73.91518,40.86393],[-73.91532,40.86408],[-73.91589,40.86415],[-73.91591,40.8643],[-73.91505,40.86446],[-73.91492,40.86459],[-73.91393,40.86476],[-73.91256,40.8665],[-73.91272,40.86662],[-73.91186,40.86765],[-73.91189,40.86773],[-73.91173,40.86807],[-73.91154,40.86823],[-73.91135,40.8686],[-73.91133,40.86881],[-73.91116,40.86886],[-73.9111,40.86897],[-73.91105,40.86915],[-73.91145,40.86937],[-73.91147,40.86946],[-73.91137,40.86954],[-73.91094,40.86943],[-73.91077,40.87017],[-73.91073,40.87097],[-73.91042,40.87139],[-73.91053,40.87206],[-73.9107,40.8724],[-73.9112,40.873],[-73.91192,40.87353],[-73.91525,40.87451],[-73.91626,40.87455],[-73.9182,40.8738],[-73.91862,40.87341],[-73.91852,40.87317],[-73.91895,40.87332],[-73.91927,40.87368],[-73.91921,40.87417],[-73.91885,40.87464],[-73.92083,40.87548],[-73.92102,40.87537],[-73.92117,40.87512],[-73.92081,40.87465],[-73.92059,40.87419],[-73.91996,40.87381],[-73.91999,40.87337],[-73.92019,40.87316],[-73.92058,40.87301],[-73.92114,40.87307],[-73.92128,40.87332],[-73.92153,40.87327],[-73.92168,40.87333],[-73.92216,40.87371],[-73.92259,40.87438],[-73.92266,40.87524],[-73.92238,40.87586],[-73.92245,40.87611],[-73.92241,40.87672],[-73.92252,40.87689],[-73.92315,40.87728],[-73.92381,40.87723],[-73.92481,40.87746],[-73.92501,40.87743],[-73.92527,40.8772],[-73.92562,40.87709],[-73.92621,40.87707],[-73.92643,40.87718],[-73.92642,40.87736],[-73.92629,40.87745],[-73.92629,40.87755],[-73.92646,40.87762],[-73.92658,40.87756],[-73.92512,40.87898],[-73.92495,40.87899],[-73.92496,40.87892],[-73.92485,40.87888],[-73.9245,40.87901],[-73.92299,40.87891],[-73.92207,40.87856],[-73.92057,40.87724],[-73.92003,40.87659],[-73.91881,40.87596],[-73.91801,40.87581],[-73.91769,40.87567],[-73.91734,40.87567],[-73.91743,40.8757],[-73.91741,40.87576],[-73.91711,40.87581],[-73.91684,40.87573],[-73.9166,40.87581],[-73.91639,40.87569],[-73.91558,40.87563],[-73.91237,40.87472],[-73.91147,40.87443],[-73.9109,40.87415],[-73.91022,40.87368],[-73.90943,40.8729],[-73.90888,40.87208],[-73.90869,40.87137],[-73.90899,40.87114],[-73.90911,40.87033],[-73.90931,40.86972],[-73.90936,40.86913],[-73.90941,40.86908],[-73.90954,40.86913],[-73.90958,40.86903],[-73.90944,40.86899],[-73.90953,40.86874],[-73.90984,40.86808],[-73.90998,40.86757],[-73.91036,40.86694],[-73.91037,40.8667],[-73.9112,40.86564],[-73.91144,40.86548],[-73.91264,40.86409],[-73.91251,40.8638],[-73.91232,40.86365],[-73.91258,40.86317],[-73.91279,40.86304],[-73.91339,40.86337],[-73.91477,40.86195],[-73.91482,40.86174],[-73.91538,40.86124],[-73.9159,40.86042],[-73.91622,40.86014],[-73.91641,40.86009],[-73.91667,40.85961],[-73.91721,40.85894],[-73.9179,40.85862],[-73.91871,40.85766],[-73.91933,40.85711],[-73.92029,40.85596],[-73.92031,40.85584],[-73.92053,40.85568],[-73.92056,40.8555],[-73.9203,40.85526],[-73.92033,40.8552],[-73.92081,40.85539],[-73.92121,40.85491],[-73.92152,40.85452],[-73.92136,40.85431],[-73.92155,40.85412],[-73.92175,40.85422],[-73.92364,40.85168],[-73.92395,40.85123],[-73.92388,40.8512],[-73.92411,40.85075],[-73.92419,40.85072],[-73.92487,40.8495],[-73.92635,40.84782],[-73.92689,40.84711],[-73.92696,40.84691],[-73.92745,40.84619],[-73.92773,40.84596],[-73.92821,40.84498],[-73.92852,40.84477],[-73.92863,40.84461],[-73.92919,40.84319],[-73.92917,40.84283],[-73.92956,40.84244],[-73.92965,40.84194],[-73.93047,40.84048],[-73.93044,40.8402],[-73.93054,40.83995],[-73.93121,40.8389],[-73.93192,40.83757],[-73.93253,40.83674],[-73.93299,40.83572],[-73.93332,40.8344],[-73.93361,40.83274],[-73.93353,40.83148],[-73.93338,40.83055],[-73.93332,40.83053],[-73.93305,40.82805],[-73.93294,40.82774],[-73.93253,40.82771],[-73.93264,40.82706],[-73.9326,40.82693],[-73.93246,40.82693],[-73.93253,40.82651],[-73.93245,40.82603],[-73.93255,40.82603],[-73.93249,40.82548],[-73.93195,40.82551],[-73.93193,40.8252],[-73.93265,40.82516],[-73.93259,40.82454],[-73.93187,40.82457],[-73.93183,40.82416],[-73.93245,40.82413],[-73.93249,40.82406],[-73.93246,40.82353],[-73.93231,40.82344],[-73.93243,40.82319],[-73.93242,40.82272],[-73.93233,40.82256],[-73.93171,40.82258],[-73.93158,40.82246],[-73.93163,40.82225],[-73.93213,40.82221],[-73.93233,40.82211],[-73.93229,40.82158],[-73.93173,40.8216],[-73.93163,40.82147],[-73.93173,40.82136],[-73.93231,40.82124],[-73.93227,40.82054],[-73.93233,40.82053],[-73.93217,40.82],[-73.93233,40.81973],[-73.93238,40.81931],[-73.93224,40.81811],[-73.93206,40.81805],[-73.93225,40.81735],[-73.93216,40.81733],[-73.93233,40.81637],[-73.93236,40.81545],[-73.93226,40.81496],[-73.93167,40.81496],[-73.93167,40.81472],[-73.93227,40.81467],[-73.93237,40.81362],[-73.932,40.81344],[-73.93213,40.81334],[-73.93231,40.81341],[-73.93251,40.81178],[-73.93264,40.81171],[-73.93258,40.81093],[-73.93273,40.8107],[-73.93267,40.81058],[-73.93287,40.81041],[-73.93287,40.81018],[-73.93273,40.81004],[-73.93234,40.81002],[-73.93222,40.80992],[-73.93257,40.8096],[-73.9325,40.8091],[-73.93237,40.80899],[-73.93245,40.80889],[-73.93232,40.80863],[-73.93142,40.8075],[-73.93134,40.80751],[-73.93053,40.80672],[-73.93054,40.8065],[-73.92872,40.80413],[-73.92852,40.8042],[-73.92827,40.80399],[-73.92772,40.80403],[-73.92752,40.80384],[-73.92731,40.80349],[-73.92742,40.80328],[-73.9273,40.80323],[-73.92768,40.8026],[-73.9274,40.80263],[-73.92708,40.80244],[-73.92668,40.80238],[-73.92429,40.80254],[-73.92299,40.80244],[-73.92291,40.80231],[-73.92238,40.80208],[-73.92238,40.80192],[-73.92207,40.80188],[-73.92144,40.80141],[-73.92103,40.80076],[-73.92073,40.80019],[-73.92077,40.80016],[-73.92016,40.79956],[-73.92016,40.79946],[-73.91996,40.79943],[-73.91916,40.79901],[-73.91788,40.79849],[-73.91639,40.79795],[-73.91551,40.79744],[-73.91508,40.79732],[-73.91416,40.79686],[-73.91174,40.79664],[-73.9113,40.79681],[-73.91376,40.79413],[-73.91382,40.79463],[-73.91541,40.79718],[-73.91598,40.79755],[-73.91628,40.7976],[-73.9167,40.79793],[-73.91819,40.79847],[-73.92027,40.79938],[-73.9207,40.79982],[-73.92132,40.80083],[-73.9219,40.80151],[-73.92248,40.80184],[-73.92288,40.80191],[-73.92483,40.80202],[-73.92561,40.80193],[-73.92585,40.8017],[-73.92641,40.80072],[-73.92668,40.80046],[-73.9265,40.80039],[-73.92694,40.79978],[-73.92732,40.79875],[-73.92747,40.7982],[-73.92746,40.7979],[-73.9273,40.79741],[-73.92722,40.79742],[-73.92696,40.79676],[-73.92691,40.79557],[-73.92736,40.79445],[-73.92829,40.79317],[-73.92834,40.79291],[-73.92826,40.79238],[-73.92811,40.79222],[-73.92778,40.792],[-73.92714,40.79194],[-73.92786,40.79113],[-73.92787,40.79097],[-73.92749,40.79094],[-73.92711,40.79102],[-73.92666,40.79098],[-73.92647,40.79106],[-73.92635,40.79127],[-73.92635,40.79161],[-73.92673,40.79195],[-73.92564,40.79189],[-73.92552,40.79181],[-73.92557,40.79177],[-73.9258,40.79187],[-73.92657,40.7919],[-73.92652,40.79182],[-73.92616,40.79174],[-73.92606,40.79125],[-73.92608,40.79101],[-73.92592,40.7908],[-73.92633,40.79071],[-73.92802,40.79081],[-73.92838,40.79094],[-73.92873,40.79095],[-73.92972,40.79137],[-73.93072,40.79097],[-73.93084,40.79101],[-73.93158,40.79039],[-73.93224,40.7897],[-73.93245,40.78969],[-73.93271,40.78917],[-73.93573,40.78568],[-73.93605,40.78451],[-73.93606,40.78429],[-73.93594,40.7839],[-73.93558,40.78354]],[[-73.93373,40.82742],[-73.93363,40.82752],[-73.93382,40.8287],[-73.93397,40.82878],[-73.93406,40.8287],[-73.93406,40.82857],[-73.93387,40.82749],[-73.93373,40.82742]]]},"properties":{"waterbodyId":7,"name":"Harlem River"}},{"type":"Feature","geometry":{"type":"Polygon","coordinates":[[[-73.87849,40.83989],[-73.87872,40.83942],[-73.87867,40.83896],[-73.87883,40.83882],[-73.8789,40.8385],[-73.87917,40.83816],[-73.87995,40.83748],[-73.88079,40.83608],[-73.88113,40.83515],[-73.88126,40.83393],[-73.88139,40.83355],[-73.8825,40.83217],[-73.88271,40.83208],[-73.88338,40.83204],[-73.88358,40.83163],[-73.88368,40.83094],[-73.884,40.83019],[-73.88393,40.82993],[-73.88348,40.82962],[-73.88331,40.82917],[-73.8834,40.82877],[-73.88372,40.8281],[-73.88363,40.82809],[-73.88368,40.82788],[-73.88422,40.82658],[-73.88433,40.82594],[-73.8844,40.825],[-73.88426,40.82457],[-73.88424,40.82352],[-73.88414,40.82322],[-73.88425,40.82305],[-73.88407,40.82262],[-73.88381,40.82255],[-73.88363,40.82229],[-73.88323,40.82138],[-73.88275,40.82062],[-73.88248,40.8198],[-73.88128,40.81885],[-73.88059,40.81846],[-73.879,40.81719],[-73.87783,40.81657],[-73.87645,40.81612],[-73.87176,40.81494],[-73.87088,40.81447],[-73.87071,40.81449],[-73.86977,40.81343],[-73.8688,40.81211],[-73.86824,40.81115],[-73.86767,40.81059],[-73.86372,40.8102],[-73.86063,40.80964],[-73.86001,40.80928],[-73.85961,40.80879],[-73.85948,40.80808],[-73.85939,40.80793],[-73.85927,40.80802],[-73.85942,40.80885],[-73.85933,40.809],[-73.85954,40.80903],[-73.86009,40.80959],[-73.8591,40.80993],[-73.85901,40.81],[-73.85894,40.81024],[-73.85877,40.80923],[-73.85858,40.80887],[-73.85854,40.80846],[-73.85839,40.80823],[-73.85853,40.80744],[-73.85847,40.80722],[-73.85859,40.80709],[-73.85848,40.80704],[-73.85851,40.80693],[-73.85896,40.80684],[-73.85915,40.8069],[-73.85922,40.80719],[-73.8592,40.80761],[-73.85933,40.80769],[-73.85953,40.80751],[-73.85945,40.80659],[-73.86827,40.80644],[-73.86811,40.80676],[-73.86814,40.80689],[-73.87046,40.81111],[-73.87041,40.81146],[-73.87057,40.81175],[-73.87049,40.81206],[-73.87096,40.81215],[-73.87155,40.81319],[-73.87182,40.81331],[-73.87253,40.81393],[-73.87343,40.81425],[-73.87411,40.81462],[-73.87434,40.81462],[-73.87574,40.81509],[-73.87652,40.81527],[-73.87667,40.8154],[-73.87896,40.81615],[-73.87945,40.81648],[-73.87964,40.81679],[-73.88005,40.81701],[-73.88033,40.81731],[-73.88135,40.818],[-73.88141,40.81813],[-73.88242,40.8189],[-73.88296,40.81951],[-73.88383,40.82147],[-73.88429,40.82212],[-73.88459,40.82301],[-73.88481,40.82312],[-73.88504,40.82362],[-73.88501,40.82455],[-73.8848,40.82569],[-73.88482,40.82625],[-73.88463,40.82683],[-73.88473,40.82714],[-73.88463,40.82769],[-73.88413,40.82812],[-73.88395,40.82814],[-73.88386,40.8284],[-73.884,40.82839],[-73.88371,40.82926],[-73.88393,40.82975],[-73.8844,40.83003],[-73.88436,40.83028],[-73.88359,40.8325],[-73.88319,40.83256],[-73.8829,40.83244],[-73.88263,40.83251],[-73.88163,40.83354],[-73.88148,40.83387],[-73.88141,40.83483],[-73.8813,40.83535],[-73.88092,40.83628],[-73.8802,40.83746],[-73.87908,40.83853],[-73.87897,40.83876],[-73.87881,40.83964],[-73.87874,40.83964],[-73.87881,40.83965],[-73.87834,40.84011],[-73.87849,40.83989]]]},"properties":{"waterbodyId":8,"name":"Bronx River, Lower"}},{"type":"Feature","geometry":{"type":"Polygon","coordinates":[[[-73.83736,40.80597],[-73.83759,40.80578],[-73.84755,40.80531],[-73.84747,40.80549],[-73.84748,40.80593],[-73.84767,40.80613],[-73.84817,40.80626],[-73.8483,40.80637],[-73.84837,40.80653],[-73.8483,40.80705],[-73.84847,40.80741],[-73.8489,40.80774],[-73.84945,40.80792],[-73.84988,40.80836],[-73.84998,40.80863],[-73.84996,40.80894],[-73.85005,40.80917],[-73.84996,40.80953],[-73.84974,40.80986],[-73.84975,40.81008],[-73.84954,40.81025],[-73.84943,40.81057],[-73.84918,40.81091],[-73.84921,40.81111],[-73.8494,40.8113],[-73.849,40.81197],[-73.84909,40.8122],[-73.84965,40.81275],[-73.85031,40.81304],[-73.85106,40.81353],[-73.85243,40.81375],[-73.85268,40.81374],[-73.85307,40.81355],[-73.85359,40.81353],[-73.85444,40.81373],[-73.85521,40.81411],[-73.85538,40.81428],[-73.85527,40.81443],[-73.85478,40.81406],[-73.85381,40.81366],[-73.85343,40.81359],[-73.85286,40.8137],[-73.85295,40.81382],[-73.85265,40.81398],[-73.85264,40.81435],[-73.85284,40.81436],[-73.85291,40.81451],[-73.85279,40.81444],[-73.85255,40.81451],[-73.85242,40.81444],[-73.85246,40.81428],[-73.85169,40.81429],[-73.85113,40.81402],[-73.8508,40.81403],[-73.85058,40.81389],[-73.85041,40.81355],[-73.84872,40.8129],[-73.84867,40.8128],[-73.84824,40.8125],[-73.848,40.81204],[-73.84791,40.8117],[-73.84749,40.81106],[-73.84741,40.8108],[-73.84723,40.81061],[-73.84692,40.81053],[-73.84619,40.81068],[-73.84605,40.81085],[-73.84578,40.81161],[-73.84562,40.81173],[-73.84531,40.81176],[-73.84519,40.81188],[-73.84489,40.81279],[-73.84423,40.81394],[-73.84417,40.81436],[-73.84374,40.81532],[-73.84317,40.81607],[-73.84317,40.81627],[-73.84304,40.8164],[-73.84304,40.81661],[-73.8424,40.81749],[-73.84253,40.81756],[-73.84239,40.81751],[-73.84214,40.81797],[-73.84219,40.81836],[-73.84195,40.81877],[-73.8413,40.8189],[-73.84108,40.8191],[-73.84071,40.81919],[-73.84059,40.81935],[-73.84018,40.81958],[-73.84024,40.81967],[-73.83995,40.82003],[-73.83994,40.82022],[-73.84006,40.82039],[-73.83984,40.82098],[-73.8398,40.82169],[-73.8402,40.82268],[-73.84044,40.82307],[-73.84043,40.82336],[-73.84081,40.82414],[-73.84104,40.82434],[-73.84107,40.82457],[-73.84176,40.82577],[-73.84202,40.82654],[-73.84209,40.82653],[-73.84216,40.82685],[-73.84273,40.82809],[-73.84292,40.82905],[-73.84306,40.82938],[-73.84301,40.82944],[-73.84311,40.82979],[-73.84305,40.82978],[-73.84302,40.82997],[-73.8431,40.82996],[-73.84306,40.83012],[-73.84295,40.83013],[-73.84271,40.83085],[-73.84222,40.83155],[-73.84182,40.83173],[-73.84007,40.83314],[-73.83959,40.83396],[-73.83952,40.83435],[-73.8396,40.8345],[-73.83964,40.83524],[-73.83984,40.83594],[-73.83983,40.83688],[-73.83995,40.83754],[-73.83995,40.83829],[-73.8401,40.8386],[-73.84008,40.83884],[-73.84014,40.83906],[-73.84026,40.83918],[-73.8403,40.83953],[-73.83971,40.83958],[-73.8396,40.83883],[-73.83943,40.83874],[-73.83932,40.83845],[-73.83928,40.83674],[-73.83891,40.83414],[-73.839,40.83364],[-73.83911,40.83332],[-73.8393,40.83309],[-73.84058,40.83204],[-73.84173,40.83096],[-73.84202,40.83056],[-73.84225,40.82996],[-73.84233,40.82946],[-73.84246,40.82934],[-73.84237,40.8293],[-73.84212,40.82804],[-73.84176,40.82757],[-73.84129,40.82672],[-73.84115,40.8261],[-73.84093,40.82567],[-73.84077,40.82553],[-73.84053,40.82489],[-73.84036,40.82461],[-73.84013,40.82444],[-73.84008,40.82417],[-73.83947,40.8233],[-73.83947,40.82318],[-73.83962,40.82296],[-73.83922,40.82276],[-73.83912,40.82257],[-73.83914,40.82228],[-73.83891,40.8221],[-73.83902,40.82193],[-73.83897,40.8212],[-73.83907,40.81988],[-73.83884,40.81978],[-73.83875,40.8196],[-73.83897,40.81927],[-73.83905,40.81899],[-73.83926,40.81888],[-73.83974,40.81824],[-73.83999,40.81806],[-73.84006,40.81786],[-73.84004,40.81746],[-73.84019,40.8172],[-73.84008,40.81703],[-73.84004,40.81669],[-73.83976,40.81652],[-73.83974,40.81618],[-73.8396,40.816],[-73.83973,40.8156],[-73.83972,40.81485],[-73.83961,40.81446],[-73.83971,40.81426],[-73.83973,40.81398],[-73.84047,40.81313],[-73.84053,40.81293],[-73.84048,40.81227],[-73.84071,40.8116],[-73.84037,40.81124],[-73.84002,40.81061],[-73.83935,40.80976],[-73.83925,40.80943],[-73.83895,40.80907],[-73.83861,40.80842],[-73.83822,40.80795],[-73.83801,40.8069],[-73.83736,40.80597]]]},"properties":{"waterbodyId":9,"name":"Westchester Creek"}},{"type":"Feature","geometry":{"type":"Polygon","coordinates":[[[-73.84433,40.76547],[-73.84301,40.764],[-73.84307,40.7636],[-73.84412,40.76314],[-73.84475,40.76276],[-73.84671,40.76135],[-73.84859,40.76019],[-73.84869,40.76015],[-73.84894,40.76029],[-73.84918,40.76031],[-73.84981,40.75978],[-73.85055,40.75948],[-73.85138,40.75944],[-73.85159,40.75936],[-73.85259,40.75991],[-73.8536,40.76022],[-73.85414,40.76028],[-73.85467,40.76018],[-73.8553,40.76066],[-73.85748,40.76132],[-73.85884,40.76207],[-73.85899,40.76218],[-73.85892,40.76241],[-73.85908,40.76253],[-73.85939,40.76251],[-73.85975,40.76289],[-73.86124,40.76497],[-73.86217,40.76606],[-73.86216,40.7662],[-73.86272,40.76668],[-73.86269,40.76688],[-73.86244,40.7669],[-73.86227,40.76681],[-73.86213,40.76692],[-73.86131,40.76695],[-73.8611,40.76728],[-73.86103,40.76726],[-73.86099,40.76702],[-73.86086,40.76694],[-73.8607,40.76702],[-73.86017,40.76695],[-73.85938,40.76708],[-73.85877,40.76736],[-73.85805,40.7681],[-73.85768,40.76828],[-73.85705,40.76915],[-73.85608,40.7687],[-73.85527,40.7682],[-73.85429,40.76783],[-73.85314,40.76721],[-73.85283,40.76688],[-73.85178,40.76516],[-73.85159,40.76498],[-73.85144,40.76496],[-73.85128,40.76508],[-73.85136,40.76545],[-73.85233,40.76682],[-73.85245,40.76715],[-73.85283,40.76752],[-73.85514,40.76873],[-73.85669,40.76939],[-73.85806,40.77021],[-73.85778,40.77045],[-73.85797,40.77064],[-73.85779,40.77078],[-73.85698,40.77038],[-73.85665,40.77029],[-73.85644,40.77034],[-73.85504,40.77202],[-73.85511,40.77224],[-73.8569,40.77307],[-73.85776,40.77338],[-73.85893,40.77396],[-73.85896,40.77413],[-73.85922,40.77411],[-73.86476,40.77676],[-73.86616,40.7776],[-73.86839,40.77858],[-73.87022,40.77957],[-73.87192,40.78038],[-73.87256,40.78083],[-73.8715,40.7821],[-73.87048,40.78231],[-73.86943,40.7836],[-73.8698,40.78511],[-73.86969,40.78523],[-73.85931,40.78572],[-73.85903,40.78591],[-73.85901,40.78581],[-73.85914,40.78571],[-73.85894,40.78558],[-73.85899,40.7855],[-73.85909,40.78554],[-73.859,40.7852],[-73.85853,40.78523],[-73.85798,40.78469],[-73.85794,40.78451],[-73.85785,40.78452],[-73.85788,40.7843],[-73.8581,40.78423],[-73.85817,40.78406],[-73.85808,40.78373],[-73.85771,40.78365],[-73.85734,40.78338],[-73.85685,40.78339],[-73.85671,40.78316],[-73.85644,40.78317],[-73.85645,40.78333],[-73.85627,40.7834],[-73.85597,40.78334],[-73.85593,40.78321],[-73.85573,40.78314],[-73.85545,40.78315],[-73.85539,40.78211],[-73.8553,40.78199],[-73.85486,40.78195],[-73.85332,40.78204],[-73.85321,40.78208],[-73.85315,40.78233],[-73.85123,40.78241],[-73.85052,40.78236],[-73.85028,40.78247],[-73.84926,40.78228],[-73.84925,40.78216],[-73.84955,40.78185],[-73.8495,40.78176],[-73.84919,40.78165],[-73.84986,40.78158],[-73.84989,40.7811],[-73.84982,40.78065],[-73.84962,40.78055],[-73.84959,40.78023],[-73.84949,40.7801],[-73.84956,40.77989],[-73.84985,40.77975],[-73.84981,40.77952],[-73.84961,40.77947],[-73.84957,40.7793],[-73.84958,40.7792],[-73.84979,40.77911],[-73.8498,40.77876],[-73.84946,40.77866],[-73.84954,40.77845],[-73.84948,40.7783],[-73.84936,40.77817],[-73.84905,40.77811],[-73.84896,40.778],[-73.84914,40.77591],[-73.8489,40.77545],[-73.84908,40.77509],[-73.84916,40.77448],[-73.84896,40.77375],[-73.84919,40.77311],[-73.84996,40.77201],[-73.8495,40.77134],[-73.84891,40.77099],[-73.84867,40.77077],[-73.84859,40.77055],[-73.84872,40.77028],[-73.84901,40.77009],[-73.84907,40.7702],[-73.84977,40.76995],[-73.8497,40.76994],[-73.84964,40.76968],[-73.8495,40.76959],[-73.84953,40.76952],[-73.84879,40.76973],[-73.84879,40.76955],[-73.84903,40.76936],[-73.84898,40.76896],[-73.84876,40.76868],[-73.8483,40.76841],[-73.84857,40.7681],[-73.84832,40.76778],[-73.84786,40.76686],[-73.84738,40.76643],[-73.84699,40.76626],[-73.84635,40.76626],[-73.84528,40.76567],[-73.84491,40.76554],[-73.84433,40.76547]]]},"properties":{"waterbodyId":10,"name":"Flushing Bay"}},{"type":"Feature","geometry":{"type":"Polygon","coordinates":[[[-73.75636,40.76652],[-73.75698,40.76683],[-73.75734,40.76684],[-73.75752,40.76696],[-73.75789,40.76695],[-73.75862,40.76727],[-73.75886,40.76751],[-73.75895,40.76788],[-73.75892,40.76815],[-73.75907,40.76846],[-73.75968,40.76879],[-73.76047,40.7695],[-73.76055,40.76973],[-73.76126,40.7704],[-73.76429,40.77294],[-73.76565,40.77447],[-73.76601,40.77507],[-73.76631,40.77581],[-73.7671,40.77687],[-73.76761,40.77797],[-73.76765,40.77843],[-73.76822,40.77949],[-73.76817,40.77965],[-73.76833,40.77964],[-73.76856,40.77984],[-73.76972,40.78121],[-73.77217,40.78361],[-73.77226,40.78377],[-73.77221,40.78397],[-73.77337,40.78512],[-73.77365,40.78566],[-73.77381,40.78568],[-73.77398,40.78583],[-73.77405,40.78602],[-73.77403,40.78626],[-73.77425,40.78665],[-73.77451,40.78672],[-73.7746,40.78691],[-73.77506,40.78723],[-73.77503,40.78733],[-73.77492,40.78738],[-73.77423,40.78707],[-73.77421,40.78697],[-73.77439,40.78685],[-73.77434,40.78678],[-73.77384,40.78682],[-73.77198,40.78738],[-73.77087,40.78797],[-73.77071,40.78817],[-73.77059,40.78846],[-73.77174,40.78969],[-73.77177,40.78987],[-73.77205,40.79008],[-73.77223,40.79038],[-73.77225,40.79124],[-73.77236,40.79155],[-73.77326,40.7923],[-73.77364,40.79277],[-73.77396,40.79357],[-73.77405,40.79405],[-73.77445,40.79459],[-73.77611,40.79611],[-73.77691,40.79652],[-73.77795,40.79678],[-73.77841,40.7968],[-73.77884,40.79664],[-73.7792,40.79668],[-73.76566,40.81243],[-73.76581,40.8113],[-73.76565,40.81129],[-73.76548,40.81264],[-73.76497,40.81323],[-73.76449,40.81304],[-73.76463,40.81185],[-73.76415,40.81174],[-73.76416,40.81157],[-73.76428,40.81157],[-73.76437,40.81103],[-73.76479,40.81097],[-73.7651,40.81118],[-73.76537,40.81112],[-73.7649,40.81078],[-73.76409,40.81091],[-73.76403,40.81053],[-73.76382,40.81055],[-73.76357,40.81006],[-73.76351,40.80984],[-73.76417,40.80974],[-73.76414,40.80967],[-73.76344,40.80972],[-73.76333,40.80938],[-73.76339,40.8088],[-73.76371,40.80809],[-73.76383,40.80755],[-73.76378,40.80723],[-73.76358,40.80697],[-73.76262,40.80617],[-73.76115,40.80583],[-73.76022,40.80523],[-73.75968,40.80399],[-73.7588,40.80286],[-73.7584,40.80245],[-73.75807,40.8023],[-73.75716,40.80241],[-73.75669,40.80225],[-73.75647,40.80236],[-73.75624,40.80237],[-73.75547,40.80205],[-73.75441,40.80121],[-73.75365,40.80072],[-73.75344,40.80029],[-73.75338,40.79977],[-73.75292,40.79969],[-73.75282,40.79945],[-73.75239,40.79931],[-73.75224,40.79909],[-73.75194,40.79894],[-73.75183,40.79873],[-73.75189,40.79797],[-73.75197,40.79781],[-73.75218,40.79772],[-73.75257,40.79787],[-73.75358,40.79793],[-73.75387,40.79751],[-73.75414,40.79548],[-73.75398,40.79469],[-73.75374,40.79435],[-73.75349,40.79425],[-73.75327,40.79389],[-73.7532,40.79316],[-73.75331,40.79274],[-73.75301,40.79209],[-73.75298,40.79165],[-73.75305,40.79142],[-73.75331,40.79112],[-73.75347,40.79063],[-73.75291,40.7897],[-73.75285,40.78921],[-73.75294,40.78796],[-73.75286,40.78753],[-73.75249,40.78699],[-73.7525,40.78685],[-73.75228,40.78681],[-73.75185,40.78651],[-73.75115,40.78625],[-73.74977,40.78498],[-73.74948,40.78485],[-73.74901,40.78442],[-73.7488,40.78447],[-73.74873,40.78442],[-73.74882,40.78426],[-73.74824,40.78378],[-73.74741,40.78422],[-73.74699,40.78405],[-73.74634,40.78359],[-73.74608,40.78327],[-73.74609,40.78256],[-73.74575,40.78185],[-73.74594,40.78069],[-73.74627,40.7804],[-73.74688,40.78024],[-73.74686,40.78003],[-73.74702,40.7801],[-73.74719,40.78006],[-73.74711,40.77973],[-73.74689,40.77973],[-73.74654,40.77939],[-73.74637,40.77952],[-73.74597,40.77959],[-73.74511,40.77937],[-73.74493,40.77926],[-73.74517,40.77917],[-73.74473,40.7785],[-73.74456,40.77862],[-73.74456,40.77879],[-73.74448,40.77881],[-73.74434,40.77867],[-73.74408,40.77874],[-73.74388,40.77862],[-73.74439,40.77842],[-73.74405,40.77831],[-73.74441,40.7781],[-73.74446,40.77769],[-73.74433,40.77763],[-73.74439,40.77741],[-73.74472,40.7775],[-73.74469,40.7777],[-73.7451,40.77743],[-73.74511,40.77714],[-73.74522,40.7774],[-73.74517,40.77753],[-73.74488,40.77766],[-73.74459,40.77792],[-73.74496,40.77829],[-73.74507,40.77831],[-73.74514,40.77873],[-73.74536,40.77899],[-73.74552,40.77904],[-73.74564,40.77895],[-73.74615,40.7789],[-73.74596,40.77873],[-73.7461,40.77852],[-73.74574,40.77821],[-73.74533,40.77732],[-73.74551,40.77733],[-73.74552,40.77748],[-73.74595,40.77819],[-73.7464,40.77843],[-73.74683,40.77885],[-73.74686,40.77897],[-73.74704,40.77904],[-73.74716,40.77891],[-73.74736,40.7791],[-73.7476,40.77909],[-73.74737,40.77924],[-73.74736,40.77934],[-73.74775,40.77987],[-73.74774,40.77995],[-73.74793,40.77989],[-73.74806,40.77994],[-73.74801,40.78004],[-73.74816,40.78026],[-73.74805,40.78044],[-73.74826,40.78075],[-73.74893,40.78094],[-73.74915,40.7811],[-73.74957,40.78179],[-73.75006,40.78212],[-73.75033,40.78247],[-73.75063,40.78264],[-73.751,40.78262],[-73.75191,40.78231],[-73.7522,40.78211],[-73.753,40.7813],[-73.75305,40.78078],[-73.75401,40.77965],[-73.75413,40.77939],[-73.75411,40.77902],[-73.75439,40.77805],[-73.75481,40.77804],[-73.75448,40.77789],[-73.75482,40.77764],[-73.7547,40.77754],[-73.75483,40.77705],[-73.75491,40.77702],[-73.75483,40.77688],[-73.75507,40.7765],[-73.75418,40.77531],[-73.75331,40.77299],[-73.75352,40.77269],[-73.75437,40.77202],[-73.75478,40.7718],[-73.75553,40.77156],[-73.75521,40.77067],[-73.7547,40.76972],[-73.75472,40.7688],[-73.7544,40.76875],[-73.75473,40.7686],[-73.75486,40.76841],[-73.75488,40.7681],[-73.75501,40.76792],[-73.755,40.76744],[-73.75484,40.76713],[-73.75508,40.76731],[-73.75602,40.76665],[-73.75621,40.76667],[-73.75636,40.76652]],[[-73.75522,40.80105],[-73.75518,40.80114],[-73.75533,40.80112],[-73.75522,40.80105]],[[-73.75638,40.80152],[-73.75628,40.80157],[-73.75633,40.80164],[-73.75645,40.80156],[-73.75638,40.80152]],[[-73.75735,40.80178],[-73.75726,40.80179],[-73.75727,40.80189],[-73.75738,40.80188],[-73.75735,40.80178]],[[-73.76196,40.80531],[-73.76189,40.80534],[-73.76193,40.80542],[-73.76201,40.80538],[-73.76196,40.80531]],[[-73.75023,40.78248],[-73.75026,40.78257],[-73.75043,40.78265],[-73.75023,40.78248]]]},"properties":{"waterbodyId":11,"name":"Little Neck Bay"}},{"type":"Feature","geometry":{"type":"Polygon","coordinates":[[[-73.75446,40.76665],[-73.75327,40.76519],[-73.75224,40.76572],[-73.75315,40.76505],[-73.75305,40.76483],[-73.75274,40.76459],[-73.75251,40.76454],[-73.7517,40.76366],[-73.75156,40.76308],[-73.75133,40.76264],[-73.75064,40.76207],[-73.75057,40.76192],[-73.75004,40.76158],[-73.74918,40.76139],[-73.74933,40.76156],[-73.74938,40.76179],[-73.74936,40.76185],[-73.74914,40.76187],[-73.74858,40.7617],[-73.74838,40.76157],[-73.74823,40.76133],[-73.74825,40.76085],[-73.74816,40.76073],[-73.7475,40.75998],[-73.74709,40.75969],[-73.74656,40.75946],[-73.74616,40.75903],[-73.74606,40.75877],[-73.74627,40.75844],[-73.74631,40.75806],[-73.74605,40.75782],[-73.74576,40.75792],[-73.74487,40.75721],[-73.74458,40.75693],[-73.74456,40.75657],[-73.74469,40.75661],[-73.74464,40.7569],[-73.74578,40.75786],[-73.7461,40.75769],[-73.74626,40.75778],[-73.74624,40.75793],[-73.74637,40.75804],[-73.74643,40.75822],[-73.74642,40.75848],[-73.7463,40.75858],[-73.74629,40.75907],[-73.74656,40.75935],[-73.74754,40.75987],[-73.74851,40.76088],[-73.7489,40.76109],[-73.75002,40.76137],[-73.75073,40.76175],[-73.7509,40.76167],[-73.75108,40.76177],[-73.75105,40.76191],[-73.7515,40.76237],[-73.75218,40.76382],[-73.75269,40.76413],[-73.75264,40.7642],[-73.75299,40.76437],[-73.75372,40.76505],[-73.7547,40.76483],[-73.75391,40.76513],[-73.75376,40.76525],[-73.75378,40.76533],[-73.75407,40.76533],[-73.75494,40.7661],[-73.75538,40.76634],[-73.75599,40.76647],[-73.75644,40.76631],[-73.75623,40.76603],[-73.75636,40.76557],[-73.75633,40.76602],[-73.75654,40.76632],[-73.75624,40.76666],[-73.75602,40.76665],[-73.75508,40.76731],[-73.75469,40.76701],[-73.75446,40.76665]]]},"properties":{"waterbodyId":12,"name":"Alley Creek"}},{"type":"Feature","geometry":{"type":"Polygon","coordinates":[[[-73.81353,40.82401],[-73.81388,40.82409],[-73.81405,40.82441],[-73.81324,40.82482],[-73.81307,40.82503],[-73.81317,40.82512],[-73.81377,40.82529],[-73.81385,40.8254],[-73.81379,40.8256],[-73.81404,40.82593],[-73.81399,40.82608],[-73.8137,40.82635],[-73.81371,40.82652],[-73.81389,40.82666],[-73.81387,40.8268],[-73.81266,40.82756],[-73.81272,40.82774],[-73.81262,40.82784],[-73.81171,40.82802],[-73.8106,40.82802],[-73.81032,40.82801],[-73.8101,40.82783],[-73.81,40.82787],[-73.80993,40.8282],[-73.81033,40.82829],[-73.81137,40.82833],[-73.81276,40.82826],[-73.81288,40.82841],[-73.8128,40.82856],[-73.81284,40.82866],[-73.81309,40.82868],[-73.81316,40.82873],[-73.81305,40.82881],[-73.81319,40.8288],[-73.81292,40.82897],[-73.81318,40.82894],[-73.81342,40.82906],[-73.8135,40.82923],[-73.81336,40.82939],[-73.8136,40.82938],[-73.81367,40.8295],[-73.81356,40.82963],[-73.81378,40.82962],[-73.81386,40.82972],[-73.81371,40.82995],[-73.81419,40.83025],[-73.81432,40.83038],[-73.81429,40.83051],[-73.81442,40.83051],[-73.81475,40.83081],[-73.81488,40.83103],[-73.81498,40.83142],[-73.81511,40.83161],[-73.81503,40.83169],[-73.8153,40.83189],[-73.81535,40.83206],[-73.81534,40.83217],[-73.81523,40.83222],[-73.81547,40.83226],[-73.81563,40.83279],[-73.81574,40.83292],[-73.81582,40.83324],[-73.81579,40.83342],[-73.8157,40.83347],[-73.81582,40.8335],[-73.81594,40.83368],[-73.81603,40.83409],[-73.81601,40.83439],[-73.81564,40.8345],[-73.81605,40.83453],[-73.81608,40.83471],[-73.81601,40.83496],[-73.8161,40.83511],[-73.81609,40.83534],[-73.81556,40.83552],[-73.81602,40.83551],[-73.81608,40.83573],[-73.81601,40.83581],[-73.81549,40.83597],[-73.81587,40.83593],[-73.81612,40.83625],[-73.81615,40.83658],[-73.81637,40.83683],[-73.81648,40.83772],[-73.81628,40.83793],[-73.81634,40.83805],[-73.81629,40.8382],[-73.81599,40.83857],[-73.81479,40.83908],[-73.8147,40.83976],[-73.81479,40.83978],[-73.81497,40.84007],[-73.81509,40.84068],[-73.81525,40.84104],[-73.81522,40.84124],[-73.81532,40.84148],[-73.81558,40.84179],[-73.81555,40.84213],[-73.81538,40.8424],[-73.81568,40.8425],[-73.8159,40.84286],[-73.81617,40.84303],[-73.81663,40.84396],[-73.8172,40.84393],[-73.81745,40.8442],[-73.81763,40.84427],[-73.8179,40.84427],[-73.81818,40.84412],[-73.81827,40.84436],[-73.81748,40.84437],[-73.81708,40.84426],[-73.81703,40.84408],[-73.81657,40.84407],[-73.81629,40.84392],[-73.81596,40.84408],[-73.8159,40.8443],[-73.81603,40.8444],[-73.81567,40.84438],[-73.81559,40.84417],[-73.81581,40.84399],[-73.81545,40.84389],[-73.81516,40.84352],[-73.81464,40.84333],[-73.81438,40.8431],[-73.81433,40.8433],[-73.81412,40.84348],[-73.8135,40.84361],[-73.81329,40.84378],[-73.81332,40.84421],[-73.81346,40.84446],[-73.81394,40.84454],[-73.81416,40.84468],[-73.8142,40.84479],[-73.81376,40.84493],[-73.81364,40.84505],[-73.81303,40.84493],[-73.81263,40.84497],[-73.81272,40.84509],[-73.81376,40.84533],[-73.81404,40.8456],[-73.81399,40.8457],[-73.81315,40.84618],[-73.81318,40.84623],[-73.81392,40.84587],[-73.81421,40.84602],[-73.81503,40.84551],[-73.81509,40.8456],[-73.81461,40.84592],[-73.81466,40.84598],[-73.81443,40.84619],[-73.81447,40.84624],[-73.81467,40.84621],[-73.81503,40.84655],[-73.81566,40.8463],[-73.81609,40.84645],[-73.81618,40.84692],[-73.81609,40.84753],[-73.81592,40.84768],[-73.81561,40.84768],[-73.81587,40.84779],[-73.8159,40.84804],[-73.81577,40.84818],[-73.8156,40.84822],[-73.8153,40.84863],[-73.81531,40.84889],[-73.81508,40.8492],[-73.81518,40.8493],[-73.81534,40.84923],[-73.8155,40.84929],[-73.81624,40.85023],[-73.81612,40.8504],[-73.81596,40.8504],[-73.81602,40.85059],[-73.8157,40.85083],[-73.81603,40.85079],[-73.8162,40.85092],[-73.81636,40.85084],[-73.81691,40.85098],[-73.81712,40.8514],[-73.81707,40.85158],[-73.81692,40.85169],[-73.81708,40.85168],[-73.8172,40.8518],[-73.81686,40.85352],[-73.8164,40.8541],[-73.81231,40.85417],[-73.81272,40.85886],[-73.81377,40.86052],[-73.81484,40.8609],[-73.81482,40.86114],[-73.81523,40.86114],[-73.81548,40.86096],[-73.81567,40.86114],[-73.81591,40.86102],[-73.81652,40.86123],[-73.81682,40.86123],[-73.81691,40.86118],[-73.81695,40.86095],[-73.81708,40.86088],[-73.81762,40.8609],[-73.81803,40.86105],[-73.81844,40.86097],[-73.81858,40.86084],[-73.81874,40.86019],[-73.81857,40.85991],[-73.81862,40.85951],[-73.81936,40.85934],[-73.82007,40.85942],[-73.8201,40.85933],[-73.8203,40.85936],[-73.8202,40.8592],[-73.82047,40.85906],[-73.82196,40.85924],[-73.822,40.85937],[-73.82221,40.85935],[-73.82219,40.85946],[-73.82195,40.85941],[-73.82158,40.85958],[-73.82177,40.85981],[-73.8224,40.85975],[-73.82211,40.86],[-73.82193,40.85995],[-73.82195,40.86015],[-73.82227,40.8602],[-73.82229,40.86011],[-73.82252,40.86005],[-73.8228,40.86011],[-73.82238,40.86037],[-73.82211,40.86037],[-73.82183,40.86063],[-73.82142,40.86078],[-73.82136,40.86072],[-73.8216,40.86052],[-73.82169,40.8602],[-73.82135,40.85956],[-73.82145,40.85934],[-73.8209,40.85932],[-73.82105,40.85963],[-73.82093,40.8598],[-73.821,40.86002],[-73.82056,40.85974],[-73.81993,40.85987],[-73.82015,40.85998],[-73.82047,40.86035],[-73.82046,40.86053],[-73.82024,40.86076],[-73.82045,40.86104],[-73.8198,40.86135],[-73.81943,40.86144],[-73.81937,40.86173],[-73.81877,40.86221],[-73.81874,40.86246],[-73.8167,40.86408],[-73.81676,40.86423],[-73.81643,40.86427],[-73.81578,40.86491],[-73.81518,40.86564],[-73.81504,40.86531],[-73.8152,40.8645],[-73.8149,40.86377],[-73.81526,40.86329],[-73.81505,40.86298],[-73.81517,40.8627],[-73.81509,40.86264],[-73.81519,40.86228],[-73.81498,40.86222],[-73.81474,40.86243],[-73.81382,40.86385],[-73.81347,40.86333],[-73.81343,40.86304],[-73.81281,40.86299],[-73.81245,40.86272],[-73.81244,40.86261],[-73.8111,40.86236],[-73.81086,40.86205],[-73.8106,40.86194],[-73.80997,40.86097],[-73.80854,40.85961],[-73.80819,40.85905],[-73.80808,40.85873],[-73.80782,40.85841],[-73.80751,40.85847],[-73.80741,40.85879],[-73.80763,40.85917],[-73.80751,40.85936],[-73.80752,40.85958],[-73.80789,40.85937],[-73.80793,40.85952],[-73.80742,40.85996],[-73.80712,40.85982],[-73.80688,40.85983],[-73.8067,40.85956],[-73.80648,40.85946],[-73.80626,40.85973],[-73.80568,40.85986],[-73.80568,40.86038],[-73.80574,40.8605],[-73.80585,40.86048],[-73.80598,40.86081],[-73.806,40.86125],[-73.80563,40.86182],[-73.80552,40.86182],[-73.80542,40.86166],[-73.80523,40.86176],[-73.80498,40.86169],[-73.80503,40.86155],[-73.80491,40.86151],[-73.8048,40.8612],[-73.80467,40.86112],[-73.80466,40.85981],[-73.80449,40.85923],[-73.8043,40.85904],[-73.80426,40.85885],[-73.80441,40.85855],[-73.80432,40.85847],[-73.80428,40.85776],[-73.80417,40.85769],[-73.80419,40.85747],[-73.80402,40.8568],[-73.80403,40.85652],[-73.80425,40.85647],[-73.80399,40.85648],[-73.80388,40.85641],[-73.80364,40.85589],[-73.80362,40.85565],[-73.80368,40.85549],[-73.80396,40.85528],[-73.80441,40.85522],[-73.80471,40.85506],[-73.80478,40.85488],[-73.80475,40.85439],[-73.80442,40.85382],[-73.80432,40.85341],[-73.80376,40.85268],[-73.8033,40.85226],[-73.80285,40.85158],[-73.80246,40.8514],[-73.80218,40.85108],[-73.80156,40.84988],[-73.80157,40.84934],[-73.80143,40.84901],[-73.80072,40.84818],[-73.80049,40.8481],[-73.80049,40.84778],[-73.80044,40.84776],[-73.80808,40.82584],[-73.80823,40.82584],[-73.80838,40.82594],[-73.80844,40.82584],[-73.80881,40.82581],[-73.80912,40.82595],[-73.80931,40.82559],[-73.8095,40.82561],[-73.80951,40.82552],[-73.80996,40.82517],[-73.8103,40.82519],[-73.81041,40.825],[-73.8107,40.82505],[-73.81086,40.82517],[-73.81096,40.82508],[-73.81103,40.82472],[-73.81122,40.82481],[-73.81121,40.8246],[-73.81145,40.82455],[-73.81169,40.82469],[-73.81166,40.82446],[-73.81176,40.82435],[-73.81223,40.82438],[-73.81277,40.82478],[-73.81282,40.82431],[-73.8132,40.82424],[-73.81328,40.82405],[-73.81353,40.82401]],[[-73.81335,40.86063],[-73.81326,40.86068],[-73.81339,40.86068],[-73.81335,40.86063]],[[-73.81297,40.86067],[-73.81286,40.86091],[-73.81305,40.861],[-73.81311,40.86091],[-73.81297,40.86067]],[[-73.81445,40.86227],[-73.81433,40.8623],[-73.81435,40.86235],[-73.81455,40.86236],[-73.81445,40.86227]]]},"properties":{"waterbodyId":13,"name":"Eastchester Bay"}},{"type":"Feature","geometry":{"type":"Polygon","coordinates":[[[-73.87932,40.65463],[-73.87868,40.65401],[-73.87846,40.65362],[-73.87821,40.65344],[-73.87805,40.65307],[-73.8775,40.65239],[-73.87705,40.65163],[-73.87619,40.65048],[-73.87543,40.64966],[-73.87545,40.64955],[-73.87526,40.64924],[-73.87514,40.64921],[-73.87514,40.6491],[-73.87368,40.64726],[-73.87369,40.6471],[-73.87316,40.64634],[-73.87289,40.64616],[-73.87292,40.64603],[-73.87281,40.64599],[-73.87253,40.64554],[-73.87205,40.64545],[-73.87191,40.64602],[-73.87213,40.64646],[-73.87206,40.64672],[-73.87144,40.64718],[-73.87139,40.64743],[-73.87144,40.64765],[-73.87135,40.64784],[-73.87095,40.64815],[-73.87043,40.64885],[-73.87008,40.64904],[-73.87044,40.64867],[-73.87074,40.64821],[-73.87128,40.64783],[-73.87138,40.64762],[-73.87134,40.64743],[-73.8714,40.64714],[-73.87202,40.6467],[-73.87207,40.64646],[-73.87187,40.64602],[-73.87199,40.64546],[-73.87139,40.64538],[-73.87095,40.64512],[-73.87042,40.64467],[-73.87,40.64403],[-73.8699,40.64318],[-73.86954,40.64266],[-73.86946,40.64243],[-73.86929,40.64234],[-73.86932,40.64208],[-73.8689,40.64162],[-73.86873,40.64125],[-73.86869,40.64094],[-73.86845,40.64033],[-73.86827,40.64008],[-73.86827,40.63985],[-73.86735,40.63978],[-73.86964,40.63857],[-73.8697,40.63865],[-73.86976,40.63879],[-73.86969,40.6393],[-73.8698,40.6397],[-73.87003,40.64008],[-73.87076,40.64049],[-73.87091,40.64101],[-73.87183,40.64222],[-73.87225,40.64216],[-73.87194,40.64233],[-73.87201,40.64253],[-73.87219,40.64263],[-73.8723,40.64282],[-73.87275,40.64321],[-73.87298,40.64388],[-73.87313,40.64395],[-73.87332,40.64389],[-73.8732,40.64411],[-73.87333,40.64512],[-73.87319,40.64545],[-73.8739,40.64654],[-73.87448,40.64712],[-73.87563,40.64885],[-73.87651,40.64999],[-73.87672,40.65032],[-73.87677,40.65058],[-73.8791,40.65372],[-73.87926,40.65378],[-73.87972,40.65439],[-73.87932,40.65463]]]},"properties":{"waterbodyId":14,"name":"Hendrix Creek"}},{"type":"Feature","geometry":{"type":"Polygon","coordinates":[[[-73.87805,40.63485],[-73.87767,40.63527],[-73.87736,40.63547],[-73.87708,40.63592],[-73.87749,40.63659],[-73.87846,40.63748],[-73.87864,40.63754],[-73.87845,40.63795],[-73.87855,40.63822],[-73.87889,40.63848],[-73.87902,40.63847],[-73.87909,40.63829],[-73.87936,40.63819],[-73.8796,40.6383],[-73.88053,40.63914],[-73.88071,40.63956],[-73.88064,40.63964],[-73.88076,40.63961],[-73.88078,40.63977],[-73.88176,40.64073],[-73.88396,40.64266],[-73.88435,40.64297],[-73.8844,40.64294],[-73.88496,40.64327],[-73.88607,40.6437],[-73.88655,40.64432],[-73.88679,40.64453],[-73.88679,40.64445],[-73.88691,40.64448],[-73.88709,40.64493],[-73.88735,40.64523],[-73.88774,40.64505],[-73.88797,40.64504],[-73.88809,40.64517],[-73.88792,40.64508],[-73.88741,40.64534],[-73.888,40.64604],[-73.88829,40.64605],[-73.88805,40.64623],[-73.88808,40.64663],[-73.8885,40.64667],[-73.88864,40.64679],[-73.88864,40.64692],[-73.88849,40.64697],[-73.88844,40.64689],[-73.88853,40.64687],[-73.8885,40.64677],[-73.88835,40.64672],[-73.88819,40.64678],[-73.8882,40.64715],[-73.88852,40.64737],[-73.88865,40.64723],[-73.88861,40.6471],[-73.88891,40.64724],[-73.88942,40.64695],[-73.8888,40.64606],[-73.88948,40.64692],[-73.88935,40.64704],[-73.88945,40.64718],[-73.89108,40.6488],[-73.89121,40.64913],[-73.89104,40.64933],[-73.89086,40.64938],[-73.89052,40.64922],[-73.89029,40.64938],[-73.89007,40.64933],[-73.88954,40.64889],[-73.88925,40.64875],[-73.88919,40.64862],[-73.88881,40.64835],[-73.88864,40.64803],[-73.88768,40.64782],[-73.88768,40.64749],[-73.88754,40.64742],[-73.88775,40.64714],[-73.88769,40.64647],[-73.88744,40.64605],[-73.88745,40.64593],[-73.88668,40.64505],[-73.88606,40.64455],[-73.88567,40.64405],[-73.88463,40.64399],[-73.88405,40.64435],[-73.88378,40.64432],[-73.88343,40.64448],[-73.8833,40.64445],[-73.883,40.64418],[-73.88217,40.64378],[-73.88224,40.64346],[-73.88175,40.64291],[-73.88153,40.64246],[-73.88057,40.64208],[-73.88028,40.64213],[-73.88007,40.64201],[-73.88003,40.64173],[-73.88029,40.64141],[-73.88059,40.64146],[-73.88074,40.64157],[-73.88048,40.64113],[-73.88049,40.64099],[-73.88029,40.641],[-73.88017,40.64091],[-73.88017,40.64075],[-73.87992,40.64057],[-73.87987,40.64035],[-73.8793,40.64013],[-73.87908,40.63975],[-73.87868,40.63937],[-73.8787,40.63922],[-73.87861,40.63904],[-73.87823,40.6388],[-73.87806,40.63885],[-73.87735,40.63877],[-73.87647,40.63821],[-73.87562,40.63748],[-73.87548,40.63728],[-73.87444,40.63667],[-73.87413,40.63637],[-73.87356,40.63618],[-73.87787,40.635],[-73.87805,40.63485]],[[-73.88209,40.6429],[-73.88198,40.64301],[-73.88225,40.64323],[-73.88225,40.64335],[-73.883,40.64396],[-73.88318,40.64402],[-73.88384,40.644],[-73.88404,40.64381],[-73.88478,40.64363],[-73.88406,40.64339],[-73.88391,40.64356],[-73.88351,40.64365],[-73.88289,40.64353],[-73.88238,40.64303],[-73.88209,40.6429]]]},"properties":{"waterbodyId":15,"name":"Fresh Creek"}},{"type":"Feature","geometry":{"type":"Polygon","coordinates":[[[-73.91603,40.63202],[-73.91449,40.63097],[-73.91219,40.62999],[-73.91196,40.62998],[-73.91176,40.62981],[-73.9116,40.62979],[-73.91124,40.62956],[-73.91093,40.62954],[-73.9107,40.62937],[-73.91053,40.62939],[-73.91019,40.62912],[-73.90937,40.62871],[-73.9088,40.62858],[-73.90571,40.62706],[-73.90393,40.62629],[-73.90356,40.6262],[-73.8969,40.6232],[-73.89652,40.62287],[-73.89622,40.62284],[-73.89598,40.62272],[-73.89601,40.6226],[-73.89594,40.62256],[-73.89553,40.62256],[-73.89488,40.6229],[-73.89362,40.62339],[-73.89329,40.62344],[-73.89375,40.62309],[-73.8936,40.62301],[-73.894,40.62282],[-73.89572,40.61953],[-73.89562,40.61981],[-73.89578,40.62003],[-73.89573,40.62025],[-73.89607,40.62051],[-73.89622,40.62084],[-73.89629,40.62074],[-73.8963,40.62108],[-73.89648,40.62144],[-73.89704,40.62169],[-73.89745,40.6217],[-73.89812,40.62186],[-73.89857,40.62179],[-73.89974,40.6218],[-73.90037,40.62156],[-73.90053,40.62165],[-73.90069,40.62163],[-73.90091,40.62199],[-73.90082,40.62215],[-73.90099,40.62255],[-73.90138,40.62279],[-73.90197,40.62292],[-73.90222,40.62319],[-73.90235,40.62348],[-73.90265,40.62343],[-73.90288,40.62355],[-73.90296,40.62382],[-73.90267,40.62422],[-73.90439,40.62505],[-73.90509,40.6253],[-73.9059,40.62579],[-73.90736,40.62626],[-73.90733,40.62636],[-73.90781,40.62647],[-73.90787,40.62662],[-73.90812,40.62675],[-73.91142,40.62826],[-73.91293,40.62886],[-73.91311,40.629],[-73.91385,40.6292],[-73.91406,40.62937],[-73.91536,40.62994],[-73.91558,40.63014],[-73.91558,40.63023],[-73.91574,40.63023],[-73.9171,40.63088],[-73.91732,40.63102],[-73.91751,40.63132],[-73.91742,40.63158],[-73.91707,40.6318],[-73.91685,40.63205],[-73.91671,40.63201],[-73.9163,40.6321],[-73.91603,40.63202]]]},"properties":{"waterbodyId":16,"name":"Paerdegat Basin"}},{"type":"Feature","geometry":{"type":"Polygon","coordinates":[[[-73.90865,40.6173],[-73.9086,40.61725],[-73.90836,40.61735],[-73.90815,40.61717],[-73.90781,40.61738],[-73.90775,40.61732],[-73.90778,40.61722],[-73.90796,40.61706],[-73.9079,40.61699],[-73.90779,40.61691],[-73.9077,40.61696],[-73.90734,40.6166],[-73.90722,40.61654],[-73.90711,40.61661],[-73.90705,40.61654],[-73.90726,40.61639],[-73.90708,40.61622],[-73.90682,40.61637],[-73.90675,40.61631],[-73.90699,40.61615],[-73.90697,40.61607],[-73.90363,40.61311],[-73.90322,40.61265],[-73.90275,40.61239],[-73.9027,40.61225],[-73.90202,40.61177],[-73.90162,40.61187],[-73.90133,40.61173],[-73.90131,40.61144],[-73.90144,40.61133],[-73.90135,40.6111],[-73.90111,40.611],[-73.90103,40.61083],[-73.90045,40.61045],[-73.90044,40.61025],[-73.90016,40.61008],[-73.90025,40.60953],[-73.90048,40.60923],[-73.90044,40.60858],[-73.90057,40.60748],[-73.90088,40.60699],[-73.90052,40.60629],[-73.90033,40.60615],[-73.89983,40.60551],[-73.89938,40.60547],[-73.89916,40.60554],[-73.89874,40.60536],[-73.89834,40.60531],[-73.89811,40.60545],[-73.89673,40.60564],[-73.89591,40.60585],[-73.89486,40.60641],[-73.89427,40.60645],[-73.89335,40.60675],[-73.89311,40.60706],[-73.89273,40.60724],[-73.89254,40.60775],[-73.89248,40.60816],[-73.89229,40.60825],[-73.89217,40.60855],[-73.89232,40.6085],[-73.89242,40.60857],[-73.89222,40.60864],[-73.89237,40.60874],[-73.89227,40.60917],[-73.89179,40.60953],[-73.89174,40.60946],[-73.89179,40.6094],[-73.89198,40.60939],[-73.89187,40.60933],[-73.89195,40.60911],[-73.8903,40.61033],[-73.88979,40.61096],[-73.8897,40.61157],[-73.88879,40.61114],[-73.88878,40.61127],[-73.88428,40.60556],[-73.88421,40.6056],[-73.88413,40.60552],[-73.88458,40.60536],[-73.88463,40.60522],[-73.88484,40.60518],[-73.88576,40.60516],[-73.8871,40.60533],[-73.88765,40.60528],[-73.88873,40.60485],[-73.88881,40.6046],[-73.88877,40.60483],[-73.88895,40.6047],[-73.88898,40.60456],[-73.8908,40.60399],[-73.89111,40.60377],[-73.89117,40.6036],[-73.8922,40.6034],[-73.89264,40.60338],[-73.89327,40.60348],[-73.89387,40.60319],[-73.89468,40.60332],[-73.89512,40.60322],[-73.89511,40.60339],[-73.89514,40.60316],[-73.89531,40.60313],[-73.89625,40.60333],[-73.89659,40.60326],[-73.89739,40.60342],[-73.89752,40.60336],[-73.89786,40.60343],[-73.89785,40.60331],[-73.89829,40.60355],[-73.89867,40.60364],[-73.89915,40.60359],[-73.89979,40.60336],[-73.90006,40.60333],[-73.90026,40.6034],[-73.90051,40.60329],[-73.90099,40.60326],[-73.90127,40.60331],[-73.902,40.60312],[-73.90241,40.60295],[-73.90259,40.60278],[-73.90283,40.60277],[-73.90288,40.60266],[-73.90319,40.60265],[-73.90332,40.60245],[-73.90339,40.60257],[-73.90395,40.60274],[-73.90453,40.60253],[-73.90541,40.60265],[-73.9064,40.60246],[-73.90656,40.60235],[-73.90697,40.60242],[-73.90726,40.60225],[-73.90742,40.60233],[-73.90768,40.6023],[-73.90767,40.60222],[-73.9078,40.60215],[-73.90791,40.60218],[-73.90802,40.60209],[-73.90821,40.60215],[-73.9083,40.60201],[-73.90848,40.60192],[-73.90847,40.60183],[-73.90892,40.60161],[-73.90862,40.6014],[-73.90851,40.60104],[-73.90773,40.59982],[-73.90706,40.60003],[-73.90698,40.60021],[-73.90676,40.6002],[-73.90694,40.59999],[-73.90744,40.59984],[-73.90715,40.59962],[-73.90716,40.59948],[-73.90694,40.59939],[-73.90705,40.5993],[-73.90765,40.5993],[-73.90734,40.59941],[-73.90726,40.59951],[-73.90731,40.59965],[-73.90747,40.59976],[-73.90784,40.59977],[-73.90786,40.59991],[-73.9081,40.60014],[-73.90865,40.59985],[-73.90866,40.59966],[-73.90899,40.59971],[-73.90902,40.59981],[-73.9088,40.60003],[-73.90824,40.60021],[-73.90817,40.60037],[-73.90854,40.60093],[-73.90873,40.60143],[-73.90893,40.60149],[-73.90919,40.6018],[-73.90982,40.60206],[-73.91031,40.60196],[-73.91176,40.60216],[-73.91331,40.60226],[-73.91365,40.60247],[-73.91393,40.60277],[-73.91444,40.6029],[-73.9149,40.6033],[-73.91478,40.60337],[-73.91543,40.60396],[-73.91562,40.60396],[-73.91703,40.60521],[-73.91712,40.60532],[-73.91703,40.60539],[-73.91858,40.60679],[-73.9187,40.60698],[-73.91924,40.6074],[-73.91953,40.60775],[-73.9195,40.60798],[-73.91802,40.60886],[-73.91773,40.60977],[-73.91809,40.61013],[-73.91806,40.61027],[-73.91571,40.61184],[-73.9166,40.61343],[-73.91486,40.61464],[-73.91468,40.61468],[-73.91441,40.61491],[-73.91424,40.61493],[-73.91402,40.61479],[-73.91391,40.6146],[-73.91493,40.61397],[-73.91488,40.6135],[-73.9148,40.61354],[-73.91477,40.61337],[-73.91486,40.6133],[-73.91469,40.6123],[-73.91451,40.61166],[-73.91467,40.61145],[-73.91509,40.61116],[-73.91617,40.61052],[-73.91606,40.61044],[-73.91627,40.61013],[-73.91638,40.61008],[-73.91679,40.60878],[-73.91632,40.60868],[-73.91673,40.60764],[-73.9166,40.60721],[-73.9167,40.60717],[-73.91659,40.60709],[-73.91675,40.6069],[-73.91652,40.6066],[-73.91623,40.60642],[-73.9155,40.60567],[-73.91491,40.60525],[-73.91497,40.60521],[-73.9145,40.60477],[-73.91383,40.60418],[-73.91376,40.60423],[-73.9136,40.60405],[-73.91365,40.604],[-73.91299,40.60382],[-73.91093,40.60351],[-73.9103,40.60366],[-73.91025,40.6036],[-73.90941,40.6039],[-73.90894,40.60399],[-73.90891,40.60392],[-73.90835,40.60407],[-73.90831,40.60413],[-73.90847,40.60447],[-73.90862,40.60452],[-73.90883,40.60508],[-73.90893,40.60505],[-73.90994,40.606],[-73.90984,40.60606],[-73.9098,40.60621],[-73.90932,40.6065],[-73.90908,40.60647],[-73.90865,40.60669],[-73.90842,40.60662],[-73.90835,40.60641],[-73.9082,40.60644],[-73.90811,40.60628],[-73.90747,40.60639],[-73.90597,40.60639],[-73.90558,40.60586],[-73.90534,40.60535],[-73.90538,40.60513],[-73.90522,40.60491],[-73.9019,40.60574],[-73.90178,40.60569],[-73.90164,40.60577],[-73.90187,40.60724],[-73.90188,40.60783],[-73.90196,40.60828],[-73.90204,40.60834],[-73.90196,40.60843],[-73.90196,40.60863],[-73.90216,40.60918],[-73.90208,40.60956],[-73.90221,40.60956],[-73.90225,40.60972],[-73.90226,40.61042],[-73.90267,40.61075],[-73.90275,40.61094],[-73.90287,40.61089],[-73.90312,40.61097],[-73.90334,40.61128],[-73.90429,40.61203],[-73.9043,40.61217],[-73.90438,40.61223],[-73.90425,40.61237],[-73.90536,40.61307],[-73.90549,40.613],[-73.90576,40.61336],[-73.90636,40.61381],[-73.90641,40.614],[-73.90657,40.61412],[-73.90672,40.6141],[-73.90663,40.61415],[-73.90676,40.61432],[-73.90706,40.61449],[-73.90744,40.61489],[-73.90751,40.61486],[-73.90786,40.61521],[-73.90868,40.61551],[-73.90959,40.61639],[-73.90963,40.61658],[-73.90894,40.617],[-73.9091,40.61715],[-73.90875,40.61738],[-73.90865,40.6173]]]},"properties":{"waterbodyId":17,"name":"Mill Basin"}},{"type":"Feature","geometry":{"type":"Polygon","coordinates":[[[-73.92101,40.58458],[-73.92119,40.58466],[-73.92272,40.58468],[-73.92345,40.58483],[-73.92455,40.58462],[-73.92503,40.58472],[-73.92531,40.58465],[-73.92552,40.58483],[-73.92614,40.58512],[-73.92617,40.58521],[-73.92745,40.58603],[-73.92775,40.58606],[-73.92787,40.58592],[-73.92816,40.58587],[-73.92827,40.58611],[-73.92812,40.58633],[-73.92808,40.58671],[-73.92846,40.58703],[-73.92919,40.5871],[-73.9304,40.58688],[-73.93125,40.58686],[-73.93136,40.58733],[-73.9297,40.58758],[-73.93036,40.58828],[-73.93034,40.5884],[-73.9306,40.58866],[-73.93075,40.58902],[-73.93091,40.58924],[-73.93109,40.58933],[-73.93121,40.58954],[-73.93113,40.58955],[-73.93134,40.59062],[-73.93142,40.59062],[-73.93143,40.59116],[-73.93155,40.5913],[-73.93142,40.59165],[-73.9313,40.59169],[-73.93137,40.59193],[-73.93112,40.59203],[-73.93151,40.59229],[-73.93173,40.59278],[-73.93166,40.59286],[-73.93174,40.59303],[-73.93182,40.593],[-73.93191,40.5931],[-73.93235,40.59388],[-73.93268,40.59426],[-73.9328,40.59485],[-73.9326,40.59494],[-73.9323,40.59493],[-73.9319,40.59469],[-73.93144,40.59474],[-73.93111,40.59467],[-73.93048,40.59443],[-73.92999,40.59408],[-73.92984,40.59354],[-73.92974,40.59344],[-73.92982,40.59335],[-73.92974,40.59311],[-73.93,40.59273],[-73.9301,40.59273],[-73.93003,40.5927],[-73.93022,40.59245],[-73.93017,40.5924],[-73.93029,40.59245],[-73.93047,40.59151],[-73.93047,40.59129],[-73.93037,40.59121],[-73.93046,40.59114],[-73.93053,40.59025],[-73.93045,40.59003],[-73.93025,40.59001],[-73.9304,40.5899],[-73.93032,40.58977],[-73.92997,40.58949],[-73.92945,40.58932],[-73.9289,40.58931],[-73.92883,40.58927],[-73.92889,40.58922],[-73.92849,40.58908],[-73.92816,40.58885],[-73.92461,40.5912],[-73.9242,40.59137],[-73.92394,40.59113],[-73.92776,40.58867],[-73.92763,40.58846],[-73.92744,40.58837],[-73.92751,40.58833],[-73.92731,40.58787],[-73.92685,40.58729],[-73.92652,40.5871],[-73.92658,40.58705],[-73.92576,40.58642],[-73.92521,40.58583],[-73.92478,40.58563],[-73.92405,40.58577],[-73.92406,40.58591],[-73.92391,40.58581],[-73.92369,40.58595],[-73.92337,40.58601],[-73.92298,40.58591],[-73.92232,40.58603],[-73.92213,40.58584],[-73.92109,40.58575],[-73.92094,40.5858],[-73.92083,40.586],[-73.92042,40.58609],[-73.92002,40.58606],[-73.91961,40.58618],[-73.91919,40.58597],[-73.91832,40.5864],[-73.91812,40.58646],[-73.91805,40.58641],[-73.91813,40.58652],[-73.91801,40.58672],[-73.91739,40.58741],[-73.91435,40.5889],[-73.91421,40.58923],[-73.91425,40.58934],[-73.91438,40.58925],[-73.91451,40.58939],[-73.91462,40.58934],[-73.91454,40.58995],[-73.91486,40.59008],[-73.91494,40.59017],[-73.91489,40.59024],[-73.9151,40.59043],[-73.91606,40.59083],[-73.91628,40.59104],[-73.91656,40.5911],[-73.91661,40.59135],[-73.91698,40.59168],[-73.91691,40.59175],[-73.91705,40.59191],[-73.91727,40.59199],[-73.91796,40.59292],[-73.91823,40.59315],[-73.91868,40.59334],[-73.91904,40.59377],[-73.92032,40.59473],[-73.92178,40.59504],[-73.92221,40.59547],[-73.92255,40.59611],[-73.9229,40.59646],[-73.92474,40.59792],[-73.92505,40.59829],[-73.92632,40.59914],[-73.9265,40.59937],[-73.92694,40.59959],[-73.92724,40.59985],[-73.9272,40.59992],[-73.9276,40.60016],[-73.92773,40.60015],[-73.92785,40.60032],[-73.92838,40.60036],[-73.92844,40.60042],[-73.92839,40.60053],[-73.92859,40.60062],[-73.92865,40.60039],[-73.92923,40.6005],[-73.92937,40.60066],[-73.92928,40.60081],[-73.92941,40.60077],[-73.92934,40.60098],[-73.92965,40.60121],[-73.93015,40.60127],[-73.93031,40.60118],[-73.93032,40.6013],[-73.93073,40.6016],[-73.93109,40.60173],[-73.93149,40.60212],[-73.93176,40.6026],[-73.93212,40.60272],[-73.93196,40.60313],[-73.93173,40.60326],[-73.93118,40.60386],[-73.93098,40.60394],[-73.93075,40.60377],[-73.93049,40.60374],[-73.93014,40.60404],[-73.93006,40.60382],[-73.92988,40.60375],[-73.92942,40.60401],[-73.92928,40.604],[-73.92901,40.60369],[-73.92962,40.6032],[-73.92964,40.60291],[-73.92951,40.60272],[-73.92895,40.60252],[-73.92879,40.60222],[-73.92832,40.60223],[-73.92813,40.60196],[-73.92747,40.60156],[-73.9272,40.60125],[-73.92684,40.60107],[-73.92628,40.60063],[-73.92584,40.60047],[-73.92505,40.59991],[-73.92455,40.59973],[-73.92436,40.59975],[-73.92419,40.59965],[-73.924,40.59974],[-73.92372,40.60031],[-73.92359,40.60041],[-73.92362,40.60053],[-73.92346,40.60059],[-73.92331,40.60083],[-73.92337,40.6009],[-73.92324,40.60109],[-73.92268,40.6016],[-73.92244,40.60157],[-73.92244,40.60168],[-73.92219,40.60176],[-73.92168,40.60178],[-73.92153,40.60193],[-73.92136,40.60182],[-73.9214,40.60171],[-73.92113,40.60167],[-73.92038,40.60127],[-73.92018,40.60129],[-73.9201,40.60122],[-73.92017,40.6011],[-73.91979,40.60108],[-73.91974,40.60099],[-73.91948,40.60099],[-73.9194,40.60091],[-73.9193,40.60091],[-73.91936,40.60094],[-73.91926,40.60102],[-73.91908,40.60089],[-73.91859,40.6008],[-73.91813,40.60045],[-73.91784,40.60041],[-73.91769,40.60022],[-73.91771,40.60011],[-73.91757,40.60002],[-73.91691,40.59985],[-73.91688,40.59975],[-73.91657,40.59956],[-73.91586,40.59932],[-73.91513,40.59879],[-73.91487,40.59824],[-73.91469,40.59817],[-73.91449,40.59795],[-73.91436,40.5977],[-73.91439,40.5976],[-73.91423,40.59753],[-73.91419,40.59737],[-73.914,40.59721],[-73.91365,40.59711],[-73.9132,40.59618],[-73.9126,40.59559],[-73.9124,40.59527],[-73.9124,40.59514],[-73.91199,40.59434],[-73.91208,40.59387],[-73.91203,40.5931],[-73.91189,40.5929],[-73.91193,40.59262],[-73.91188,40.59237],[-73.91174,40.59222],[-73.91171,40.59172],[-73.91149,40.59112],[-73.91159,40.59056],[-73.91157,40.59018],[-73.91172,40.58996],[-73.91169,40.58926],[-73.91186,40.5889],[-73.91191,40.58848],[-73.91187,40.58813],[-73.91158,40.58727],[-73.91168,40.58705],[-73.91181,40.58699],[-73.91188,40.58705],[-73.91197,40.58674],[-73.91194,40.58655],[-73.91173,40.58626],[-73.91192,40.58617],[-73.91194,40.58622],[-73.91277,40.58579],[-73.91293,40.58595],[-73.91331,40.58609],[-73.91363,40.58613],[-73.91379,40.58603],[-73.91441,40.58624],[-73.91482,40.58628],[-73.91566,40.58623],[-73.91579,40.58613],[-73.91595,40.58615],[-73.91699,40.58589],[-73.91707,40.58571],[-73.91732,40.58569],[-73.91734,40.58559],[-73.91762,40.58563],[-73.91813,40.58545],[-73.91824,40.58532],[-73.91825,40.58543],[-73.91842,40.58538],[-73.91878,40.58523],[-73.91887,40.58509],[-73.91913,40.58496],[-73.91959,40.58488],[-73.91998,40.58468],[-73.92073,40.58468],[-73.92101,40.58458]],[[-73.91448,40.59151],[-73.91293,40.59209],[-73.91319,40.59211],[-73.91326,40.59225],[-73.91316,40.59267],[-73.91323,40.59302],[-73.91321,40.59334],[-73.9131,40.59349],[-73.91307,40.59414],[-73.91326,40.59435],[-73.9134,40.59475],[-73.91382,40.59505],[-73.91442,40.59605],[-73.91508,40.5965],[-73.91554,40.59709],[-73.91584,40.59732],[-73.91582,40.59739],[-73.91603,40.59754],[-73.91619,40.59781],[-73.91627,40.59817],[-73.91706,40.59848],[-73.91844,40.59917],[-73.9186,40.59946],[-73.91889,40.59947],[-73.91893,40.59956],[-73.91916,40.59962],[-73.91969,40.59953],[-73.91998,40.59954],[-73.91993,40.59963],[-73.92031,40.59953],[-73.92085,40.59955],[-73.92089,40.59944],[-73.92163,40.59907],[-73.92212,40.59869],[-73.92227,40.59839],[-73.92221,40.59817],[-73.92209,40.59815],[-73.92187,40.59781],[-73.92176,40.59745],[-73.92183,40.59735],[-73.9209,40.59662],[-73.92083,40.59634],[-73.92058,40.59637],[-73.92037,40.59621],[-73.9202,40.59619],[-73.92007,40.59604],[-73.91901,40.59545],[-73.91899,40.59536],[-73.9188,40.59534],[-73.91875,40.5952],[-73.91853,40.59517],[-73.91838,40.59499],[-73.91793,40.59477],[-73.91705,40.5939],[-73.91644,40.59314],[-73.91637,40.59276],[-73.91601,40.59244],[-73.9161,40.59233],[-73.91597,40.59211],[-73.91524,40.59159],[-73.91448,40.59151]]]},"properties":{"waterbodyId":18,"name":"Gerritsen Creek"}},{"type":"Feature","geometry":{"type":"Polygon","coordinates":[[[-74.05347,40.6036],[-74.05351,40.60373],[-74.05357,40.60371],[-74.05403,40.60495],[-74.05363,40.60525],[-74.0538,40.60589],[-74.05507,40.60628],[-74.05522,40.60651],[-74.05551,40.60649],[-74.05604,40.60681],[-74.0565,40.60727],[-74.05718,40.60877],[-74.05833,40.60977],[-74.05903,40.61054],[-74.05912,40.61084],[-74.05893,40.61103],[-74.05931,40.61156],[-74.05954,40.61173],[-74.06027,40.61183],[-74.06049,40.61209],[-74.06067,40.61251],[-74.06071,40.61299],[-74.06081,40.61304],[-74.06131,40.61419],[-74.06158,40.61453],[-74.06372,40.61664],[-74.06374,40.61678],[-74.0642,40.61691],[-74.06515,40.61755],[-74.06514,40.6179],[-74.06527,40.61801],[-74.06546,40.61811],[-74.0657,40.61796],[-74.06605,40.6182],[-74.06642,40.61788],[-74.06668,40.61808],[-74.06545,40.61921],[-74.06557,40.61928],[-74.0662,40.61873],[-74.06946,40.62109],[-74.06977,40.62122],[-74.07004,40.62147],[-74.07072,40.62258],[-74.07104,40.62277],[-74.07222,40.62461],[-74.07272,40.62711],[-74.0723,40.62716],[-74.07239,40.62763],[-74.07252,40.62779],[-74.07293,40.62997],[-74.07278,40.63025],[-74.07299,40.63031],[-74.07335,40.63213],[-74.0729,40.63367],[-74.07324,40.63585],[-74.07317,40.63594],[-74.07319,40.63609],[-74.07328,40.63609],[-74.07341,40.63689],[-74.07333,40.6369],[-74.07349,40.6378],[-74.07257,40.63788],[-74.07257,40.63831],[-74.07302,40.63842],[-74.07292,40.63846],[-74.07293,40.63859],[-74.07308,40.6386],[-74.07307,40.64051],[-74.07285,40.64053],[-74.07328,40.64225],[-74.07212,40.64245],[-74.07216,40.6427],[-74.07148,40.64282],[-74.07163,40.64357],[-74.07188,40.64351],[-74.0725,40.6443],[-74.07311,40.64468],[-74.0738,40.64505],[-74.07425,40.64505],[-74.07444,40.64514],[-74.07675,40.64728],[-74.07694,40.64725],[-74.07899,40.64829],[-74.07917,40.64822],[-74.07979,40.64843],[-74.08057,40.64836],[-74.08116,40.64856],[-74.08257,40.64839],[-74.08431,40.64867],[-74.08476,40.64888],[-74.08741,40.6513],[-74.087,40.65151],[-74.05577,40.65152],[-74.02638,40.70014],[-74.02582,40.70384],[-74.01769,40.70375],[-74.01749,40.70314],[-74.01689,40.70242],[-74.01607,40.70159],[-74.01515,40.70085],[-74.01509,40.7009],[-74.00787,40.68664],[-74.00803,40.68653],[-74.00844,40.6868],[-74.00858,40.68672],[-74.00823,40.68639],[-74.00838,40.6864],[-74.01212,40.68412],[-74.01175,40.68378],[-74.01079,40.68436],[-74.00967,40.68329],[-74.01303,40.68043],[-74.01387,40.68103],[-74.0136,40.68122],[-74.01412,40.68172],[-74.01212,40.68292],[-74.01284,40.68362],[-74.01532,40.68212],[-74.01524,40.682],[-74.01535,40.6819],[-74.01744,40.68064],[-74.01781,40.68062],[-74.01898,40.67991],[-74.01893,40.67985],[-74.01932,40.67962],[-74.01927,40.67958],[-74.01953,40.679],[-74.01859,40.67899],[-74.01834,40.67875],[-74.01824,40.67856],[-74.01841,40.67855],[-74.01841,40.6782],[-74.01835,40.6782],[-74.01839,40.6779],[-74.01919,40.67783],[-74.01909,40.67715],[-74.01996,40.67712],[-74.01996,40.67703],[-74.01986,40.67704],[-74.01976,40.67662],[-74.01913,40.67661],[-74.01913,40.67654],[-74.01795,40.67657],[-74.01788,40.67626],[-74.01793,40.67607],[-74.01804,40.67591],[-74.01853,40.67586],[-74.01842,40.67553],[-74.01886,40.67512],[-74.01878,40.67506],[-74.01832,40.67543],[-74.01815,40.67547],[-74.01784,40.67526],[-74.0182,40.67495],[-74.01799,40.67482],[-74.0182,40.67445],[-74.01727,40.67358],[-74.01843,40.67256],[-74.01879,40.67235],[-74.01916,40.6716],[-74.01873,40.67098],[-74.01791,40.66601],[-74.01778,40.66565],[-74.01726,40.6651],[-74.01684,40.66485],[-74.01602,40.66468],[-74.01537,40.66465],[-74.01151,40.66504],[-74.01006,40.66295],[-74.0104,40.66255],[-74.01029,40.66233],[-74.00821,40.66109],[-74.00752,40.66054],[-74.00858,40.65953],[-74.01275,40.66202],[-74.01325,40.662],[-74.01395,40.66162],[-74.01405,40.66145],[-74.01113,40.65968],[-74.01191,40.65896],[-74.01367,40.66002],[-74.014,40.65982],[-74.01559,40.66074],[-74.01744,40.65944],[-74.01445,40.65762],[-74.01452,40.65752],[-74.01491,40.65743],[-74.01513,40.65722],[-74.01426,40.65669],[-74.01439,40.65657],[-74.01606,40.65756],[-74.01687,40.65788],[-74.01766,40.65843],[-74.0178,40.65836],[-74.01767,40.65822],[-74.01766,40.65805],[-74.01705,40.65769],[-74.01685,40.65769],[-74.0168,40.65756],[-74.01657,40.65754],[-74.01654,40.65741],[-74.01604,40.65722],[-74.01572,40.65698],[-74.01595,40.65707],[-74.01597,40.65699],[-74.01545,40.65664],[-74.01587,40.65623],[-74.0185,40.6578],[-74.01867,40.65781],[-74.01915,40.6574],[-74.01909,40.65728],[-74.01694,40.65605],[-74.0164,40.6556],[-74.01667,40.65535],[-74.01692,40.6555],[-74.01728,40.65521],[-74.01984,40.65657],[-74.01958,40.65631],[-74.01714,40.65478],[-74.01789,40.65406],[-74.01944,40.65487],[-74.0198,40.65509],[-74.01996,40.65528],[-74.02016,40.65524],[-74.0201,40.65509],[-74.01901,40.65443],[-74.01931,40.65409],[-74.01972,40.65419],[-74.0204,40.65423],[-74.02062,40.65433],[-74.02061,40.65443],[-74.02025,40.65471],[-74.02015,40.6549],[-74.0207,40.65448],[-74.0209,40.65444],[-74.02169,40.65475],[-74.02119,40.65423],[-74.02142,40.65387],[-74.02185,40.65357],[-74.02214,40.65364],[-74.02306,40.65414],[-74.02318,40.65414],[-74.02117,40.65279],[-74.02125,40.65278],[-74.02125,40.65267],[-74.02137,40.65264],[-74.02169,40.65229],[-74.02192,40.65225],[-74.02257,40.6526],[-74.02292,40.65288],[-74.02366,40.65321],[-74.02385,40.65319],[-74.02375,40.65301],[-74.02094,40.65125],[-74.02108,40.6511],[-74.02102,40.65106],[-74.02153,40.65069],[-74.02268,40.65136],[-74.02306,40.65099],[-74.02389,40.6515],[-74.02386,40.65137],[-74.02453,40.65095],[-74.02508,40.65037],[-74.02553,40.64974],[-74.02497,40.64865],[-74.02516,40.64827],[-74.02417,40.64761],[-74.02436,40.6474],[-74.0247,40.64761],[-74.02495,40.64737],[-74.02462,40.64716],[-74.02483,40.64696],[-74.02515,40.64715],[-74.02622,40.64612],[-74.02619,40.64603],[-74.02826,40.64406],[-74.02899,40.6445],[-74.02908,40.64442],[-74.03051,40.64529],[-74.03069,40.64512],[-74.03065,40.64507],[-74.031,40.64483],[-74.03094,40.64479],[-74.03126,40.64446],[-74.0323,40.6436],[-74.03265,40.64381],[-74.03287,40.6436],[-74.03407,40.64432],[-74.03453,40.64388],[-74.03445,40.64383],[-74.03677,40.64165],[-74.03675,40.64142],[-74.03597,40.6409],[-74.03576,40.64063],[-74.03608,40.64029],[-74.03673,40.63925],[-74.03991,40.63268],[-74.0407,40.63086],[-74.04109,40.63022],[-74.04112,40.6297],[-74.04143,40.62841],[-74.04158,40.62742],[-74.0417,40.6254],[-74.04186,40.62476],[-74.04192,40.62406],[-74.04178,40.62332],[-74.0418,40.62245],[-74.04169,40.62215],[-74.04161,40.62136],[-74.04162,40.62041],[-74.04108,40.61844],[-74.04045,40.61536],[-74.03967,40.61401],[-74.03907,40.61322],[-74.03718,40.61144],[-74.03675,40.61094],[-74.03624,40.60954],[-74.03595,40.60917],[-74.05214,40.60403],[-74.05238,40.60446],[-74.05267,40.60443],[-74.05294,40.60432],[-74.05296,40.60424],[-74.05287,40.60433],[-74.05243,40.60443],[-74.05219,40.60401],[-74.05229,40.60398],[-74.05248,40.60434],[-74.05276,40.60425],[-74.05257,40.60389],[-74.05347,40.6036]],[[-74.02419,40.68393],[-74.0235,40.68398],[-74.02283,40.68422],[-74.0161,40.68729],[-74.01488,40.68726],[-74.01319,40.68817],[-74.01231,40.68929],[-74.01221,40.69113],[-74.01253,40.69115],[-74.01263,40.69142],[-74.01282,40.69151],[-74.01291,40.69169],[-74.01333,40.69203],[-74.01246,40.69222],[-74.0122,40.69205],[-74.0119,40.6921],[-74.01176,40.69227],[-74.01181,40.69249],[-74.01204,40.69261],[-74.01234,40.69257],[-74.01257,40.69231],[-74.01343,40.69213],[-74.01421,40.69283],[-74.01676,40.69335],[-74.01945,40.69324],[-74.01972,40.69314],[-74.02021,40.69204],[-74.0261,40.68651],[-74.02654,40.686],[-74.02663,40.68559],[-74.02656,40.6852],[-74.02635,40.68483],[-74.02596,40.68445],[-74.02542,40.68414],[-74.02419,40.68393]]]},"properties":{"waterbodyId":19,"name":"Upper New York Bay"}},{"type":"Feature","geometry":{"type":"Polygon","coordinates":[[[-73.94157,40.58362],[-73.94144,40.58335],[-73.94125,40.58331],[-73.93934,40.58334],[-73.9393,40.58316],[-73.93854,40.58317],[-73.93857,40.58324],[-73.93843,40.58335],[-73.93732,40.5833],[-73.93713,40.58336],[-73.93705,40.58323],[-73.93656,40.58324],[-73.93654,40.58317],[-73.93631,40.58318],[-73.93619,40.58332],[-73.93437,40.58315],[-73.93421,40.58309],[-73.93421,40.58295],[-73.93347,40.58295],[-73.93347,40.58305],[-73.93339,40.58305],[-73.93258,40.58294],[-73.93195,40.58312],[-73.93179,40.58306],[-73.93182,40.58295],[-73.9317,40.58282],[-73.93118,40.58276],[-73.93245,40.58096],[-73.93255,40.58125],[-73.93265,40.58129],[-73.93281,40.58116],[-73.94274,40.581],[-73.9497,40.58233],[-73.9533,40.58201],[-73.9535,40.583],[-73.94747,40.58354],[-73.94701,40.5832],[-73.94682,40.5832],[-73.94727,40.58354],[-73.94692,40.58355],[-73.94646,40.58321],[-73.94632,40.58322],[-73.94679,40.58356],[-73.94644,40.58357],[-73.94592,40.5832],[-73.94579,40.5832],[-73.94629,40.58358],[-73.9459,40.58356],[-73.94539,40.58319],[-73.94526,40.58319],[-73.94573,40.58355],[-73.94535,40.58354],[-73.94485,40.58317],[-73.94471,40.58317],[-73.94518,40.58353],[-73.94479,40.58351],[-73.94432,40.58317],[-73.94418,40.58317],[-73.94462,40.5835],[-73.94424,40.58349],[-73.94377,40.58315],[-73.94364,40.58315],[-73.94407,40.58348],[-73.94369,40.58348],[-73.94323,40.58314],[-73.94309,40.58314],[-73.94355,40.58348],[-73.9432,40.5835],[-73.94269,40.58313],[-73.94256,40.58313],[-73.94305,40.5835],[-73.9427,40.58352],[-73.94215,40.58311],[-73.94202,40.58312],[-73.94255,40.58352],[-73.94157,40.58362]]]},"properties":{"waterbodyId":20,"name":"Sheepshead Bay"}},{"type":"Feature","geometry":{"type":"Polygon","coordinates":[[[-73.93254,40.86897],[-73.93234,40.86895],[-73.93226,40.86881],[-73.93245,40.86753],[-73.9337,40.8656],[-73.93401,40.86527],[-73.93406,40.86499],[-73.93434,40.86475],[-73.93446,40.86448],[-73.93551,40.86307],[-73.93654,40.86185],[-73.93681,40.86127],[-73.93701,40.86109],[-73.93716,40.86077],[-73.93758,40.86024],[-73.93753,40.86011],[-73.9379,40.85983],[-73.93836,40.85932],[-73.93901,40.85816],[-73.94028,40.85666],[-73.94202,40.85372],[-73.94279,40.85286],[-73.94347,40.85229],[-73.94392,40.85214],[-73.94401,40.85201],[-73.94419,40.85202],[-73.9442,40.85192],[-73.94434,40.85182],[-73.94451,40.85197],[-73.94466,40.85191],[-73.9447,40.85183],[-73.94527,40.85157],[-73.94525,40.85152],[-73.94582,40.85112],[-73.94613,40.85117],[-73.94609,40.85098],[-73.94618,40.85106],[-73.94619,40.85092],[-73.9463,40.85084],[-73.94635,40.85096],[-73.9465,40.85097],[-73.94697,40.85047],[-73.94705,40.85024],[-73.94695,40.85011],[-73.94703,40.85005],[-73.94664,40.84892],[-73.94664,40.84795],[-73.94683,40.84716],[-73.94667,40.84672],[-73.94637,40.84629],[-73.94644,40.84587],[-73.94628,40.8457],[-73.94617,40.8454],[-73.94622,40.84527],[-73.94607,40.84455],[-73.94614,40.84389],[-73.94654,40.84312],[-73.94738,40.84195],[-73.94851,40.83964],[-73.94954,40.8369],[-73.94948,40.83681],[-73.94928,40.83675],[-73.94948,40.8367],[-73.94956,40.83658],[-73.94968,40.83583],[-73.95012,40.83449],[-73.95092,40.83331],[-73.95117,40.83266],[-73.95236,40.83101],[-73.95347,40.82927],[-73.95454,40.82787],[-73.9547,40.82793],[-73.95504,40.82742],[-73.95631,40.82794],[-73.95694,40.827],[-73.95726,40.82712],[-73.95955,40.82367],[-73.95948,40.82359],[-73.95814,40.82303],[-73.95823,40.8229],[-73.95794,40.82278],[-73.95823,40.82223],[-73.95852,40.82185],[-73.95866,40.82192],[-73.95896,40.82158],[-73.95882,40.82152],[-73.95982,40.82031],[-73.96,40.82039],[-73.96211,40.81801],[-73.96342,40.81667],[-73.96411,40.81583],[-73.96737,40.81106],[-73.9686,40.80903],[-73.97106,40.80586],[-73.97174,40.80491],[-73.97181,40.80472],[-73.97209,40.80449],[-73.9879,40.78187],[-73.98821,40.78123],[-73.98892,40.78024],[-73.98887,40.7797],[-73.98916,40.77928],[-73.9904,40.77759],[-73.99094,40.77757],[-73.99239,40.77556],[-73.99236,40.77548],[-73.99205,40.7755],[-73.99228,40.7751],[-73.99263,40.77498],[-73.99336,40.77384],[-73.99378,40.77342],[-73.99389,40.77313],[-73.99384,40.77295],[-73.99416,40.7725],[-73.99434,40.77254],[-73.99438,40.77249],[-73.99502,40.77161],[-73.99495,40.77148],[-73.99513,40.77146],[-73.99692,40.76902],[-73.99728,40.76845],[-73.99647,40.7681],[-73.99838,40.7654],[-73.99869,40.76523],[-73.99869,40.76513],[-73.99855,40.76506],[-73.99963,40.76357],[-73.99993,40.76341],[-74.00173,40.76424],[-74.00177,40.76419],[-74.0031,40.76475],[-74.00321,40.76467],[-74.00293,40.76462],[-74.00313,40.76435],[-74.00097,40.76343],[-74.00279,40.76094],[-74.00314,40.76109],[-74.00393,40.76001],[-74.00358,40.75986],[-74.00368,40.75972],[-74.00412,40.7599],[-74.00425,40.7597],[-74.00389,40.75955],[-74.00389,40.75944],[-74.00498,40.7579],[-74.00492,40.7577],[-74.00519,40.75735],[-74.00533,40.7573],[-74.0054,40.75736],[-74.00763,40.75429],[-74.00928,40.74994],[-74.00951,40.75011],[-74.01009,40.74854],[-74.00895,40.74842],[-74.00956,40.74506],[-74.00873,40.74494],[-74.0089,40.74393],[-74.00945,40.74398],[-74.00963,40.74296],[-74.00909,40.74291],[-74.00928,40.74189],[-74.00945,40.7419],[-74.00958,40.74118],[-74.00941,40.74116],[-74.0095,40.74072],[-74.00963,40.74065],[-74.01147,40.7407],[-74.01157,40.73957],[-74.01164,40.73953],[-74.0116,40.73927],[-74.01039,40.73918],[-74.01087,40.73381],[-74.01088,40.7336],[-74.01072,40.73347],[-74.01091,40.73335],[-74.01117,40.73046],[-74.01405,40.73069],[-74.01436,40.72863],[-74.01488,40.72865],[-74.01485,40.7285],[-74.01139,40.72822],[-74.01158,40.72637],[-74.01323,40.71833],[-74.01494,40.71856],[-74.01502,40.71846],[-74.01664,40.71868],[-74.01673,40.71863],[-74.01764,40.71362],[-74.01633,40.71342],[-74.01641,40.71311],[-74.01662,40.71284],[-74.01656,40.71246],[-74.01664,40.71217],[-74.01787,40.71237],[-74.01886,40.70805],[-74.01819,40.70785],[-74.01859,40.70688],[-74.01874,40.70685],[-74.01884,40.70698],[-74.01913,40.70699],[-74.01935,40.7061],[-74.01891,40.70475],[-74.01811,40.70455],[-74.01808,40.70464],[-74.01749,40.70468],[-74.01769,40.70375],[-74.02582,40.70384],[-74.02359,40.71816],[-74.01584,40.74958],[-74.01578,40.75051],[-74.01394,40.75781],[-73.97773,40.80743],[-73.97375,40.81256],[-73.96973,40.81832],[-73.96364,40.82668],[-73.95289,40.85121],[-73.93499,40.8803],[-73.92664,40.87749],[-73.92728,40.87688],[-73.92756,40.87671],[-73.92797,40.87663],[-73.92911,40.87569],[-73.93107,40.87267],[-73.93151,40.87174],[-73.93185,40.87131],[-73.9322,40.87008],[-73.93219,40.86984],[-73.93205,40.86961],[-73.93226,40.86927],[-73.93253,40.8691],[-73.93254,40.86897]]]},"properties":{"waterbodyId":21,"name":"Hudson River (Manhattan)"}},{"type":"Feature","geometry":{"type":"Polygon","coordinates":[[[-73.92664,40.87749],[-73.93499,40.8803],[-73.92981,40.88869],[-73.92032,40.91265],[-73.91828,40.91762],[-73.91043,40.91532],[-73.91073,40.91472],[-73.9111,40.9144],[-73.91122,40.91419],[-73.91121,40.91406],[-73.91152,40.91374],[-73.91166,40.91343],[-73.91143,40.91284],[-73.9115,40.91224],[-73.91255,40.90838],[-73.91273,40.908],[-73.91312,40.90783],[-73.91288,40.90757],[-73.91288,40.90747],[-73.91369,40.90539],[-73.91398,40.90484],[-73.91416,40.90419],[-73.91426,40.90411],[-73.91459,40.90413],[-73.91508,40.90294],[-73.91522,40.90233],[-73.91544,40.90181],[-73.91526,40.90174],[-73.91519,40.90159],[-73.91529,40.90125],[-73.91672,40.89748],[-73.91673,40.89723],[-73.91714,40.8961],[-73.91764,40.89495],[-73.91791,40.89469],[-73.91782,40.89443],[-73.92019,40.88817],[-73.92277,40.88242],[-73.9239,40.88019],[-73.9241,40.88004],[-73.92421,40.87977],[-73.92495,40.87899],[-73.92512,40.87898],[-73.92664,40.87749]]]},"properties":{"waterbodyId":22,"name":"Hudson River (Bronx)"}},{"type":"Feature","geometry":{"type":"Polygon","coordinates":[[[-74.01602,40.6647],[-74.01671,40.66482],[-74.01651,40.66494],[-74.01668,40.6655],[-74.01755,40.67105],[-74.01889,40.67159],[-74.01913,40.67162],[-74.01876,40.67224],[-74.01821,40.67192],[-74.01812,40.67194],[-74.0179,40.67219],[-74.01493,40.67466],[-74.01463,40.67443],[-74.01631,40.67304],[-74.01631,40.6729],[-74.01512,40.67216],[-74.01337,40.67359],[-74.01301,40.67335],[-74.01433,40.6722],[-74.01389,40.67184],[-74.01439,40.67143],[-74.01392,40.67114],[-74.01369,40.67116],[-74.01354,40.67126],[-74.01331,40.67116],[-74.01343,40.67095],[-74.01329,40.67088],[-74.01313,40.67096],[-74.013,40.67087],[-74.01229,40.67098],[-74.01185,40.67087],[-74.01161,40.67032],[-74.01172,40.67027],[-74.01155,40.66975],[-74.01088,40.66975],[-74.0109,40.66925],[-74.01054,40.66922],[-74.01035,40.66912],[-74.01037,40.66873],[-74.01049,40.66863],[-74.01086,40.66863],[-74.01229,40.66574],[-74.01589,40.66542],[-74.01602,40.6647]]]},"properties":{"waterbodyId":23,"name":"Erie Basin"}},{"type":"Feature","geometry":{"type":"Polygon","coordinates":[[[-73.84301,40.764],[-73.84433,40.76547],[-73.84395,40.7655],[-73.84371,40.76569],[-73.84347,40.76566],[-73.84296,40.76586],[-73.84287,40.76594],[-73.84287,40.76627],[-73.84269,40.76676],[-73.84284,40.7662],[-73.84268,40.76584],[-73.84032,40.7663],[-73.84023,40.76654],[-73.84001,40.76655],[-73.83991,40.76639],[-73.83981,40.76647],[-73.83953,40.76615],[-73.83872,40.76579],[-73.83822,40.76567],[-73.8375,40.76478],[-73.83647,40.76309],[-73.83627,40.76133],[-73.83633,40.76096],[-73.83726,40.75901],[-73.83741,40.75876],[-73.83776,40.75849],[-73.83805,40.75766],[-73.83846,40.75724],[-73.83833,40.75699],[-73.83819,40.75697],[-73.83833,40.75653],[-73.83862,40.75603],[-73.83869,40.75551],[-73.8392,40.75485],[-73.83938,40.75443],[-73.83972,40.75433],[-73.83989,40.75401],[-73.84053,40.75378],[-73.8407,40.75377],[-73.84077,40.75389],[-73.84061,40.75423],[-73.84068,40.75468],[-73.84061,40.75514],[-73.84005,40.75569],[-73.83974,40.75589],[-73.83933,40.75649],[-73.83891,40.75676],[-73.83886,40.75687],[-73.83889,40.757],[-73.83927,40.75697],[-73.83931,40.75706],[-73.83902,40.75769],[-73.83903,40.75787],[-73.83872,40.75851],[-73.83857,40.75862],[-73.83819,40.75947],[-73.83836,40.75952],[-73.83835,40.75962],[-73.83817,40.75968],[-73.83821,40.75983],[-73.83807,40.76],[-73.83833,40.76025],[-73.83801,40.76013],[-73.83801,40.76028],[-73.83752,40.76079],[-73.83759,40.761],[-73.83723,40.76106],[-73.83708,40.76117],[-73.83712,40.76136],[-73.83735,40.7617],[-73.83744,40.76205],[-73.83724,40.76241],[-73.83732,40.76288],[-73.83833,40.76445],[-73.83869,40.76476],[-73.83895,40.76483],[-73.83947,40.76522],[-73.83993,40.76536],[-73.84047,40.76531],[-73.84053,40.76539],[-73.84231,40.76484],[-73.84299,40.76443],[-73.84304,40.76433],[-73.84301,40.764]]]},"properties":{"waterbodyId":24,"name":"Flushing Creek"}},{"type":"Feature","geometry":{"type":"Polygon","coordinates":[[[-73.85641,40.644],[-73.85627,40.64425],[-73.85632,40.64471],[-73.85682,40.64503],[-73.85757,40.64632],[-73.85781,40.64656],[-73.85794,40.64697],[-73.85725,40.64807],[-73.85708,40.64864],[-73.85703,40.64929],[-73.85655,40.6498],[-73.85639,40.65024],[-73.85648,40.65046],[-73.85687,40.65073],[-73.85727,40.65135],[-73.85764,40.65142],[-73.85797,40.6516],[-73.8583,40.65225],[-73.85879,40.65268],[-73.85871,40.65279],[-73.85922,40.65344],[-73.85944,40.65388],[-73.8597,40.65408],[-73.85977,40.65439],[-73.85992,40.6546],[-73.86071,40.65522],[-73.86153,40.65529],[-73.86226,40.65562],[-73.86233,40.65555],[-73.86264,40.65568],[-73.86287,40.65586],[-73.86319,40.65633],[-73.86318,40.65641],[-73.863,40.65636],[-73.86305,40.6565],[-73.863,40.65666],[-73.86328,40.65695],[-73.86313,40.65723],[-73.863,40.65729],[-73.863,40.6575],[-73.86173,40.65804],[-73.86162,40.65777],[-73.8616,40.65699],[-73.86128,40.65701],[-73.86087,40.65692],[-73.86063,40.65721],[-73.86061,40.65716],[-73.86035,40.65723],[-73.86031,40.65743],[-73.86041,40.65777],[-73.86058,40.65784],[-73.86023,40.65791],[-73.85977,40.65829],[-73.86014,40.65833],[-73.86044,40.65822],[-73.86055,40.65809],[-73.86092,40.65806],[-73.86125,40.65823],[-73.86132,40.65862],[-73.86117,40.65882],[-73.86085,40.65903],[-73.86081,40.65934],[-73.86093,40.6595],[-73.8612,40.65957],[-73.86132,40.65988],[-73.86091,40.66012],[-73.86032,40.66002],[-73.85997,40.66035],[-73.85963,40.66054],[-73.85902,40.6606],[-73.85914,40.66087],[-73.85906,40.66113],[-73.85888,40.66119],[-73.85874,40.66135],[-73.85835,40.66142],[-73.85835,40.66179],[-73.85813,40.66223],[-73.85891,40.66259],[-73.85794,40.66226],[-73.85777,40.66227],[-73.85709,40.6628],[-73.85698,40.66324],[-73.85659,40.66355],[-73.85655,40.66344],[-73.85689,40.66319],[-73.85694,40.66281],[-73.8571,40.66266],[-73.85715,40.6625],[-73.85811,40.66195],[-73.85816,40.66166],[-73.85808,40.66148],[-73.85821,40.66125],[-73.85837,40.66114],[-73.85877,40.66117],[-73.8589,40.66108],[-73.85871,40.66073],[-73.85879,40.6605],[-73.85908,40.66039],[-73.85961,40.66034],[-73.85982,40.6602],[-73.8599,40.66002],[-73.86091,40.65978],[-73.8608,40.6595],[-73.86049,40.65919],[-73.86047,40.65902],[-73.86067,40.65881],[-73.86088,40.65872],[-73.861,40.65851],[-73.86097,40.65837],[-73.86051,40.65851],[-73.8604,40.65861],[-73.86045,40.65879],[-73.86023,40.65891],[-73.86031,40.65879],[-73.86024,40.65863],[-73.85988,40.65859],[-73.85966,40.65848],[-73.85956,40.65809],[-73.85971,40.65785],[-73.85994,40.65773],[-73.85979,40.65744],[-73.85981,40.65733],[-73.85954,40.65726],[-73.85896,40.65782],[-73.85905,40.65783],[-73.85902,40.65787],[-73.8589,40.65789],[-73.85883,40.65802],[-73.85888,40.65823],[-73.85873,40.65816],[-73.85867,40.65823],[-73.85839,40.65818],[-73.85823,40.65839],[-73.85827,40.65853],[-73.85814,40.65851],[-73.85874,40.65884],[-73.85901,40.65857],[-73.85878,40.65894],[-73.85915,40.65919],[-73.85924,40.6594],[-73.85912,40.65952],[-73.85901,40.65949],[-73.85897,40.65957],[-73.85886,40.65946],[-73.85872,40.65947],[-73.85899,40.65943],[-73.85904,40.65936],[-73.85873,40.6591],[-73.85829,40.6593],[-73.85809,40.65927],[-73.85798,40.65917],[-73.8577,40.65928],[-73.85731,40.65915],[-73.85723,40.65926],[-73.85734,40.65939],[-73.8572,40.65928],[-73.85701,40.65932],[-73.85685,40.65923],[-73.85682,40.65941],[-73.85675,40.65933],[-73.85649,40.65934],[-73.85637,40.65915],[-73.85616,40.65915],[-73.856,40.65944],[-73.85585,40.65953],[-73.85601,40.65996],[-73.85591,40.65979],[-73.85581,40.65981],[-73.85589,40.65975],[-73.85576,40.65954],[-73.85542,40.65978],[-73.85545,40.66001],[-73.85529,40.66005],[-73.85541,40.65995],[-73.85538,40.65981],[-73.85514,40.65976],[-73.85506,40.66005],[-73.85477,40.66022],[-73.85392,40.66023],[-73.85415,40.66015],[-73.85459,40.66015],[-73.85456,40.66001],[-73.85464,40.66014],[-73.85479,40.6601],[-73.85501,40.65995],[-73.85495,40.65979],[-73.855,40.65972],[-73.85543,40.65968],[-73.85591,40.65936],[-73.85603,40.65905],[-73.8564,40.65902],[-73.85662,40.65919],[-73.85677,40.65906],[-73.85663,40.6589],[-73.85674,40.65863],[-73.85686,40.65876],[-73.85668,40.65891],[-73.85683,40.65898],[-73.85682,40.65905],[-73.85707,40.65916],[-73.85726,40.65901],[-73.85772,40.65913],[-73.85785,40.65891],[-73.85771,40.65868],[-73.85761,40.65862],[-73.85732,40.65866],[-73.85727,40.65859],[-73.85709,40.65867],[-73.85696,40.65848],[-73.85703,40.65812],[-73.85726,40.65792],[-73.85758,40.65795],[-73.85773,40.65778],[-73.85801,40.65782],[-73.85818,40.65793],[-73.8582,40.65805],[-73.85835,40.65808],[-73.85841,40.65797],[-73.85835,40.65787],[-73.85848,40.65791],[-73.85869,40.65767],[-73.85861,40.65746],[-73.8591,40.65755],[-73.8588,40.65713],[-73.85896,40.65717],[-73.85916,40.65743],[-73.85927,40.65707],[-73.85994,40.65723],[-73.86008,40.65706],[-73.85984,40.65699],[-73.86006,40.65698],[-73.86004,40.6568],[-73.86019,40.65703],[-73.86052,40.65678],[-73.86044,40.65671],[-73.86062,40.65665],[-73.86062,40.65647],[-73.86068,40.65659],[-73.86099,40.65655],[-73.86136,40.6566],[-73.86135,40.6564],[-73.86079,40.65615],[-73.86031,40.6557],[-73.86006,40.6556],[-73.85964,40.65512],[-73.85937,40.65497],[-73.8591,40.65435],[-73.85879,40.65415],[-73.85855,40.65369],[-73.85851,40.65332],[-73.8583,40.65299],[-73.85772,40.65273],[-73.85695,40.65273],[-73.85681,40.65264],[-73.85651,40.65197],[-73.85636,40.65119],[-73.85625,40.6511],[-73.85571,40.65109],[-73.8556,40.65096],[-73.8525,40.65047],[-73.85167,40.65082],[-73.85158,40.65097],[-73.85141,40.65103],[-73.85093,40.65107],[-73.85069,40.651],[-73.85036,40.65134],[-73.84981,40.65153],[-73.84949,40.65151],[-73.84921,40.65114],[-73.84943,40.65094],[-73.84969,40.65093],[-73.85042,40.65049],[-73.85038,40.65028],[-73.85052,40.65039],[-73.85058,40.65036],[-73.85058,40.64987],[-73.85061,40.6498],[-73.85078,40.64981],[-73.85081,40.64957],[-73.85093,40.64942],[-73.85091,40.64918],[-73.85122,40.64908],[-73.85134,40.64919],[-73.85157,40.64912],[-73.85176,40.64884],[-73.85199,40.64872],[-73.85269,40.64742],[-73.85266,40.64681],[-73.8522,40.64614],[-73.85129,40.64533],[-73.85042,40.64474],[-73.85002,40.64457],[-73.85641,40.644]],[[-73.86188,40.65578],[-73.86239,40.65608],[-73.86212,40.65581],[-73.86188,40.65578]],[[-73.85887,40.65758],[-73.85892,40.65778],[-73.85901,40.65775],[-73.85902,40.65768],[-73.85887,40.65758]],[[-73.85876,40.65772],[-73.85857,40.65797],[-73.85873,40.65798],[-73.85876,40.65772]],[[-73.85804,40.65819],[-73.85773,40.65823],[-73.85793,40.65843],[-73.85803,40.65843],[-73.8582,40.65828],[-73.85804,40.65819]],[[-73.85754,40.65822],[-73.8574,40.65828],[-73.85735,40.65843],[-73.85753,40.65836],[-73.85754,40.65822]],[[-73.85767,40.65806],[-73.85753,40.65816],[-73.8577,40.65815],[-73.85776,40.65811],[-73.85766,40.65813],[-73.85767,40.65806]]]},"properties":{"waterbodyId":25,"name":"Spring Creek"}},{"type":"Feature","geometry":{"type":"Polygon","coordinates":[[[-74.13708,40.49216],[-74.13699,40.52937],[-74.13691,40.52929],[-74.13665,40.52936],[-74.13608,40.5297],[-74.13467,40.53078],[-74.13363,40.53146],[-74.13278,40.5322],[-74.13254,40.53251],[-74.13241,40.53255],[-74.13201,40.53313],[-74.13105,40.53402],[-74.13066,40.53462],[-74.13024,40.53507],[-74.12638,40.54057],[-74.12565,40.54149],[-74.12467,40.54268],[-74.12246,40.54478],[-74.12178,40.54517],[-74.12091,40.54532],[-74.1203,40.54528],[-74.1208,40.54479],[-74.1208,40.5447],[-74.12071,40.54465],[-74.11942,40.54509],[-74.11925,40.54526],[-74.11927,40.54537],[-74.1191,40.54547],[-74.1192,40.54559],[-74.11919,40.5457],[-74.11875,40.54601],[-74.11881,40.54615],[-74.11871,40.54626],[-74.11892,40.54643],[-74.11865,40.54679],[-74.1184,40.54678],[-74.1184,40.54696],[-74.11791,40.5473],[-74.11759,40.54724],[-74.11725,40.54734],[-74.11707,40.54731],[-74.11707,40.54744],[-74.11694,40.54741],[-74.11686,40.54759],[-74.11669,40.54758],[-74.11667,40.54778],[-74.11648,40.54769],[-74.11619,40.54782],[-74.1158,40.54774],[-74.1157,40.54758],[-74.11595,40.54741],[-74.11589,40.54737],[-74.11536,40.54751],[-74.11495,40.54791],[-74.11473,40.54802],[-74.11393,40.5481],[-74.11376,40.54803],[-74.11341,40.54806],[-74.11298,40.54779],[-74.11276,40.54794],[-74.11246,40.54832],[-74.11075,40.55093],[-74.11024,40.55155],[-74.10841,40.55346],[-74.10769,40.554],[-74.10711,40.55421],[-74.10651,40.55416],[-74.10642,40.55407],[-74.10643,40.55387],[-74.10492,40.55302],[-74.10488,40.55308],[-74.10512,40.55331],[-74.10483,40.55391],[-74.10399,40.55502],[-74.10307,40.55595],[-74.10266,40.55614],[-74.10141,40.55557],[-74.10138,40.55565],[-74.10191,40.55594],[-74.10195,40.55608],[-74.10118,40.55777],[-74.10047,40.55865],[-74.09978,40.55919],[-74.09936,40.55899],[-74.09921,40.5592],[-74.09873,40.55944],[-74.09801,40.55908],[-74.09783,40.55906],[-74.09782,40.55912],[-74.09835,40.55938],[-74.09825,40.55978],[-74.09798,40.56],[-74.09762,40.56074],[-74.09633,40.56251],[-74.09543,40.56318],[-74.09506,40.56317],[-74.09404,40.56275],[-74.09399,40.56281],[-74.09411,40.56291],[-74.09409,40.56314],[-74.09283,40.56457],[-74.09168,40.56609],[-74.09122,40.56658],[-74.09033,40.56727],[-74.08998,40.5674],[-74.08925,40.56704],[-74.08914,40.56715],[-74.0892,40.56719],[-74.08916,40.56725],[-74.08836,40.56827],[-74.08728,40.56907],[-74.08622,40.56854],[-74.08645,40.56875],[-74.08696,40.56901],[-74.08687,40.56922],[-74.08618,40.57013],[-74.08486,40.5714],[-74.08294,40.57286],[-74.08127,40.5744],[-74.08039,40.57508],[-74.07934,40.57564],[-74.07876,40.57506],[-74.07868,40.5751],[-74.07927,40.57568],[-74.07876,40.57603],[-74.07814,40.57668],[-74.07739,40.5773],[-74.07695,40.57754],[-74.07675,40.57737],[-74.07692,40.57763],[-74.07649,40.57798],[-74.0763,40.57791],[-74.07641,40.57802],[-74.07608,40.57827],[-74.07532,40.57791],[-74.07529,40.57803],[-74.0758,40.57832],[-74.07556,40.57874],[-74.0735,40.58062],[-74.07191,40.58184],[-74.0715,40.58203],[-74.07066,40.58164],[-74.0706,40.5817],[-74.07156,40.58227],[-74.07123,40.58294],[-74.07055,40.58375],[-74.06692,40.58709],[-74.06591,40.58788],[-74.06478,40.58853],[-74.06441,40.58824],[-74.06436,40.58828],[-74.06506,40.58894],[-74.06496,40.58913],[-74.06194,40.59231],[-74.06062,40.59336],[-74.05986,40.59378],[-74.01271,40.57866],[-74.01312,40.57787],[-74.01272,40.57722],[-74.01253,40.57675],[-74.01246,40.57599],[-74.01221,40.57522],[-74.01204,40.57491],[-74.01164,40.57446],[-74.01095,40.57407],[-74.00963,40.57371],[-74.00958,40.57376],[-74.00988,40.57387],[-74.01071,40.5741],[-74.01068,40.57426],[-74.00966,40.57395],[-74.00697,40.57356],[-74.00424,40.5727],[-74.00393,40.57248],[-74.00395,40.57237],[-74.00413,40.57229],[-74.00386,40.57217],[-74.00355,40.57213],[-74.00335,40.57228],[-74.00298,40.57213],[-74.00278,40.57193],[-74.00292,40.57184],[-74.00266,40.57172],[-74.00243,40.57135],[-74.00209,40.5696],[-74.00198,40.56963],[-74.00205,40.57013],[-74.00194,40.5702],[-74.00006,40.57048],[-73.99976,40.57048],[-73.99968,40.57039],[-73.99961,40.57047],[-73.99774,40.57035],[-73.99748,40.5703],[-73.99741,40.57012],[-73.99733,40.57017],[-73.99735,40.57028],[-73.99715,40.57038],[-73.99565,40.57043],[-73.99527,40.57033],[-73.99519,40.57003],[-73.99518,40.5703],[-73.99507,40.57035],[-73.99323,40.57039],[-73.99305,40.57035],[-73.99299,40.57022],[-73.99296,40.57038],[-73.99281,40.57043],[-73.99151,40.57059],[-73.99091,40.57057],[-73.99077,40.57026],[-73.99075,40.57058],[-73.9901,40.57073],[-73.98874,40.57089],[-73.98863,40.57071],[-73.98864,40.57089],[-73.98838,40.57094],[-73.98644,40.57108],[-73.98641,40.57114],[-73.98474,40.57133],[-73.98431,40.57134],[-73.98423,40.57121],[-73.98419,40.57135],[-73.9829,40.57155],[-73.98219,40.57157],[-73.98198,40.57126],[-73.98162,40.57126],[-73.98158,40.57131],[-73.98194,40.57133],[-73.98203,40.57149],[-73.98101,40.57169],[-73.98008,40.57173],[-73.98,40.5717],[-73.97987,40.57136],[-73.97946,40.57121],[-73.9794,40.57129],[-73.97972,40.57135],[-73.97985,40.57154],[-73.97943,40.57176],[-73.97882,40.57191],[-73.97778,40.57178],[-73.9777,40.57127],[-73.97808,40.57124],[-73.97768,40.57119],[-73.97758,40.57125],[-73.9777,40.57177],[-73.97756,40.57183],[-73.97649,40.57206],[-73.97569,40.57204],[-73.97557,40.57197],[-73.97544,40.57141],[-73.97549,40.57199],[-73.9754,40.57211],[-73.97423,40.57232],[-73.97365,40.57235],[-73.97341,40.57229],[-73.97334,40.57172],[-73.97325,40.57164],[-73.97334,40.57233],[-73.97252,40.57258],[-73.97155,40.57262],[-73.97119,40.57195],[-73.97114,40.57205],[-73.97137,40.57252],[-73.97134,40.57265],[-73.97043,40.57284],[-73.9696,40.57283],[-73.96926,40.57232],[-73.96947,40.57285],[-73.96858,40.57314],[-73.96757,40.57321],[-73.96741,40.57299],[-73.96748,40.57325],[-73.96715,40.57333],[-73.96018,40.57392],[-73.95909,40.57387],[-73.95899,40.57344],[-73.95898,40.57396],[-73.95847,40.57409],[-73.95657,40.57417],[-73.95648,40.57415],[-73.95633,40.5738],[-73.95638,40.57421],[-73.95597,40.57431],[-73.95513,40.57438],[-73.95423,40.57436],[-73.95412,40.57432],[-73.95408,40.57408],[-73.954,40.57428],[-73.95245,40.57425],[-73.95204,40.57442],[-73.94995,40.57456],[-73.94887,40.5748],[-73.94606,40.57509],[-73.94593,40.57512],[-73.94593,40.57521],[-73.94621,40.57521],[-73.9462,40.57534],[-73.94594,40.57552],[-73.94569,40.57556],[-73.94474,40.57552],[-73.94459,40.57526],[-73.94464,40.57571],[-73.9442,40.57583],[-73.94262,40.57563],[-73.94243,40.57553],[-73.9425,40.57541],[-73.94233,40.57538],[-73.93686,40.57556],[-73.93673,40.57543],[-73.93666,40.57548],[-73.93658,40.57587],[-73.93629,40.57589],[-73.93498,40.57558],[-73.93495,40.57528],[-73.93487,40.57558],[-73.93148,40.57571],[-73.93658,40.55686],[-73.93828,40.55593],[-73.93933,40.55514],[-73.94023,40.55404],[-73.94043,40.55359],[-73.94056,40.553],[-73.94055,40.55159],[-73.94013,40.54952],[-73.94007,40.54874],[-73.94031,40.54595],[-73.94043,40.54573],[-73.94097,40.53721],[-73.94234,40.50337],[-73.97978,40.52054],[-74.10401,40.49794],[-74.13708,40.49216]],[[-74.05001,40.56535],[-74.04925,40.56539],[-74.04932,40.56586],[-74.05,40.56639],[-74.05045,40.5664],[-74.05099,40.56669],[-74.05063,40.56635],[-74.05064,40.5662],[-74.05085,40.56611],[-74.05071,40.56607],[-74.0507,40.56591],[-74.05001,40.56535]],[[-74.0541,40.57715],[-74.05322,40.5777],[-74.05301,40.57987],[-74.05373,40.58049],[-74.05452,40.58008],[-74.05482,40.57974],[-74.05462,40.57967],[-74.05464,40.5794],[-74.05476,40.57936],[-74.05471,40.57913],[-74.05485,40.57778],[-74.0541,40.57715]]]},"properties":{"waterbodyId":26,"name":"Lower New York Bay"}},{"type":"Feature","geometry":{"type":"Polygon","coordinates":[[[-74.17072,40.56279],[-74.1713,40.56313],[-74.1718,40.56313],[-74.1724,40.56337],[-74.17273,40.56318],[-74.1724,40.56312],[-74.17242,40.56305],[-74.17275,40.56298],[-74.17309,40.56307],[-74.17321,40.56327],[-74.17272,40.56328],[-74.17267,40.56337],[-74.17312,40.5635],[-74.17332,40.56366],[-74.17369,40.56434],[-74.17374,40.56463],[-74.17406,40.56465],[-74.17425,40.56498],[-74.17405,40.56499],[-74.17401,40.56478],[-74.17392,40.56474],[-74.17385,40.56507],[-74.1739,40.56523],[-74.17434,40.56552],[-74.1745,40.56544],[-74.17451,40.56511],[-74.17435,40.56462],[-74.17403,40.5645],[-74.17416,40.56437],[-74.175,40.56442],[-74.17515,40.56481],[-74.17536,40.56497],[-74.17591,40.56491],[-74.17613,40.56465],[-74.1763,40.56457],[-74.17647,40.5646],[-74.1765,40.56468],[-74.17678,40.56468],[-74.17753,40.56488],[-74.17714,40.56488],[-74.17625,40.56463],[-74.17592,40.565],[-74.17554,40.56508],[-74.17553,40.56523],[-74.1753,40.56542],[-74.17502,40.56584],[-74.17503,40.56594],[-74.17489,40.56601],[-74.17495,40.56617],[-74.17488,40.56634],[-74.17505,40.56652],[-74.17553,40.56665],[-74.17608,40.56714],[-74.17656,40.56819],[-74.17654,40.56833],[-74.17687,40.56843],[-74.17686,40.56868],[-74.17699,40.56888],[-74.17715,40.56946],[-74.17729,40.56958],[-74.17729,40.56974],[-74.17755,40.5702],[-74.17857,40.57111],[-74.18008,40.57201],[-74.18125,40.57245],[-74.18145,40.57242],[-74.18163,40.57256],[-74.18321,40.57303],[-74.18325,40.57311],[-74.18388,40.57293],[-74.18433,40.5727],[-74.1848,40.57227],[-74.18503,40.57239],[-74.18537,40.57237],[-74.18528,40.57249],[-74.18493,40.57245],[-74.18477,40.57253],[-74.18451,40.5728],[-74.18474,40.57286],[-74.18472,40.57291],[-74.18428,40.57291],[-74.18356,40.57325],[-74.18415,40.57359],[-74.18498,40.57441],[-74.18515,40.57447],[-74.18554,40.57506],[-74.18567,40.57548],[-74.18593,40.57578],[-74.18592,40.57589],[-74.18617,40.57618],[-74.18659,40.57646],[-74.1858,40.57801],[-74.18414,40.57793],[-74.18373,40.57801],[-74.18362,40.57811],[-74.18279,40.57802],[-74.18193,40.57804],[-74.18142,40.57822],[-74.18103,40.57847],[-74.18086,40.57847],[-74.18063,40.57867],[-74.18019,40.57928],[-74.18001,40.57971],[-74.18011,40.58026],[-74.18022,40.58038],[-74.18015,40.58043],[-74.18006,40.58034],[-74.18006,40.58049],[-74.18026,40.58094],[-74.18049,40.58125],[-74.18066,40.58132],[-74.18114,40.58202],[-74.18176,40.58251],[-74.18173,40.58257],[-74.1821,40.58326],[-74.18247,40.58379],[-74.18262,40.58387],[-74.18281,40.58413],[-74.18304,40.58466],[-74.18303,40.58492],[-74.18314,40.58511],[-74.18301,40.58546],[-74.18306,40.58574],[-74.18297,40.5859],[-74.1828,40.58598],[-74.1828,40.58625],[-74.18132,40.58765],[-74.18041,40.58818],[-74.18021,40.58848],[-74.18021,40.58866],[-74.18036,40.5889],[-74.18032,40.5891],[-74.1802,40.58914],[-74.18034,40.58915],[-74.18054,40.5893],[-74.18055,40.58953],[-74.18125,40.59049],[-74.18148,40.59122],[-74.18147,40.59172],[-74.18127,40.59189],[-74.18122,40.59214],[-74.18105,40.59233],[-74.18097,40.59293],[-74.18084,40.59312],[-74.18123,40.59321],[-74.18212,40.59362],[-74.1825,40.59354],[-74.183,40.59317],[-74.18394,40.59225],[-74.18452,40.59133],[-74.18542,40.59083],[-74.18638,40.58962],[-74.18547,40.59082],[-74.18466,40.59128],[-74.18406,40.59221],[-74.18251,40.5936],[-74.18217,40.5937],[-74.18122,40.59326],[-74.18084,40.59323],[-74.18071,40.59354],[-74.18038,40.5938],[-74.18112,40.59439],[-74.18035,40.59384],[-74.18009,40.59386],[-74.18004,40.59397],[-74.18039,40.59437],[-74.1801,40.5946],[-74.17989,40.59492],[-74.18004,40.59456],[-74.18033,40.59437],[-74.17993,40.59403],[-74.17948,40.59427],[-74.17939,40.59469],[-74.17964,40.59513],[-74.17929,40.59471],[-74.17928,40.5943],[-74.17858,40.59442],[-74.1774,40.59434],[-74.17726,40.59451],[-74.17752,40.59569],[-74.1776,40.59571],[-74.17765,40.59547],[-74.17784,40.59549],[-74.17813,40.59536],[-74.17833,40.59541],[-74.17814,40.59538],[-74.17785,40.59554],[-74.1777,40.59553],[-74.17769,40.5958],[-74.17753,40.59586],[-74.17744,40.59605],[-74.17782,40.59623],[-74.17814,40.59595],[-74.17856,40.59585],[-74.17811,40.59601],[-74.17794,40.59623],[-74.17814,40.5963],[-74.1783,40.59651],[-74.17846,40.59639],[-74.1787,40.59651],[-74.17846,40.59641],[-74.17828,40.59656],[-74.17808,40.59633],[-74.17756,40.59628],[-74.1774,40.59617],[-74.17704,40.59636],[-74.17686,40.59667],[-74.17683,40.5973],[-74.17617,40.5978],[-74.17605,40.5978],[-74.17594,40.59768],[-74.17586,40.59785],[-74.17584,40.59826],[-74.17527,40.59871],[-74.1751,40.59932],[-74.17517,40.59953],[-74.17537,40.59966],[-74.17536,40.59973],[-74.17504,40.59939],[-74.17493,40.59952],[-74.17469,40.59957],[-74.17379,40.5994],[-74.17359,40.59929],[-74.17346,40.59934],[-74.17321,40.59998],[-74.17279,40.60022],[-74.17326,40.6003],[-74.17322,40.60058],[-74.17298,40.60066],[-74.1726,40.60061],[-74.17296,40.6008],[-74.17298,40.60091],[-74.17282,40.60113],[-74.17235,40.60118],[-74.17241,40.60126],[-74.17274,40.6013],[-74.17286,40.60159],[-74.17245,40.60167],[-74.17243,40.60185],[-74.17183,40.60214],[-74.17167,40.60238],[-74.1716,40.60236],[-74.17172,40.60213],[-74.17236,40.6018],[-74.17239,40.60163],[-74.17278,40.60155],[-74.1726,40.60129],[-74.17205,40.60146],[-74.17233,40.6013],[-74.17229,40.60114],[-74.17279,40.60108],[-74.17292,40.60088],[-74.17253,40.60068],[-74.1725,40.60056],[-74.17302,40.60059],[-74.17319,40.60045],[-74.17319,40.60036],[-74.17281,40.60033],[-74.1727,40.60021],[-74.17282,40.60005],[-74.17311,40.59995],[-74.17328,40.59953],[-74.17278,40.59969],[-74.17328,40.59947],[-74.17335,40.59927],[-74.17348,40.59919],[-74.17436,40.59942],[-74.17487,40.59942],[-74.17508,40.59892],[-74.17495,40.59888],[-74.17486,40.59834],[-74.17475,40.59825],[-74.17488,40.59832],[-74.17502,40.59888],[-74.17509,40.59888],[-74.17523,40.59854],[-74.17552,40.59842],[-74.17566,40.59826],[-74.17567,40.598],[-74.17554,40.59788],[-74.17563,40.59769],[-74.17557,40.59754],[-74.17531,40.5974],[-74.1753,40.59729],[-74.17489,40.59735],[-74.17473,40.59751],[-74.17458,40.59752],[-74.1745,40.59738],[-74.17456,40.5972],[-74.17435,40.5969],[-74.17461,40.59671],[-74.17429,40.59648],[-74.17409,40.59645],[-74.1743,40.59641],[-74.17437,40.59622],[-74.17467,40.59612],[-74.17468,40.59591],[-74.17491,40.59537],[-74.17473,40.59596],[-74.17476,40.59615],[-74.17438,40.5964],[-74.17467,40.5967],[-74.17445,40.59693],[-74.17469,40.59717],[-74.1746,40.59736],[-74.1747,40.5974],[-74.17484,40.59727],[-74.17542,40.59719],[-74.17549,40.59736],[-74.17563,40.59738],[-74.17579,40.59754],[-74.1763,40.59739],[-74.17648,40.59721],[-74.17645,40.59668],[-74.17657,40.59639],[-74.17684,40.59608],[-74.177,40.59564],[-74.17692,40.59541],[-74.17672,40.59535],[-74.17681,40.5951],[-74.17674,40.59464],[-74.17666,40.59458],[-74.17681,40.59427],[-74.17676,40.59398],[-74.17648,40.59379],[-74.17652,40.59352],[-74.17638,40.59335],[-74.17643,40.59324],[-74.17637,40.59308],[-74.17597,40.59272],[-74.17577,40.59274],[-74.17558,40.5932],[-74.17533,40.59324],[-74.17525,40.59337],[-74.17529,40.59352],[-74.17551,40.59355],[-74.17558,40.59365],[-74.17551,40.5943],[-74.17544,40.59411],[-74.1755,40.59363],[-74.1752,40.59362],[-74.17515,40.59339],[-74.17523,40.5932],[-74.1755,40.59315],[-74.17562,40.5927],[-74.17547,40.59251],[-74.17557,40.59239],[-74.17535,40.59195],[-74.17544,40.59194],[-74.1756,40.59212],[-74.17561,40.59228],[-74.17574,40.59242],[-74.17571,40.59256],[-74.17598,40.59258],[-74.17635,40.59276],[-74.17658,40.59296],[-74.17672,40.59328],[-74.17711,40.59369],[-74.17737,40.59378],[-74.17781,40.59377],[-74.17815,40.5936],[-74.17802,40.59348],[-74.17807,40.59331],[-74.17793,40.59322],[-74.1779,40.59292],[-74.17801,40.59321],[-74.17819,40.59324],[-74.17809,40.59344],[-74.17823,40.59358],[-74.17815,40.59375],[-74.17866,40.5937],[-74.17947,40.59336],[-74.17988,40.59291],[-74.17945,40.59259],[-74.17889,40.59257],[-74.17945,40.59253],[-74.17981,40.59271],[-74.18005,40.59255],[-74.18019,40.59189],[-74.18016,40.59143],[-74.18006,40.59133],[-74.18018,40.59117],[-74.1799,40.59084],[-74.18001,40.59061],[-74.17979,40.59043],[-74.17966,40.59019],[-74.17915,40.58978],[-74.17899,40.58945],[-74.17831,40.58952],[-74.17824,40.58964],[-74.17808,40.58952],[-74.17793,40.58954],[-74.17731,40.58972],[-74.17677,40.59011],[-74.17649,40.59045],[-74.17642,40.59072],[-74.17626,40.59079],[-74.17624,40.59093],[-74.17656,40.59115],[-74.17698,40.59123],[-74.1775,40.59108],[-74.17738,40.59071],[-74.17747,40.59066],[-74.1775,40.59097],[-74.17767,40.59114],[-74.17787,40.59117],[-74.17808,40.59111],[-74.17818,40.59095],[-74.17852,40.59078],[-74.1787,40.59076],[-74.17825,40.591],[-74.1782,40.5911],[-74.17872,40.59123],[-74.17875,40.59139],[-74.17866,40.59125],[-74.17853,40.5913],[-74.17809,40.59118],[-74.17789,40.59129],[-74.17795,40.59141],[-74.1782,40.59153],[-74.17813,40.59161],[-74.17806,40.59149],[-74.17787,40.59146],[-74.17782,40.5913],[-74.17772,40.59126],[-74.17781,40.59168],[-74.17792,40.59178],[-74.17775,40.59172],[-74.17751,40.59197],[-74.17771,40.5916],[-74.17757,40.59127],[-74.17741,40.59128],[-74.1767,40.59159],[-74.17651,40.59197],[-74.17661,40.59162],[-74.17681,40.59144],[-74.17645,40.59132],[-74.17644,40.59149],[-74.17639,40.59148],[-74.17607,40.59122],[-74.17608,40.59106],[-74.17594,40.59092],[-74.17542,40.59108],[-74.17462,40.59098],[-74.17437,40.59109],[-74.17433,40.5913],[-74.17424,40.59106],[-74.17393,40.59093],[-74.17377,40.59094],[-74.17338,40.59106],[-74.17344,40.59128],[-74.17357,40.59134],[-74.17344,40.5914],[-74.17358,40.59184],[-74.17385,40.59186],[-74.17361,40.59189],[-74.17359,40.59206],[-74.17349,40.5921],[-74.17361,40.59218],[-74.17364,40.59241],[-74.17344,40.59213],[-74.17352,40.59189],[-74.17334,40.59145],[-74.17287,40.59173],[-74.17279,40.59195],[-74.17278,40.59169],[-74.17252,40.59161],[-74.17244,40.59182],[-74.17236,40.59178],[-74.17252,40.59154],[-74.17279,40.59163],[-74.17331,40.59135],[-74.17316,40.59102],[-74.17321,40.59084],[-74.17284,40.59072],[-74.17271,40.59056],[-74.17267,40.59036],[-74.17285,40.59022],[-74.17149,40.59038],[-74.17119,40.59053],[-74.1715,40.5905],[-74.17153,40.59059],[-74.17146,40.59053],[-74.17122,40.5906],[-74.17103,40.59053],[-74.17095,40.59057],[-74.17096,40.5907],[-74.17082,40.59064],[-74.17071,40.59129],[-74.17052,40.59159],[-74.17086,40.59172],[-74.17088,40.59198],[-74.17119,40.5921],[-74.17122,40.59232],[-74.17239,40.59317],[-74.1713,40.59242],[-74.17041,40.5923],[-74.17033,40.59249],[-74.17018,40.59262],[-74.1704,40.59264],[-74.17051,40.59274],[-74.17071,40.59271],[-74.17082,40.5928],[-74.17093,40.5927],[-74.17102,40.5929],[-74.17116,40.59296],[-74.17092,40.59321],[-74.17097,40.59335],[-74.17089,40.59348],[-74.17088,40.59319],[-74.1711,40.59298],[-74.17098,40.59292],[-74.17092,40.59274],[-74.17069,40.59297],[-74.16991,40.5931],[-74.17069,40.59294],[-74.17078,40.59285],[-74.17067,40.59275],[-74.17044,40.59279],[-74.17035,40.5927],[-74.1701,40.59265],[-74.17026,40.59249],[-74.17033,40.59227],[-74.17099,40.59231],[-74.1711,40.59224],[-74.17109,40.59217],[-74.1708,40.59208],[-74.17071,40.59181],[-74.17044,40.59179],[-74.17049,40.59174],[-74.17039,40.59155],[-74.17056,40.59119],[-74.17058,40.59073],[-74.17032,40.59076],[-74.17014,40.59069],[-74.16994,40.59078],[-74.17004,40.59092],[-74.16996,40.59125],[-74.17008,40.59131],[-74.16991,40.59128],[-74.16984,40.59147],[-74.1696,40.59157],[-74.16957,40.59169],[-74.16926,40.5919],[-74.16894,40.5923],[-74.16894,40.59253],[-74.16883,40.59268],[-74.16877,40.59269],[-74.16886,40.59232],[-74.16849,40.59252],[-74.16859,40.59235],[-74.16884,40.59228],[-74.16837,40.59206],[-74.16892,40.59223],[-74.16924,40.59181],[-74.16919,40.59178],[-74.16979,40.59135],[-74.16985,40.59092],[-74.16978,40.59087],[-74.16977,40.59071],[-74.17007,40.59058],[-74.17038,40.59065],[-74.17057,40.59054],[-74.17022,40.59042],[-74.17,40.59003],[-74.16972,40.58986],[-74.16885,40.58992],[-74.16876,40.59008],[-74.16886,40.59023],[-74.1685,40.5905],[-74.16869,40.59052],[-74.16883,40.59082],[-74.16863,40.59084],[-74.16875,40.59103],[-74.16847,40.59125],[-74.16862,40.59104],[-74.16872,40.59102],[-74.16858,40.59084],[-74.16875,40.59078],[-74.16865,40.59053],[-74.1685,40.59057],[-74.16846,40.5905],[-74.16863,40.59038],[-74.16859,40.5903],[-74.16881,40.59022],[-74.16879,40.59014],[-74.1682,40.59007],[-74.1678,40.59011],[-74.16758,40.59028],[-74.16731,40.5901],[-74.16668,40.59079],[-74.16687,40.59092],[-74.16687,40.59099],[-74.16665,40.59102],[-74.16681,40.59128],[-74.16699,40.59136],[-74.16705,40.59156],[-74.16782,40.59187],[-74.16736,40.59219],[-74.16662,40.59216],[-74.16639,40.59204],[-74.16606,40.59215],[-74.16555,40.59245],[-74.16522,40.59251],[-74.16512,40.59267],[-74.16486,40.59265],[-74.16471,40.59288],[-74.16441,40.59299],[-74.16425,40.59319],[-74.16411,40.59324],[-74.16439,40.59296],[-74.16468,40.59286],[-74.16484,40.59263],[-74.16509,40.59265],[-74.1652,40.59248],[-74.16554,40.59242],[-74.16604,40.59213],[-74.16638,40.59202],[-74.16663,40.59213],[-74.16735,40.59217],[-74.16775,40.59189],[-74.16777,40.59184],[-74.16702,40.59157],[-74.16696,40.59137],[-74.1667,40.59122],[-74.16661,40.59102],[-74.16684,40.59094],[-74.16608,40.59081],[-74.16664,40.59087],[-74.16664,40.59077],[-74.16707,40.59037],[-74.16725,40.59008],[-74.16742,40.59008],[-74.16757,40.59024],[-74.16779,40.59007],[-74.16799,40.59005],[-74.16806,40.58973],[-74.16777,40.58945],[-74.16772,40.58928],[-74.16781,40.58945],[-74.16807,40.58966],[-74.16805,40.59004],[-74.1683,40.58999],[-74.16859,40.59008],[-74.16878,40.58985],[-74.1694,40.58975],[-74.16985,40.5898],[-74.16973,40.58953],[-74.1696,40.58946],[-74.16965,40.58934],[-74.16955,40.58882],[-74.16972,40.58831],[-74.16961,40.58897],[-74.16979,40.58922],[-74.17003,40.58986],[-74.17046,40.59042],[-74.17077,40.59032],[-74.17091,40.59007],[-74.17092,40.59022],[-74.17213,40.59004],[-74.17193,40.59001],[-74.17191,40.58989],[-74.17202,40.58999],[-74.17209,40.58986],[-74.1724,40.58984],[-74.17237,40.58961],[-74.17254,40.58991],[-74.1731,40.59002],[-74.17314,40.58991],[-74.1733,40.59009],[-74.17383,40.5903],[-74.17389,40.59026],[-74.17379,40.58999],[-74.17403,40.59032],[-74.17478,40.59037],[-74.17505,40.59029],[-74.17511,40.59019],[-74.17482,40.59013],[-74.1747,40.58998],[-74.17445,40.58987],[-74.17413,40.58983],[-74.17447,40.5898],[-74.17489,40.59004],[-74.17528,40.59],[-74.17573,40.58977],[-74.17573,40.58959],[-74.17596,40.58935],[-74.17625,40.58932],[-74.17651,40.58903],[-74.1765,40.58886],[-74.1767,40.58875],[-74.17658,40.5884],[-74.1763,40.58857],[-74.17568,40.58875],[-74.17566,40.58869],[-74.17601,40.58861],[-74.17605,40.58851],[-74.17628,40.58852],[-74.17659,40.58832],[-74.17668,40.58838],[-74.1768,40.58869],[-74.17714,40.58869],[-74.1774,40.58858],[-74.17737,40.58847],[-74.17745,40.58835],[-74.17781,40.5882],[-74.1782,40.58814],[-74.17833,40.58823],[-74.17855,40.58823],[-74.17893,40.58783],[-74.17918,40.58776],[-74.17965,40.58738],[-74.17981,40.58712],[-74.17913,40.58698],[-74.179,40.58668],[-74.17907,40.5864],[-74.1797,40.58632],[-74.17977,40.586],[-74.18016,40.58617],[-74.18105,40.58591],[-74.1813,40.58561],[-74.18135,40.58516],[-74.18113,40.58486],[-74.18111,40.58466],[-74.18071,40.5842],[-74.18028,40.58386],[-74.18009,40.5838],[-74.17991,40.58353],[-74.17932,40.58321],[-74.17925,40.58291],[-74.17899,40.58274],[-74.17867,40.5823],[-74.17845,40.58144],[-74.17798,40.58068],[-74.17807,40.58047],[-74.17826,40.58033],[-74.17818,40.58002],[-74.17824,40.57968],[-74.17868,40.57901],[-74.17897,40.5788],[-74.17908,40.5788],[-74.17951,40.57821],[-74.17985,40.57792],[-74.1799,40.57775],[-74.18026,40.57759],[-74.18035,40.57723],[-74.18054,40.5772],[-74.18083,40.57701],[-74.18162,40.57679],[-74.18205,40.57675],[-74.18217,40.57666],[-74.18222,40.57672],[-74.18249,40.57667],[-74.18279,40.57673],[-74.18303,40.57685],[-74.18372,40.57678],[-74.18502,40.5768],[-74.18398,40.57523],[-74.18373,40.57511],[-74.18369,40.57488],[-74.1835,40.57456],[-74.18303,40.57438],[-74.18331,40.57433],[-74.18322,40.57421],[-74.18292,40.57409],[-74.18295,40.57401],[-74.18284,40.57394],[-74.18235,40.57384],[-74.1811,40.57337],[-74.18048,40.57319],[-74.18013,40.57322],[-74.18,40.57302],[-74.17948,40.57283],[-74.17925,40.57285],[-74.17915,40.57263],[-74.17871,40.57237],[-74.17832,40.57255],[-74.17827,40.57249],[-74.17838,40.57229],[-74.17826,40.57209],[-74.17774,40.57184],[-74.17743,40.57151],[-74.17719,40.57144],[-74.17704,40.57116],[-74.17661,40.57101],[-74.17663,40.57077],[-74.17651,40.57073],[-74.17613,40.57023],[-74.1759,40.57019],[-74.17596,40.57013],[-74.17592,40.57001],[-74.17557,40.56999],[-74.17553,40.56988],[-74.1757,40.56985],[-74.17583,40.56965],[-74.17567,40.56948],[-74.17556,40.5691],[-74.17557,40.56883],[-74.17547,40.56872],[-74.17551,40.56853],[-74.17527,40.56799],[-74.17511,40.56799],[-74.17517,40.56778],[-74.1748,40.56729],[-74.17448,40.56703],[-74.17434,40.56708],[-74.1742,40.56695],[-74.17366,40.567],[-74.17365,40.56723],[-74.17355,40.56721],[-74.17359,40.56708],[-74.17344,40.56705],[-74.17286,40.56724],[-74.17262,40.56721],[-74.17232,40.56741],[-74.17221,40.56732],[-74.17176,40.56731],[-74.17166,40.5674],[-74.17165,40.5676],[-74.1715,40.56756],[-74.17141,40.56734],[-74.17033,40.56722],[-74.17024,40.56732],[-74.17038,40.56755],[-74.17059,40.56765],[-74.17036,40.56764],[-74.17039,40.56794],[-74.17021,40.568],[-74.17053,40.56816],[-74.17053,40.56856],[-74.17065,40.56876],[-74.17092,40.56892],[-74.17089,40.56944],[-74.17122,40.56997],[-74.17194,40.57075],[-74.17291,40.57111],[-74.17304,40.57133],[-74.17304,40.57168],[-74.17266,40.57294],[-74.17215,40.57357],[-74.17165,40.574],[-74.17158,40.57398],[-74.17163,40.5739],[-74.17212,40.57349],[-74.17257,40.57292],[-74.17295,40.57167],[-74.17295,40.57134],[-74.17285,40.57116],[-74.17188,40.57079],[-74.17135,40.57021],[-74.17086,40.56945],[-74.17086,40.56889],[-74.17071,40.56888],[-74.17058,40.56875],[-74.17042,40.56821],[-74.17019,40.56819],[-74.1701,40.56806],[-74.17008,40.56789],[-74.17025,40.56786],[-74.17018,40.56766],[-74.17025,40.56756],[-74.17012,40.56755],[-74.17016,40.56747],[-74.17002,40.56727],[-74.16998,40.56695],[-74.16982,40.56689],[-74.16914,40.56695],[-74.16909,40.56997],[-74.1687,40.57047],[-74.16823,40.57088],[-74.16828,40.57073],[-74.16853,40.57057],[-74.16903,40.56999],[-74.1691,40.56773],[-74.16904,40.56694],[-74.16897,40.56692],[-74.1683,40.56707],[-74.1681,40.56719],[-74.16806,40.56739],[-74.16791,40.56745],[-74.16779,40.56741],[-74.16784,40.56725],[-74.16773,40.56721],[-74.16709,40.56733],[-74.16702,40.56746],[-74.16683,40.56739],[-74.16643,40.56754],[-74.16619,40.56782],[-74.16601,40.5679],[-74.16573,40.56835],[-74.16563,40.56836],[-74.16557,40.56851],[-74.16561,40.56869],[-74.16555,40.56875],[-74.16543,40.56873],[-74.16531,40.56857],[-74.16521,40.56874],[-74.16432,40.56902],[-74.16419,40.56913],[-74.16271,40.56955],[-74.16235,40.56987],[-74.16223,40.5697],[-74.16154,40.56971],[-74.16144,40.57011],[-74.16151,40.57021],[-74.16149,40.57059],[-74.1614,40.57007],[-74.16087,40.57024],[-74.16097,40.57009],[-74.16111,40.57012],[-74.1614,40.57],[-74.16134,40.56976],[-74.16106,40.56967],[-74.15994,40.56958],[-74.15859,40.56989],[-74.15817,40.56984],[-74.15807,40.57027],[-74.15878,40.57105],[-74.15787,40.57031],[-74.15734,40.57053],[-74.1567,40.57096],[-74.15608,40.57105],[-74.15589,40.5709],[-74.15583,40.57046],[-74.15555,40.57019],[-74.15543,40.57026],[-74.15531,40.57061],[-74.155,40.57082],[-74.15468,40.57071],[-74.15442,40.57037],[-74.15418,40.5702],[-74.15369,40.57016],[-74.15345,40.57029],[-74.15362,40.57092],[-74.15347,40.57107],[-74.15316,40.57102],[-74.153,40.57068],[-74.15274,40.57056],[-74.15238,40.57073],[-74.15234,40.57086],[-74.15242,40.57096],[-74.1528,40.5712],[-74.15286,40.57131],[-74.15226,40.57162],[-74.15206,40.5716],[-74.15188,40.5711],[-74.15168,40.57093],[-74.15153,40.57093],[-74.15141,40.57098],[-74.15137,40.5711],[-74.15154,40.57152],[-74.15126,40.5718],[-74.15102,40.57174],[-74.15096,40.57116],[-74.15026,40.57144],[-74.15023,40.57156],[-74.14989,40.57187],[-74.14907,40.57204],[-74.14895,40.57198],[-74.14892,40.57184],[-74.14865,40.57176],[-74.14843,40.57215],[-74.14811,40.57225],[-74.14777,40.57225],[-74.14767,40.57247],[-74.14673,40.57231],[-74.14615,40.57246],[-74.14493,40.57259],[-74.14426,40.57265],[-74.14409,40.57258],[-74.14394,40.57267],[-74.14376,40.5726],[-74.14324,40.57281],[-74.14318,40.57294],[-74.14285,40.57315],[-74.14182,40.57319],[-74.14172,40.57354],[-74.14154,40.57371],[-74.14147,40.57364],[-74.14171,40.5735],[-74.14173,40.57325],[-74.14182,40.57315],[-74.14282,40.57312],[-74.14315,40.57291],[-74.1432,40.57278],[-74.14374,40.57257],[-74.14394,40.57264],[-74.14407,40.57252],[-74.14436,40.5726],[-74.14484,40.57235],[-74.14534,40.57228],[-74.14674,40.57228],[-74.14763,40.57242],[-74.14773,40.5722],[-74.1484,40.57211],[-74.14857,40.57187],[-74.14858,40.57171],[-74.14895,40.57178],[-74.14908,40.57199],[-74.14983,40.57182],[-74.15021,40.57142],[-74.15058,40.57127],[-74.15083,40.57104],[-74.15104,40.57116],[-74.151,40.57131],[-74.15109,40.57152],[-74.15106,40.57168],[-74.1512,40.57176],[-74.15146,40.5715],[-74.15139,40.57138],[-74.15142,40.57126],[-74.15131,40.5711],[-74.15138,40.57094],[-74.15221,40.57083],[-74.15233,40.57067],[-74.15266,40.57049],[-74.153,40.5706],[-74.15316,40.57075],[-74.15319,40.57093],[-74.15345,40.57101],[-74.15354,40.57089],[-74.15331,40.57037],[-74.15318,40.57037],[-74.15303,40.57023],[-74.15286,40.57032],[-74.15252,40.57024],[-74.15258,40.57018],[-74.15282,40.57025],[-74.15304,40.57019],[-74.15331,40.57032],[-74.15346,40.57013],[-74.1523,40.56979],[-74.15221,40.56941],[-74.15226,40.56911],[-74.15211,40.56842],[-74.15242,40.56809],[-74.15215,40.56772],[-74.15219,40.56768],[-74.15247,40.56797],[-74.15267,40.56803],[-74.15283,40.56792],[-74.15273,40.56806],[-74.15251,40.56804],[-74.15224,40.56842],[-74.15239,40.56976],[-74.15351,40.57008],[-74.15419,40.57007],[-74.15458,40.57031],[-74.1548,40.57063],[-74.15501,40.5707],[-74.15537,40.57009],[-74.15555,40.57005],[-74.15593,40.57023],[-74.15577,40.56987],[-74.15563,40.56977],[-74.15523,40.5697],[-74.1549,40.56987],[-74.15484,40.56998],[-74.15468,40.56997],[-74.15524,40.56965],[-74.15527,40.56933],[-74.15534,40.56935],[-74.15533,40.56965],[-74.15566,40.56964],[-74.1557,40.56944],[-74.15703,40.56899],[-74.1571,40.56894],[-74.15704,40.56884],[-74.15711,40.56878],[-74.15723,40.56881],[-74.15738,40.56872],[-74.15752,40.5688],[-74.15773,40.56878],[-74.15781,40.56896],[-74.15806,40.56889],[-74.1581,40.56899],[-74.15859,40.56921],[-74.15872,40.56909],[-74.15907,40.56906],[-74.15931,40.56892],[-74.16015,40.56884],[-74.16089,40.56908],[-74.16173,40.56913],[-74.16222,40.56898],[-74.16302,40.56889],[-74.1638,40.56861],[-74.16428,40.56835],[-74.16424,40.56797],[-74.16398,40.56765],[-74.16349,40.5677],[-74.16332,40.56748],[-74.16306,40.56756],[-74.16306,40.56713],[-74.1628,40.56709],[-74.16276,40.56699],[-74.16315,40.56702],[-74.16315,40.56739],[-74.1634,40.56741],[-74.16342,40.56759],[-74.1638,40.56767],[-74.16402,40.56758],[-74.16442,40.56819],[-74.16461,40.5682],[-74.16481,40.56795],[-74.16499,40.56799],[-74.16507,40.56777],[-74.16528,40.56757],[-74.16518,40.56721],[-74.16528,40.56706],[-74.16489,40.56672],[-74.16471,40.56626],[-74.16456,40.56635],[-74.16456,40.56649],[-74.16428,40.56648],[-74.1645,40.56645],[-74.1645,40.56632],[-74.1647,40.56613],[-74.16452,40.56572],[-74.16431,40.56552],[-74.16401,40.56542],[-74.16411,40.56524],[-74.16465,40.56546],[-74.16493,40.56573],[-74.16578,40.56563],[-74.16564,40.56531],[-74.16569,40.56518],[-74.16591,40.56563],[-74.16538,40.56579],[-74.16495,40.56581],[-74.16521,40.56655],[-74.16551,40.56674],[-74.1659,40.56682],[-74.16631,40.56678],[-74.16653,40.56665],[-74.16653,40.56633],[-74.16687,40.56613],[-74.16679,40.56577],[-74.16694,40.56561],[-74.16715,40.56558],[-74.16713,40.56537],[-74.16723,40.56557],[-74.16685,40.56579],[-74.16695,40.56613],[-74.16666,40.56638],[-74.16678,40.56655],[-74.1669,40.56648],[-74.16735,40.56649],[-74.16764,40.56633],[-74.16786,40.56635],[-74.16822,40.56617],[-74.16893,40.56604],[-74.1699,40.56609],[-74.17028,40.566],[-74.17098,40.56631],[-74.17145,40.56618],[-74.17146,40.56602],[-74.17166,40.56591],[-74.17272,40.56584],[-74.17306,40.56523],[-74.17321,40.56512],[-74.17307,40.56504],[-74.1732,40.56493],[-74.1731,40.56489],[-74.17306,40.56476],[-74.17221,40.56474],[-74.17208,40.56492],[-74.17227,40.56525],[-74.17214,40.5653],[-74.17217,40.56513],[-74.17202,40.5649],[-74.17173,40.56504],[-74.17217,40.56465],[-74.17176,40.56427],[-74.17149,40.56448],[-74.17151,40.56483],[-74.17127,40.56484],[-74.17146,40.56459],[-74.17143,40.56448],[-74.1717,40.56423],[-74.1719,40.56422],[-74.17202,40.56443],[-74.17231,40.56456],[-74.17309,40.5645],[-74.17292,40.56409],[-74.17308,40.56375],[-74.17302,40.56371],[-74.17258,40.56364],[-74.17246,40.5638],[-74.17231,40.56383],[-74.17239,40.56358],[-74.17135,40.56334],[-74.17103,40.56356],[-74.171,40.56381],[-74.17111,40.56421],[-74.17091,40.56456],[-74.17077,40.56463],[-74.17008,40.56467],[-74.16993,40.56453],[-74.16922,40.56427],[-74.169,40.56396],[-74.16841,40.56412],[-74.1682,40.56408],[-74.16779,40.56362],[-74.16719,40.56366],[-74.16641,40.56326],[-74.16644,40.5632],[-74.16723,40.56359],[-74.16768,40.56352],[-74.16789,40.56358],[-74.16807,40.56389],[-74.16828,40.56403],[-74.16903,40.56387],[-74.16943,40.56426],[-74.16993,40.56446],[-74.17015,40.56437],[-74.17023,40.5645],[-74.1706,40.56452],[-74.17082,40.56443],[-74.17092,40.56416],[-74.1708,40.56371],[-74.17083,40.56354],[-74.17065,40.5634],[-74.17035,40.56351],[-74.1708,40.56328],[-74.17089,40.56333],[-74.17077,40.56337],[-74.1709,40.56347],[-74.17116,40.56324],[-74.17072,40.56287],[-74.17072,40.56279]],[[-74.17376,40.56554],[-74.17358,40.56562],[-74.17354,40.56579],[-74.17404,40.56592],[-74.17426,40.56582],[-74.17422,40.56569],[-74.17376,40.56554]],[[-74.15712,40.56922],[-74.15696,40.56926],[-74.15686,40.56948],[-74.1571,40.56948],[-74.15711,40.56965],[-74.15686,40.56967],[-74.15696,40.56978],[-74.15667,40.5703],[-74.1565,40.57038],[-74.15618,40.57038],[-74.156,40.57052],[-74.15595,40.57079],[-74.15604,40.57093],[-74.15639,40.57087],[-74.15667,40.5707],[-74.15682,40.5705],[-74.1577,40.57011],[-74.15749,40.56948],[-74.15712,40.56922]],[[-74.15638,40.56931],[-74.15584,40.56943],[-74.15574,40.56956],[-74.15606,40.57006],[-74.15637,40.57021],[-74.15658,40.5701],[-74.15662,40.56992],[-74.1566,40.56935],[-74.15638,40.56931]],[[-74.15225,40.57086],[-74.15175,40.57093],[-74.15193,40.57108],[-74.15206,40.57154],[-74.15215,40.57159],[-74.1528,40.57132],[-74.15225,40.57086]]]},"properties":{"waterbodyId":27,"name":"Fresh Kills, Upper"}},{"type":"Feature","geometry":{"type":"Polygon","coordinates":[[[-74.25918,40.49737],[-74.2583,40.50866],[-74.25418,40.51565],[-74.24599,40.52092],[-74.24678,40.52474],[-74.24385,40.52492],[-74.24339,40.52484],[-74.2428,40.52402],[-74.24274,40.52328],[-74.24262,40.52309],[-74.24276,40.52273],[-74.24259,40.52226],[-74.2426,40.52206],[-74.24278,40.52177],[-74.24292,40.52126],[-74.24141,40.5209],[-74.24124,40.52095],[-74.24118,40.52108],[-74.24064,40.52049],[-74.24006,40.52032],[-74.23991,40.5201],[-74.23935,40.52008],[-74.23927,40.52019],[-74.23906,40.52017],[-74.2386,40.51994],[-74.23812,40.51985],[-74.2381,40.51976],[-74.23929,40.51997],[-74.23969,40.51994],[-74.23993,40.52003],[-74.24013,40.51987],[-74.24028,40.51949],[-74.24059,40.51907],[-74.24067,40.51913],[-74.24067,40.51924],[-74.2408,40.51931],[-74.2408,40.51941],[-74.24104,40.51954],[-74.24124,40.51913],[-74.24163,40.51895],[-74.24188,40.51906],[-74.24191,40.51901],[-74.24173,40.51886],[-74.24207,40.51848],[-74.2425,40.51827],[-74.24368,40.51828],[-74.24423,40.51853],[-74.24509,40.51808],[-74.24564,40.51808],[-74.24575,40.51789],[-74.24523,40.51731],[-74.24675,40.5165],[-74.24548,40.51574],[-74.24617,40.51608],[-74.24644,40.51597],[-74.24664,40.51613],[-74.24693,40.51607],[-74.24752,40.51574],[-74.24822,40.51649],[-74.24858,40.5163],[-74.24852,40.51624],[-74.24962,40.5156],[-74.24922,40.51509],[-74.24936,40.51501],[-74.24948,40.51508],[-74.24987,40.51551],[-74.25018,40.51534],[-74.25005,40.51512],[-74.25042,40.51477],[-74.25135,40.51441],[-74.2521,40.51375],[-74.25215,40.51356],[-74.25193,40.51322],[-74.25196,40.51299],[-74.25271,40.51236],[-74.25306,40.51218],[-74.25311,40.51205],[-74.25298,40.51193],[-74.25307,40.51145],[-74.25302,40.5112],[-74.25314,40.51038],[-74.25332,40.50986],[-74.25361,40.50949],[-74.25374,40.50938],[-74.25385,40.50943],[-74.25411,40.50918],[-74.25398,40.50903],[-74.25412,40.50899],[-74.25434,40.50878],[-74.25452,40.50883],[-74.25484,40.50848],[-74.25516,40.50833],[-74.25545,40.50804],[-74.25559,40.50772],[-74.25531,40.50654],[-74.25537,40.50471],[-74.25527,40.50402],[-74.25439,40.50235],[-74.25379,40.50154],[-74.25345,40.50063],[-74.25313,40.50011],[-74.25892,40.50015],[-74.25918,40.49737]],[[-74.24126,40.5195],[-74.24113,40.51955],[-74.24117,40.5197],[-74.24129,40.51967],[-74.24135,40.51979],[-74.24145,40.51979],[-74.24138,40.51958],[-74.24126,40.5195]],[[-74.2412,40.51975],[-74.2412,40.51984],[-74.24126,40.51978],[-74.2412,40.51975]],[[-74.24123,40.51995],[-74.24119,40.51998],[-74.24121,40.52008],[-74.24123,40.51995]],[[-74.24169,40.51999],[-74.24124,40.5202],[-74.24128,40.5206],[-74.24168,40.52061],[-74.24173,40.52068],[-74.24188,40.52062],[-74.24182,40.52045],[-74.24188,40.5202],[-74.24182,40.52002],[-74.24169,40.51999]]]},"properties":{"waterbodyId":28,"name":"Arthur Kill, Lower"}},{"type":"Feature","geometry":{"type":"MultiPolygon","coordinates":[[[[-74.18271,40.62399],[-74.18279,40.62401],[-74.18276,40.62407],[-74.18238,40.62443],[-74.18256,40.62496],[-74.18333,40.62516],[-74.18407,40.62548],[-74.18434,40.62603],[-74.18545,40.62677],[-74.18593,40.62667],[-74.18616,40.6265],[-74.18632,40.62628],[-74.18757,40.62526],[-74.18769,40.6251],[-74.18767,40.62489],[-74.18786,40.62498],[-74.18803,40.62485],[-74.18816,40.62472],[-74.18817,40.62451],[-74.18855,40.6244],[-74.18863,40.62445],[-74.18618,40.62656],[-74.18539,40.62689],[-74.18522,40.62667],[-74.18444,40.62614],[-74.18425,40.62621],[-74.18411,40.62572],[-74.18396,40.62551],[-74.18335,40.62525],[-74.18243,40.62503],[-74.18228,40.62437],[-74.1826,40.62416],[-74.18271,40.62399]]],[[[-74.19034,40.62278],[-74.19036,40.62286],[-74.19016,40.62312],[-74.18963,40.62353],[-74.18966,40.62363],[-74.18941,40.62374],[-74.18881,40.62436],[-74.18857,40.62431],[-74.18925,40.62368],[-74.18955,40.62352],[-74.18957,40.62338],[-74.18985,40.62325],[-74.19034,40.62278]]],[[[-74.24678,40.52474],[-74.25035,40.54221],[-74.24745,40.54948],[-74.23147,40.55918],[-74.21795,40.5571],[-74.21455,40.56052],[-74.21011,40.57361],[-74.20719,40.58777],[-74.19956,40.59777],[-74.19952,40.60041],[-74.20487,40.606],[-74.20393,40.61405],[-74.20246,40.61895],[-74.20249,40.61926],[-74.20401,40.62443],[-74.20232,40.62855],[-74.20233,40.63153],[-74.19827,40.63476],[-74.19623,40.63759],[-74.19136,40.64207],[-74.18566,40.64605],[-74.18152,40.64666],[-74.17415,40.64571],[-74.17409,40.64505],[-74.1744,40.64515],[-74.17459,40.64503],[-74.17495,40.64516],[-74.1753,40.64508],[-74.1755,40.64463],[-74.17569,40.64472],[-74.17571,40.64458],[-74.17547,40.64413],[-74.17549,40.64392],[-74.17559,40.64379],[-74.17549,40.64347],[-74.17558,40.64334],[-74.17611,40.64348],[-74.17667,40.6434],[-74.17669,40.64256],[-74.17636,40.64234],[-74.17668,40.64248],[-74.17671,40.64243],[-74.17683,40.64287],[-74.17706,40.64307],[-74.17715,40.64302],[-74.17721,40.64313],[-74.17769,40.64296],[-74.17781,40.64261],[-74.17793,40.64263],[-74.17811,40.64254],[-74.17834,40.6426],[-74.17826,40.64214],[-74.17848,40.64253],[-74.17864,40.64258],[-74.17879,40.64251],[-74.17904,40.64296],[-74.17919,40.643],[-74.1793,40.64292],[-74.1796,40.64193],[-74.1796,40.64216],[-74.17939,40.64281],[-74.17941,40.64314],[-74.17904,40.6434],[-74.17908,40.64465],[-74.17921,40.64506],[-74.17934,40.645],[-74.17927,40.6449],[-74.17936,40.64437],[-74.17984,40.64432],[-74.18047,40.64429],[-74.18052,40.64449],[-74.18079,40.64459],[-74.18081,40.64483],[-74.18087,40.64486],[-74.18119,40.64459],[-74.18167,40.64472],[-74.18289,40.64481],[-74.18366,40.64462],[-74.1838,40.64444],[-74.18339,40.6436],[-74.18347,40.64337],[-74.18325,40.64299],[-74.18331,40.64292],[-74.1835,40.64297],[-74.1838,40.64325],[-74.18404,40.64333],[-74.18413,40.64356],[-74.18443,40.64366],[-74.18447,40.64378],[-74.18475,40.64395],[-74.18484,40.64414],[-74.18524,40.64395],[-74.18512,40.64381],[-74.18558,40.64381],[-74.18591,40.64364],[-74.18607,40.64346],[-74.18627,40.6436],[-74.19372,40.63757],[-74.19359,40.63748],[-74.19397,40.63732],[-74.19434,40.63732],[-74.19439,40.63741],[-74.19454,40.63742],[-74.1947,40.63733],[-74.19479,40.63714],[-74.19474,40.63705],[-74.1946,40.6371],[-74.19452,40.63704],[-74.19442,40.63664],[-74.19454,40.63648],[-74.19402,40.63633],[-74.19431,40.63601],[-74.19421,40.63579],[-74.19387,40.63558],[-74.1937,40.63568],[-74.19316,40.63574],[-74.19384,40.63551],[-74.19332,40.63525],[-74.19304,40.63541],[-74.19313,40.6352],[-74.19269,40.63503],[-74.19257,40.63538],[-74.19277,40.63552],[-74.19254,40.63546],[-74.19246,40.63563],[-74.19263,40.63581],[-74.19235,40.63571],[-74.1923,40.6356],[-74.19197,40.6355],[-74.19197,40.63542],[-74.19218,40.6355],[-74.19233,40.63546],[-74.19248,40.6351],[-74.19236,40.63469],[-74.19185,40.63407],[-74.19183,40.63365],[-74.19106,40.63312],[-74.19089,40.63312],[-74.19072,40.63302],[-74.19092,40.63308],[-74.19087,40.63303],[-74.19009,40.63271],[-74.19034,40.63273],[-74.1898,40.63243],[-74.18995,40.63239],[-74.18994,40.63226],[-74.18999,40.63239],[-74.19087,40.63282],[-74.19194,40.63347],[-74.19237,40.63315],[-74.19198,40.63291],[-74.19195,40.63264],[-74.19175,40.6326],[-74.19176,40.63271],[-74.19165,40.63278],[-74.19168,40.63259],[-74.1915,40.63259],[-74.19129,40.63245],[-74.19197,40.63261],[-74.19202,40.63287],[-74.19245,40.63311],[-74.19243,40.63286],[-74.19262,40.63301],[-74.19344,40.6326],[-74.19295,40.63237],[-74.19283,40.63195],[-74.19141,40.63204],[-74.19534,40.63162],[-74.19534,40.63152],[-74.19476,40.63151],[-74.19139,40.63182],[-74.19397,40.63144],[-74.19397,40.63117],[-74.1929,40.63129],[-74.19242,40.63118],[-74.19207,40.63088],[-74.19193,40.63031],[-74.19095,40.63149],[-74.19006,40.63156],[-74.19008,40.6314],[-74.18997,40.6313],[-74.18939,40.63121],[-74.18931,40.63109],[-74.18939,40.63092],[-74.18894,40.63117],[-74.18918,40.63092],[-74.18896,40.63084],[-74.18878,40.63064],[-74.18866,40.62968],[-74.18845,40.62943],[-74.18802,40.62936],[-74.18736,40.62949],[-74.18685,40.62942],[-74.18592,40.62906],[-74.18502,40.62838],[-74.18493,40.62809],[-74.18496,40.62791],[-74.18484,40.62783],[-74.18469,40.62742],[-74.18386,40.62653],[-74.18382,40.62587],[-74.18367,40.62569],[-74.18261,40.62542],[-74.18217,40.62542],[-74.18303,40.62598],[-74.18332,40.62635],[-74.18333,40.62663],[-74.18319,40.62683],[-74.18278,40.62698],[-74.18199,40.62682],[-74.18097,40.62646],[-74.18047,40.6262],[-74.18013,40.62592],[-74.18014,40.62574],[-74.1803,40.6255],[-74.1809,40.6252],[-74.18144,40.62508],[-74.18154,40.62497],[-74.18153,40.62392],[-74.18178,40.62312],[-74.18135,40.62274],[-74.18107,40.62277],[-74.18065,40.62346],[-74.18032,40.62355],[-74.18016,40.62352],[-74.17965,40.62326],[-74.17948,40.62311],[-74.17917,40.62256],[-74.17902,40.62259],[-74.17911,40.6225],[-74.17853,40.62216],[-74.17843,40.6217],[-74.17834,40.62167],[-74.17789,40.62185],[-74.1779,40.62195],[-74.17779,40.62199],[-74.17771,40.62193],[-74.17775,40.62186],[-74.17751,40.62179],[-74.17683,40.62182],[-74.17683,40.62192],[-74.17678,40.62182],[-74.17661,40.62178],[-74.17636,40.62177],[-74.17629,40.62184],[-74.17582,40.62174],[-74.17487,40.62177],[-74.17399,40.62242],[-74.17117,40.6226],[-74.17088,40.62271],[-74.17072,40.62293],[-74.17037,40.623],[-74.17035,40.62313],[-74.17017,40.62327],[-74.17003,40.62323],[-74.17006,40.62309],[-74.16979,40.62304],[-74.16971,40.62341],[-74.16965,40.62333],[-74.16938,40.62337],[-74.16935,40.62329],[-74.16945,40.6232],[-74.1694,40.62311],[-74.16923,40.62316],[-74.16903,40.6231],[-74.16884,40.62291],[-74.16868,40.62301],[-74.16841,40.62294],[-74.16781,40.62296],[-74.16839,40.62291],[-74.16867,40.62298],[-74.16885,40.62289],[-74.16912,40.62309],[-74.1694,40.62307],[-74.1695,40.6232],[-74.1694,40.62334],[-74.16953,40.62334],[-74.16968,40.62324],[-74.16978,40.623],[-74.1701,40.62306],[-74.17008,40.62319],[-74.17018,40.6232],[-74.17034,40.62295],[-74.17069,40.62287],[-74.17112,40.62241],[-74.17171,40.62247],[-74.17365,40.62238],[-74.17396,40.62232],[-74.17481,40.62168],[-74.17578,40.62162],[-74.17506,40.62083],[-74.17462,40.62054],[-74.17442,40.62026],[-74.17406,40.61999],[-74.17399,40.6198],[-74.17368,40.61949],[-74.17372,40.6193],[-74.17385,40.61962],[-74.17415,40.61999],[-74.17419,40.61993],[-74.1758,40.62143],[-74.17636,40.62171],[-74.17678,40.62168],[-74.17733,40.61972],[-74.17745,40.61954],[-74.17742,40.61945],[-74.1779,40.618],[-74.17851,40.61633],[-74.17857,40.61637],[-74.17706,40.62085],[-74.17689,40.62168],[-74.1775,40.62173],[-74.17762,40.62166],[-74.17791,40.62167],[-74.17821,40.62148],[-74.17846,40.62152],[-74.17864,40.62182],[-74.17879,40.62188],[-74.17867,40.62189],[-74.17869,40.62201],[-74.17887,40.62199],[-74.17878,40.6221],[-74.1793,40.6224],[-74.17983,40.62314],[-74.18029,40.62334],[-74.18055,40.62327],[-74.18058,40.62297],[-74.18046,40.62279],[-74.18075,40.62236],[-74.18055,40.62195],[-74.18058,40.62174],[-74.18036,40.62166],[-74.1803,40.62154],[-74.18057,40.62133],[-74.18017,40.62116],[-74.18007,40.62103],[-74.18016,40.62089],[-74.18037,40.62078],[-74.18093,40.62091],[-74.18067,40.6207],[-74.18086,40.62054],[-74.18091,40.62022],[-74.18083,40.62017],[-74.18038,40.62024],[-74.18026,40.62019],[-74.18011,40.61991],[-74.1803,40.61965],[-74.18004,40.61948],[-74.1802,40.61937],[-74.18016,40.61929],[-74.18028,40.61933],[-74.18067,40.61904],[-74.18075,40.61888],[-74.18092,40.61885],[-74.18091,40.61865],[-74.18116,40.61847],[-74.1809,40.61836],[-74.17977,40.6185],[-74.17944,40.61847],[-74.18086,40.61832],[-74.18098,40.61824],[-74.18117,40.61786],[-74.17941,40.61681],[-74.17912,40.61718],[-74.18071,40.61777],[-74.1808,40.61787],[-74.18072,40.61803],[-74.18043,40.61817],[-74.17996,40.61817],[-74.17996,40.61809],[-74.18048,40.61796],[-74.1805,40.61784],[-74.17913,40.61741],[-74.17898,40.61729],[-74.17901,40.61717],[-74.17945,40.61676],[-74.18125,40.61781],[-74.18099,40.61835],[-74.18119,40.61834],[-74.18126,40.61847],[-74.18102,40.61868],[-74.18106,40.61883],[-74.18093,40.61894],[-74.18078,40.61893],[-74.18073,40.61907],[-74.18016,40.61951],[-74.1804,40.61964],[-74.18021,40.61985],[-74.18036,40.62016],[-74.18084,40.62007],[-74.181,40.62016],[-74.18101,40.62055],[-74.18126,40.62053],[-74.18084,40.6207],[-74.18102,40.62081],[-74.18103,40.62098],[-74.18041,40.62089],[-74.18018,40.62101],[-74.18067,40.62127],[-74.18068,40.6214],[-74.18057,40.62157],[-74.18125,40.62149],[-74.1807,40.62165],[-74.18069,40.62195],[-74.18091,40.62236],[-74.18066,40.6228],[-74.18093,40.62259],[-74.18125,40.6225],[-74.18186,40.62281],[-74.18198,40.62293],[-74.18206,40.62321],[-74.18188,40.62386],[-74.18221,40.62404],[-74.18236,40.62399],[-74.18245,40.62372],[-74.18215,40.62355],[-74.18214,40.62341],[-74.18233,40.62314],[-74.18262,40.62314],[-74.18266,40.62296],[-74.1824,40.62266],[-74.18246,40.62262],[-74.18244,40.62268],[-74.1827,40.62292],[-74.18265,40.62316],[-74.18238,40.62316],[-74.18219,40.62345],[-74.18251,40.62369],[-74.18239,40.62405],[-74.18211,40.6241],[-74.18185,40.62397],[-74.18177,40.62429],[-74.18189,40.62465],[-74.18184,40.62503],[-74.18149,40.62531],[-74.18064,40.62562],[-74.1805,40.62579],[-74.18058,40.62596],[-74.18113,40.62629],[-74.18157,40.62641],[-74.18163,40.62637],[-74.18169,40.62645],[-74.18233,40.62666],[-74.18278,40.62671],[-74.18304,40.62662],[-74.18305,40.62637],[-74.18276,40.62608],[-74.18198,40.62574],[-74.18184,40.62546],[-74.1819,40.62529],[-74.18232,40.62516],[-74.18325,40.62531],[-74.18379,40.62552],[-74.18404,40.62578],[-74.18413,40.62645],[-74.18437,40.62648],[-74.18432,40.62656],[-74.1842,40.62655],[-74.18511,40.62738],[-74.18503,40.62742],[-74.18507,40.62756],[-74.18545,40.62837],[-74.186,40.62875],[-74.1863,40.62879],[-74.18695,40.6291],[-74.18722,40.62914],[-74.1877,40.62906],[-74.18805,40.62915],[-74.18833,40.62909],[-74.18861,40.62924],[-74.18902,40.62967],[-74.18907,40.63047],[-74.1892,40.63071],[-74.18951,40.63058],[-74.19026,40.62946],[-74.19033,40.62889],[-74.19126,40.62837],[-74.19208,40.62846],[-74.19231,40.62877],[-74.19237,40.62919],[-74.19232,40.6296],[-74.19247,40.6297],[-74.19249,40.63011],[-74.19241,40.63002],[-74.1924,40.62972],[-74.19232,40.62974],[-74.19233,40.63043],[-74.19273,40.63015],[-74.19284,40.63019],[-74.19275,40.6303],[-74.19276,40.63072],[-74.1925,40.63076],[-74.19246,40.63086],[-74.19276,40.63095],[-74.19313,40.63083],[-74.19402,40.63074],[-74.19489,40.63089],[-74.196,40.63142],[-74.19677,40.63207],[-74.19754,40.63251],[-74.19693,40.63234],[-74.1962,40.63184],[-74.19589,40.63153],[-74.19584,40.63158],[-74.19589,40.63179],[-74.19474,40.63249],[-74.19521,40.63254],[-74.19475,40.63258],[-74.19459,40.63253],[-74.19322,40.63303],[-74.19331,40.6331],[-74.19381,40.63296],[-74.19399,40.63323],[-74.19373,40.63327],[-74.19388,40.63316],[-74.1938,40.63302],[-74.19314,40.6332],[-74.19318,40.63313],[-74.19311,40.63308],[-74.19247,40.63341],[-74.19232,40.63356],[-74.19269,40.63389],[-74.19358,40.63424],[-74.19362,40.63438],[-74.19338,40.63435],[-74.19328,40.63423],[-74.19268,40.63396],[-74.19227,40.63363],[-74.19219,40.63369],[-74.19218,40.63399],[-74.19302,40.63476],[-74.1942,40.63526],[-74.19472,40.63563],[-74.19518,40.63574],[-74.19518,40.63545],[-74.19531,40.63524],[-74.19556,40.63503],[-74.19589,40.63508],[-74.19603,40.635],[-74.19603,40.63489],[-74.1962,40.63474],[-74.19619,40.63463],[-74.19633,40.63453],[-74.19647,40.63414],[-74.19689,40.63396],[-74.19711,40.63397],[-74.19724,40.63384],[-74.19729,40.6333],[-74.19759,40.63309],[-74.19796,40.63328],[-74.19835,40.63315],[-74.1984,40.63309],[-74.19834,40.63297],[-74.1985,40.63281],[-74.20007,40.63159],[-74.20032,40.63083],[-74.20045,40.62972],[-74.20062,40.6296],[-74.20077,40.6296],[-74.20081,40.62936],[-74.20097,40.62937],[-74.20142,40.62608],[-74.20122,40.62606],[-74.20118,40.62612],[-74.20106,40.6259],[-74.20106,40.62557],[-74.20098,40.62537],[-74.20115,40.62448],[-74.20108,40.62409],[-74.2014,40.62374],[-74.20135,40.62356],[-74.20159,40.62351],[-74.20163,40.62324],[-74.20155,40.62271],[-74.20128,40.6227],[-74.20133,40.62252],[-74.20123,40.62208],[-74.20131,40.62167],[-74.20143,40.62162],[-74.20126,40.62156],[-74.20112,40.62108],[-74.20087,40.6206],[-74.20053,40.62058],[-74.20043,40.6205],[-74.20051,40.62031],[-74.20078,40.6204],[-74.20107,40.62039],[-74.20099,40.62033],[-74.20104,40.6201],[-74.20097,40.61978],[-74.20068,40.61918],[-74.2007,40.61896],[-74.20084,40.61881],[-74.20052,40.61864],[-74.20035,40.61835],[-74.20044,40.61808],[-74.20054,40.61801],[-74.2007,40.61799],[-74.20078,40.61812],[-74.20088,40.61811],[-74.20092,40.61781],[-74.20083,40.6171],[-74.19906,40.61689],[-74.19819,40.61662],[-74.19751,40.61616],[-74.19734,40.6162],[-74.19688,40.61598],[-74.1967,40.61579],[-74.19666,40.6156],[-74.1958,40.61592],[-74.19556,40.61623],[-74.19496,40.61649],[-74.19489,40.61673],[-74.19483,40.61659],[-74.19465,40.61658],[-74.19451,40.61646],[-74.1944,40.61614],[-74.19423,40.61613],[-74.19391,40.61629],[-74.19413,40.61649],[-74.1941,40.61676],[-74.19422,40.61685],[-74.19427,40.61705],[-74.19419,40.61733],[-74.19425,40.61753],[-74.19411,40.61761],[-74.19405,40.6178],[-74.19406,40.61873],[-74.19413,40.61895],[-74.19401,40.61903],[-74.19387,40.61887],[-74.19396,40.61871],[-74.19395,40.61781],[-74.19417,40.61714],[-74.194,40.61649],[-74.19381,40.61628],[-74.19398,40.61615],[-74.19435,40.61604],[-74.1943,40.61584],[-74.19412,40.61533],[-74.19394,40.6151],[-74.19357,40.61515],[-74.19351,40.61494],[-74.1934,40.61485],[-74.19323,40.61487],[-74.19311,40.61476],[-74.19296,40.61487],[-74.1929,40.61481],[-74.19311,40.6147],[-74.19325,40.6148],[-74.19344,40.61482],[-74.19358,40.61492],[-74.19359,40.61512],[-74.19398,40.61501],[-74.19381,40.61449],[-74.19389,40.61449],[-74.19455,40.61639],[-74.19466,40.61649],[-74.19477,40.61647],[-74.19476,40.61639],[-74.19456,40.6157],[-74.19502,40.61561],[-74.19496,40.61523],[-74.19507,40.6153],[-74.19506,40.61564],[-74.19465,40.61576],[-74.19487,40.61643],[-74.19535,40.61619],[-74.19558,40.61577],[-74.19606,40.61554],[-74.19615,40.61486],[-74.19579,40.61465],[-74.19579,40.61415],[-74.19413,40.61403],[-74.19383,40.61376],[-74.19314,40.61186],[-74.19356,40.61149],[-74.19324,40.61117],[-74.19312,40.61078],[-74.19324,40.61061],[-74.19324,40.61043],[-74.19327,40.6106],[-74.19318,40.61084],[-74.19333,40.61117],[-74.19364,40.61143],[-74.19363,40.61165],[-74.19325,40.61187],[-74.19386,40.61362],[-74.19422,40.61385],[-74.19526,40.6138],[-74.19565,40.61361],[-74.19564,40.61308],[-74.19492,40.61291],[-74.19486,40.6127],[-74.19499,40.61256],[-74.19518,40.61258],[-74.19528,40.61272],[-74.19518,40.6129],[-74.19564,40.61299],[-74.19582,40.61192],[-74.1961,40.61138],[-74.19622,40.61135],[-74.19648,40.61084],[-74.19715,40.61015],[-74.19636,40.60946],[-74.19581,40.60923],[-74.1944,40.60941],[-74.19336,40.60938],[-74.19326,40.60954],[-74.1927,40.6094],[-74.1928,40.60961],[-74.1926,40.60966],[-74.19248,40.60959],[-74.19272,40.6096],[-74.19264,40.60934],[-74.19325,40.60944],[-74.19287,40.60901],[-74.19264,40.60826],[-74.19171,40.60826],[-74.19172,40.60841],[-74.19155,40.60854],[-74.19175,40.60858],[-74.19181,40.60869],[-74.19245,40.61046],[-74.19233,40.61062],[-74.19254,40.61068],[-74.19369,40.61411],[-74.19354,40.61377],[-74.19259,40.61392],[-74.19342,40.61378],[-74.1933,40.61337],[-74.19335,40.61321],[-74.1932,40.61277],[-74.19278,40.61269],[-74.1928,40.61262],[-74.19314,40.61266],[-74.19315,40.61256],[-74.19249,40.61074],[-74.19229,40.61064],[-74.19242,40.6105],[-74.19225,40.61006],[-74.19188,40.61028],[-74.1916,40.61024],[-74.19188,40.61023],[-74.19215,40.61011],[-74.19218,40.61],[-74.19173,40.60864],[-74.19151,40.60856],[-74.19165,40.60841],[-74.19159,40.60827],[-74.18913,40.60829],[-74.18806,40.6081],[-74.18803,40.60824],[-74.18821,40.60897],[-74.18791,40.60921],[-74.18752,40.60916],[-74.18778,40.60935],[-74.18769,40.60948],[-74.18741,40.60937],[-74.18729,40.60944],[-74.18731,40.60955],[-74.18751,40.60952],[-74.18759,40.60958],[-74.18752,40.61002],[-74.18742,40.61012],[-74.18707,40.61019],[-74.18682,40.61006],[-74.18679,40.60982],[-74.18694,40.61011],[-74.18707,40.61015],[-74.18743,40.61007],[-74.18751,40.60957],[-74.18726,40.60962],[-74.18723,40.60944],[-74.18733,40.60935],[-74.1877,40.60935],[-74.18742,40.60922],[-74.18745,40.60902],[-74.18735,40.60893],[-74.18658,40.60846],[-74.18664,40.60829],[-74.18703,40.60813],[-74.18723,40.60793],[-74.18684,40.60772],[-74.18663,40.60737],[-74.18629,40.60745],[-74.18615,40.60769],[-74.18603,40.60777],[-74.18576,40.60778],[-74.18581,40.60798],[-74.18571,40.60815],[-74.18532,40.60811],[-74.18524,40.60827],[-74.18495,40.60846],[-74.18469,40.60818],[-74.18458,40.60836],[-74.18407,40.60838],[-74.18392,40.60852],[-74.18375,40.60833],[-74.18392,40.6085],[-74.18404,40.60835],[-74.18458,40.60831],[-74.18467,40.60815],[-74.18482,40.60821],[-74.18495,40.60839],[-74.18516,40.60826],[-74.18524,40.60809],[-74.18568,40.60809],[-74.18574,40.60802],[-74.18561,40.60784],[-74.18556,40.60758],[-74.1853,40.60734],[-74.18564,40.60698],[-74.18526,40.60694],[-74.1851,40.60676],[-74.1844,40.60648],[-74.18443,40.60643],[-74.18509,40.60669],[-74.18524,40.60654],[-74.18547,40.6067],[-74.18561,40.6067],[-74.18579,40.60664],[-74.18588,40.60651],[-74.1859,40.60662],[-74.18563,40.60675],[-74.18547,40.60676],[-74.18523,40.60659],[-74.18516,40.60672],[-74.18529,40.60688],[-74.18564,40.60688],[-74.18575,40.60695],[-74.18572,40.60707],[-74.18541,40.60734],[-74.18575,40.6077],[-74.18603,40.60767],[-74.18627,40.60735],[-74.1867,40.60729],[-74.18687,40.6072],[-74.18703,40.60686],[-74.18722,40.60679],[-74.18746,40.60636],[-74.18609,40.6055],[-74.18683,40.60589],[-74.18708,40.60577],[-74.18775,40.60533],[-74.18743,40.60496],[-74.1875,40.60488],[-74.18726,40.60477],[-74.18755,40.60488],[-74.18745,40.60493],[-74.18781,40.6053],[-74.18915,40.60547],[-74.18836,40.60543],[-74.18792,40.60533],[-74.18694,40.60593],[-74.18755,40.60637],[-74.1873,40.60683],[-74.18711,40.60689],[-74.18683,40.60738],[-74.18694,40.60766],[-74.18728,40.60782],[-74.18736,40.60797],[-74.1871,40.6082],[-74.18673,40.60836],[-74.1867,40.60844],[-74.18773,40.60909],[-74.18792,40.60908],[-74.18806,40.60895],[-74.18788,40.60807],[-74.18818,40.60797],[-74.18854,40.60811],[-74.18913,40.60815],[-74.18924,40.60776],[-74.18905,40.60744],[-74.18925,40.6072],[-74.18908,40.60746],[-74.18927,40.60771],[-74.18919,40.60816],[-74.19228,40.60813],[-74.19259,40.60805],[-74.1928,40.60816],[-74.19386,40.60789],[-74.19457,40.60735],[-74.19544,40.60711],[-74.19545,40.607],[-74.19505,40.60705],[-74.19502,40.60696],[-74.19547,40.60689],[-74.19562,40.60696],[-74.19558,40.60722],[-74.19488,40.60737],[-74.19431,40.60768],[-74.19386,40.60803],[-74.1931,40.60825],[-74.19296,40.60847],[-74.19308,40.6089],[-74.19325,40.60915],[-74.19438,40.60922],[-74.19583,40.60904],[-74.19659,40.60933],[-74.19729,40.60999],[-74.19787,40.60942],[-74.1981,40.60898],[-74.19835,40.60836],[-74.19849,40.60722],[-74.19836,40.60694],[-74.19796,40.60676],[-74.19778,40.60655],[-74.19747,40.60576],[-74.19682,40.60542],[-74.19619,40.60394],[-74.19601,40.60359],[-74.19591,40.60355],[-74.19617,40.60355],[-74.19625,40.60347],[-74.19607,40.60342],[-74.19598,40.60329],[-74.19602,40.60295],[-74.19628,40.60258],[-74.19595,40.60237],[-74.19617,40.6021],[-74.1965,40.60221],[-74.19656,40.60211],[-74.19647,40.602],[-74.1969,40.60185],[-74.19684,40.60174],[-74.19706,40.60166],[-74.197,40.60156],[-74.19636,40.60181],[-74.19629,40.60171],[-74.1964,40.60146],[-74.19685,40.60142],[-74.19681,40.60119],[-74.19702,40.6009],[-74.1972,40.60012],[-74.1971,40.59982],[-74.1971,40.59915],[-74.19722,40.59892],[-74.19704,40.59874],[-74.19715,40.59868],[-74.19733,40.59876],[-74.19744,40.59865],[-74.19748,40.59832],[-74.1973,40.59803],[-74.1975,40.59773],[-74.19746,40.59745],[-74.19752,40.59737],[-74.19691,40.59681],[-74.19628,40.5967],[-74.19609,40.5967],[-74.19599,40.59684],[-74.19567,40.597],[-74.19519,40.597],[-74.19486,40.59686],[-74.1948,40.597],[-74.19474,40.59689],[-74.19491,40.5964],[-74.19436,40.59616],[-74.19425,40.59626],[-74.19421,40.59646],[-74.1943,40.5971],[-74.1942,40.59739],[-74.19405,40.59753],[-74.19357,40.59761],[-74.19318,40.59753],[-74.19309,40.59723],[-74.19325,40.5967],[-74.19319,40.59653],[-74.19306,40.59648],[-74.1924,40.59672],[-74.1922,40.59721],[-74.19197,40.59745],[-74.19216,40.59721],[-74.19232,40.59673],[-74.19194,40.59673],[-74.19194,40.59661],[-74.19238,40.5966],[-74.19291,40.59634],[-74.1932,40.59642],[-74.19335,40.59663],[-74.19327,40.59733],[-74.19332,40.59746],[-74.19349,40.59751],[-74.19394,40.59745],[-74.19411,40.59729],[-74.19415,40.59699],[-74.19401,40.59626],[-74.19411,40.59607],[-74.19431,40.59595],[-74.19512,40.59617],[-74.19515,40.59645],[-74.19502,40.59671],[-74.19508,40.59682],[-74.19569,40.59683],[-74.19581,40.59676],[-74.19601,40.59643],[-74.19611,40.59652],[-74.19665,40.59663],[-74.19703,40.59653],[-74.19752,40.59681],[-74.19764,40.59678],[-74.19792,40.59653],[-74.19801,40.59627],[-74.19856,40.59556],[-74.19877,40.59497],[-74.19888,40.59495],[-74.19898,40.59475],[-74.19928,40.59449],[-74.19952,40.5944],[-74.19974,40.59395],[-74.20056,40.59336],[-74.20079,40.59288],[-74.20103,40.59286],[-74.20203,40.59182],[-74.20188,40.59159],[-74.20209,40.59126],[-74.20204,40.59088],[-74.2019,40.59077],[-74.20144,40.59075],[-74.20139,40.59065],[-74.20106,40.59047],[-74.20169,40.59072],[-74.20199,40.59071],[-74.20208,40.59083],[-74.20235,40.59065],[-74.20269,40.5907],[-74.20354,40.59013],[-74.20354,40.59004],[-74.20327,40.59012],[-74.20328,40.59004],[-74.20312,40.59001],[-74.20378,40.58979],[-74.2041,40.58985],[-74.20447,40.5892],[-74.20421,40.58906],[-74.20412,40.58883],[-74.20427,40.5885],[-74.20439,40.58846],[-74.20458,40.58823],[-74.20454,40.588],[-74.20439,40.58794],[-74.20438,40.58757],[-74.20427,40.58733],[-74.2042,40.58642],[-74.20428,40.58612],[-74.20412,40.5859],[-74.20434,40.58576],[-74.20432,40.58563],[-74.20393,40.58562],[-74.20373,40.58549],[-74.20292,40.58552],[-74.20223,40.58567],[-74.20313,40.58548],[-74.20373,40.58547],[-74.20397,40.5856],[-74.20432,40.58561],[-74.20442,40.58553],[-74.20444,40.58506],[-74.20437,40.58464],[-74.20464,40.58433],[-74.20447,40.58405],[-74.2044,40.58372],[-74.20463,40.58321],[-74.20474,40.58318],[-74.20471,40.58281],[-74.20497,40.58257],[-74.20509,40.58222],[-74.20509,40.58161],[-74.20543,40.5811],[-74.20574,40.58099],[-74.20577,40.58068],[-74.206,40.58043],[-74.20601,40.57988],[-74.20594,40.57981],[-74.20647,40.57752],[-74.20667,40.5774],[-74.20685,40.57717],[-74.20664,40.5769],[-74.20664,40.57675],[-74.20712,40.57632],[-74.20694,40.57612],[-74.20696,40.57576],[-74.20724,40.57536],[-74.20741,40.57535],[-74.20748,40.57516],[-74.20727,40.57504],[-74.20718,40.57474],[-74.20731,40.5745],[-74.20731,40.57382],[-74.20801,40.57078],[-74.20817,40.57072],[-74.20802,40.57063],[-74.20802,40.57053],[-74.20838,40.57023],[-74.20859,40.57024],[-74.20851,40.57009],[-74.20856,40.56996],[-74.20893,40.56963],[-74.20887,40.56892],[-74.20924,40.56842],[-74.20932,40.56803],[-74.20954,40.56794],[-74.20954,40.56752],[-74.21062,40.56553],[-74.21096,40.5643],[-74.21138,40.5635],[-74.21135,40.56293],[-74.2111,40.56214],[-74.21119,40.56155],[-74.21134,40.56124],[-74.2113,40.56087],[-74.21117,40.56074],[-74.21117,40.56049],[-74.21188,40.55961],[-74.21197,40.55931],[-74.21176,40.55913],[-74.21197,40.55845],[-74.21224,40.55803],[-74.21211,40.5577],[-74.21181,40.55729],[-74.21153,40.5572],[-74.21023,40.55767],[-74.20792,40.55814],[-74.20722,40.55816],[-74.20686,40.55832],[-74.20639,40.55828],[-74.20685,40.55828],[-74.20725,40.55812],[-74.20789,40.55811],[-74.21053,40.55754],[-74.21154,40.55712],[-74.21186,40.55721],[-74.21231,40.55778],[-74.21245,40.55786],[-74.21267,40.55766],[-74.21264,40.5573],[-74.21305,40.55714],[-74.21328,40.55663],[-74.21371,40.55644],[-74.21367,40.55614],[-74.21314,40.55597],[-74.21339,40.55598],[-74.21367,40.5561],[-74.21387,40.5566],[-74.21397,40.55667],[-74.21426,40.5566],[-74.21464,40.55692],[-74.21499,40.5568],[-74.21504,40.55671],[-74.21493,40.55652],[-74.21519,40.5564],[-74.21505,40.55616],[-74.21478,40.55624],[-74.21472,40.5562],[-74.2156,40.55587],[-74.21615,40.55549],[-74.21777,40.555],[-74.21801,40.55517],[-74.21812,40.55557],[-74.2184,40.55571],[-74.21859,40.556],[-74.21871,40.55605],[-74.21882,40.55588],[-74.21854,40.55494],[-74.21859,40.55468],[-74.21878,40.55468],[-74.21896,40.55487],[-74.21908,40.55552],[-74.21918,40.55554],[-74.21922,40.55581],[-74.21934,40.5557],[-74.21931,40.55552],[-74.2192,40.5554],[-74.21926,40.55516],[-74.21908,40.55486],[-74.21918,40.55477],[-74.21975,40.55462],[-74.22005,40.55485],[-74.22015,40.55501],[-74.22019,40.55543],[-74.22062,40.55591],[-74.22098,40.55592],[-74.22104,40.55572],[-74.22118,40.55569],[-74.22122,40.55544],[-74.2213,40.55537],[-74.22143,40.55539],[-74.22145,40.55554],[-74.22157,40.55566],[-74.2218,40.55543],[-74.22237,40.5555],[-74.22258,40.55541],[-74.22297,40.55551],[-74.22316,40.5558],[-74.22626,40.55632],[-74.22632,40.55622],[-74.22648,40.55626],[-74.22658,40.55617],[-74.2274,40.55598],[-74.22816,40.55638],[-74.22873,40.55631],[-74.22905,40.55612],[-74.22909,40.55595],[-74.22979,40.55576],[-74.22971,40.55566],[-74.2293,40.55569],[-74.22925,40.55557],[-74.22932,40.5555],[-74.22979,40.55552],[-74.23025,40.55539],[-74.23056,40.55557],[-74.23076,40.55554],[-74.23115,40.55495],[-74.23193,40.55416],[-74.23229,40.55337],[-74.2327,40.55294],[-74.23334,40.55251],[-74.23378,40.55252],[-74.23415,40.55279],[-74.2349,40.55301],[-74.23637,40.55237],[-74.23657,40.55216],[-74.23659,40.55192],[-74.23618,40.55144],[-74.23629,40.5507],[-74.23642,40.55052],[-74.23688,40.55031],[-74.23762,40.55013],[-74.23837,40.54915],[-74.23877,40.54895],[-74.23939,40.54837],[-74.24039,40.54767],[-74.2418,40.54701],[-74.2422,40.54696],[-74.24292,40.54712],[-74.24363,40.54768],[-74.2462,40.54566],[-74.24764,40.54354],[-74.24771,40.54356],[-74.24802,40.54312],[-74.24768,40.54313],[-74.24632,40.54203],[-74.24599,40.54129],[-74.24583,40.54106],[-74.24561,40.54097],[-74.24552,40.54077],[-74.24543,40.54039],[-74.2454,40.53958],[-74.24523,40.53915],[-74.2447,40.5385],[-74.24458,40.53853],[-74.2446,40.53866],[-74.24479,40.53895],[-74.24509,40.53912],[-74.24512,40.53943],[-74.24492,40.53958],[-74.24435,40.53953],[-74.244,40.54042],[-74.24381,40.54039],[-74.2435,40.54049],[-74.24358,40.54042],[-74.24396,40.54039],[-74.2443,40.53952],[-74.24492,40.53952],[-74.24508,40.53934],[-74.24501,40.53913],[-74.2447,40.53899],[-74.24433,40.53828],[-74.24447,40.53818],[-74.24448,40.53789],[-74.2448,40.53742],[-74.24496,40.53727],[-74.24526,40.53716],[-74.24534,40.53692],[-74.24522,40.53677],[-74.24494,40.53667],[-74.24459,40.53694],[-74.24415,40.53689],[-74.24398,40.53647],[-74.24413,40.5362],[-74.24368,40.5361],[-74.24335,40.5358],[-74.24326,40.53562],[-74.24286,40.53536],[-74.24278,40.53514],[-74.24257,40.53491],[-74.24258,40.53478],[-74.24237,40.53474],[-74.2422,40.5346],[-74.242,40.53417],[-74.24197,40.53362],[-74.24165,40.53353],[-74.24094,40.53351],[-74.24087,40.53371],[-74.24085,40.53344],[-74.24029,40.5334],[-74.2421,40.53347],[-74.24231,40.53336],[-74.24231,40.53296],[-74.24221,40.53269],[-74.24258,40.53266],[-74.24178,40.5325],[-74.24165,40.53192],[-74.2417,40.53162],[-74.24152,40.53145],[-74.24151,40.53105],[-74.24171,40.53055],[-74.24225,40.52983],[-74.24217,40.52971],[-74.24219,40.52945],[-74.24246,40.52896],[-74.24242,40.52874],[-74.24251,40.52845],[-74.24287,40.5282],[-74.24284,40.52801],[-74.24295,40.52773],[-74.24288,40.52759],[-74.24289,40.52725],[-74.24298,40.52692],[-74.24335,40.52583],[-74.2439,40.52506],[-74.24385,40.52492],[-74.24678,40.52474]]],[[[-74.19882,40.60166],[-74.19813,40.60264],[-74.19815,40.60319],[-74.19839,40.60378],[-74.19914,40.60473],[-74.20012,40.60634],[-74.20038,40.60718],[-74.20044,40.60839],[-74.20014,40.60929],[-74.20016,40.60956],[-74.19988,40.6102],[-74.19926,40.61129],[-74.19836,40.61253],[-74.19819,40.61321],[-74.19823,40.61362],[-74.19848,40.61409],[-74.19869,40.61418],[-74.20033,40.6137],[-74.20163,40.61413],[-74.20216,40.6136],[-74.20249,40.61352],[-74.20259,40.61334],[-74.20244,40.6126],[-74.2024,40.61162],[-74.2026,40.61089],[-74.20252,40.61064],[-74.20259,40.61015],[-74.20292,40.60984],[-74.20287,40.60964],[-74.20263,40.60966],[-74.20278,40.6084],[-74.20267,40.60779],[-74.20219,40.60597],[-74.20193,40.60547],[-74.20155,40.60499],[-74.20149,40.60466],[-74.2012,40.60438],[-74.20061,40.60405],[-74.2005,40.60394],[-74.20051,40.60373],[-74.20002,40.60339],[-74.1995,40.60259],[-74.19917,40.60246],[-74.19914,40.60214],[-74.19882,40.60166]]],[[[-74.17878,40.64255],[-74.17868,40.64265],[-74.17872,40.64271],[-74.17883,40.64269],[-74.17878,40.64255]]],[[[-74.19055,40.63281],[-74.19057,40.63287],[-74.19079,40.63293],[-74.19055,40.63281]]],[[[-74.19148,40.62862],[-74.19118,40.62871],[-74.19091,40.62895],[-74.19008,40.63038],[-74.18939,40.63106],[-74.18946,40.63117],[-74.18965,40.63113],[-74.19011,40.63132],[-74.19039,40.63112],[-74.1901,40.63154],[-74.19097,40.63146],[-74.19192,40.63018],[-74.19201,40.62896],[-74.19183,40.62873],[-74.19148,40.62862]]],[[[-74.19269,40.63029],[-74.1926,40.63039],[-74.19271,40.6304],[-74.19269,40.63029]]],[[[-74.19257,40.63042],[-74.19235,40.63059],[-74.1924,40.63075],[-74.19256,40.63069],[-74.1927,40.6305],[-74.19257,40.63042]]],[[[-74.19408,40.63117],[-74.19409,40.63147],[-74.19525,40.6314],[-74.19465,40.6312],[-74.19408,40.63117]]],[[[-74.19519,40.63169],[-74.19291,40.63196],[-74.19307,40.6324],[-74.19352,40.63256],[-74.19476,40.63208],[-74.19509,40.63189],[-74.19523,40.63175],[-74.19519,40.63169]]]]},"properties":{"waterbodyId":29,"name":"Arthur Kill, Upper"}},{"type":"Feature","geometry":{"type":"Polygon","coordinates":[[[-74.00529,40.66963],[-74.00606,40.66805],[-74.00553,40.6679],[-74.00481,40.66777],[-74.00465,40.66784],[-74.00401,40.66767],[-74.00366,40.66756],[-74.00371,40.66743],[-74.00319,40.66729],[-74.00279,40.6674],[-74.00222,40.66859],[-74.00143,40.66836],[-74.00109,40.66901],[-74.00023,40.66875],[-73.99959,40.67015],[-73.99959,40.66789],[-74.0001,40.66743],[-74.00069,40.66756],[-74.00144,40.66718],[-74.00119,40.66701],[-74.00156,40.66681],[-74.00228,40.66681],[-74.0029,40.66647],[-73.99953,40.66441],[-74.00011,40.66387],[-74.00005,40.66383],[-74.00077,40.66307],[-74.00084,40.66301],[-74.00094,40.66308],[-74.00112,40.66292],[-74.00485,40.66508],[-74.00516,40.66484],[-74.00523,40.66464],[-74.00419,40.66398],[-74.00438,40.66396],[-74.00457,40.66371],[-74.00341,40.66299],[-74.00348,40.66287],[-74.00363,40.66274],[-74.00564,40.66391],[-74.00593,40.66364],[-74.00355,40.6622],[-74.00381,40.66193],[-74.00593,40.66316],[-74.00626,40.6628],[-74.00426,40.66164],[-74.00437,40.66149],[-74.0057,40.66229],[-74.00613,40.66187],[-74.00624,40.66188],[-74.0087,40.66334],[-74.00961,40.66321],[-74.01006,40.66295],[-74.01154,40.66509],[-74.00989,40.66845],[-74.00983,40.66852],[-74.00753,40.66861],[-74.00683,40.66856],[-74.00664,40.66863],[-74.00655,40.66877],[-74.00648,40.66876],[-74.00556,40.67063],[-74.00534,40.67092],[-74.00476,40.67075],[-74.00529,40.66963]]]},"properties":{"waterbodyId":30,"name":"Gowanus Canal, Outer"}},{"type":"Feature","geometry":{"type":"Polygon","coordinates":[[[-73.79269,40.78879],[-73.79374,40.78905],[-73.79467,40.7911],[-73.79488,40.79139],[-73.79488,40.79165],[-73.79498,40.7919],[-73.79494,40.79249],[-73.79471,40.79268],[-73.79478,40.79294],[-73.79459,40.79358],[-73.79461,40.79392],[-73.79438,40.7942],[-73.79442,40.79448],[-73.79459,40.79479],[-73.79443,40.79483],[-73.79463,40.79494],[-73.79474,40.79489],[-73.79507,40.79494],[-73.79508,40.79508],[-73.79547,40.79499],[-73.7966,40.79521],[-73.79712,40.79541],[-73.79717,40.79554],[-73.79757,40.79555],[-73.79874,40.79598],[-73.79931,40.7961],[-73.79963,40.79635],[-73.79967,40.79619],[-73.79981,40.79618],[-73.80048,40.79629],[-73.80064,40.79645],[-73.80067,40.79637],[-73.80086,40.79634],[-73.80101,40.79653],[-73.8016,40.79635],[-73.80239,40.79627],[-73.80296,40.79642],[-73.803,40.79672],[-73.80334,40.79672],[-73.80349,40.79649],[-73.80404,40.79627],[-73.80461,40.79615],[-73.80531,40.79617],[-73.80587,40.79648],[-73.80618,40.79651],[-73.80636,40.7964],[-73.80768,40.79668],[-73.8088,40.7968],[-73.8102,40.79717],[-73.81161,40.79738],[-73.81176,40.79772],[-73.81178,40.79803],[-73.81226,40.79814],[-73.81254,40.79807],[-73.81289,40.79718],[-73.81325,40.79722],[-73.81328,40.79711],[-73.81368,40.79706],[-73.81375,40.79716],[-73.81365,40.79753],[-73.81464,40.79794],[-73.81453,40.79817],[-73.81463,40.7982],[-73.8146,40.79815],[-73.81473,40.798],[-73.81604,40.79855],[-73.8165,40.79903],[-73.81743,40.79932],[-73.81983,40.801],[-73.81991,40.80098],[-73.81995,40.80086],[-73.82075,40.80056],[-73.82106,40.80028],[-73.82147,40.80011],[-73.82187,40.79977],[-73.8226,40.79891],[-73.82328,40.79846],[-73.82353,40.79846],[-73.82351,40.79837],[-73.82368,40.79823],[-73.82386,40.79816],[-73.82391,40.79825],[-73.82407,40.79826],[-73.82405,40.79808],[-73.82507,40.79738],[-73.82528,40.79732],[-73.82551,40.79745],[-73.82581,40.79738],[-73.82615,40.79742],[-73.8267,40.79781],[-73.82704,40.79772],[-73.82719,40.79759],[-73.8317,40.80485],[-73.83147,40.80505],[-73.83143,40.8052],[-73.83164,40.80634],[-73.83158,40.80663],[-73.83204,40.8071],[-73.8322,40.80788],[-73.83212,40.8085],[-73.83185,40.80925],[-73.83119,40.81007],[-73.8307,40.8105],[-73.8303,40.81078],[-73.82924,40.81127],[-73.82783,40.81151],[-73.82693,40.81144],[-73.82655,40.8113],[-73.82619,40.81128],[-73.82611,40.8114],[-73.82508,40.81183],[-73.8249,40.81184],[-73.82467,40.81171],[-73.82458,40.81192],[-73.82414,40.81215],[-73.82363,40.81228],[-73.82348,40.8122],[-73.82346,40.81232],[-73.82331,40.81239],[-73.82274,40.81249],[-73.8224,40.81265],[-73.82217,40.81269],[-73.8221,40.81263],[-73.82212,40.8127],[-73.82181,40.81277],[-73.8217,40.81272],[-73.82161,40.81286],[-73.82124,40.81286],[-73.82118,40.81296],[-73.82063,40.81303],[-73.82042,40.81298],[-73.82039,40.81285],[-73.82013,40.81286],[-73.82007,40.81305],[-73.8198,40.81319],[-73.81877,40.81343],[-73.81743,40.81357],[-73.81629,40.81386],[-73.81588,40.81378],[-73.81564,40.81351],[-73.81388,40.81355],[-73.81362,40.81341],[-73.81363,40.81317],[-73.81349,40.81335],[-73.81334,40.81338],[-73.81274,40.81316],[-73.81199,40.81306],[-73.81186,40.81294],[-73.8117,40.81306],[-73.81135,40.81303],[-73.8109,40.8129],[-73.81073,40.81276],[-73.81039,40.813],[-73.80983,40.8129],[-73.80862,40.8122],[-73.80763,40.81131],[-73.80705,40.81063],[-73.80628,40.81005],[-73.80611,40.81004],[-73.80503,40.80946],[-73.80404,40.80878],[-73.80393,40.80854],[-73.80371,40.80853],[-73.80353,40.80879],[-73.80294,40.80909],[-73.80199,40.80902],[-73.80042,40.80824],[-73.79892,40.80718],[-73.79826,40.80683],[-73.79703,40.80635],[-73.79569,40.80611],[-73.79503,40.80564],[-73.79448,40.805],[-73.79407,40.80484],[-73.79402,40.80462],[-73.79389,40.80454],[-73.79391,40.80398],[-73.79371,40.80398],[-73.79367,40.79713],[-73.79373,40.79348],[-73.79321,40.79132],[-73.79245,40.79024],[-73.7917,40.78944],[-73.79208,40.78908],[-73.79269,40.78879]],[[-73.81955,40.80127],[-73.81947,40.80143],[-73.81961,40.8015],[-73.8197,40.80139],[-73.81955,40.80127]]]},"properties":{"waterbodyId":31,"name":"East River (near Throgs Neck)"}},{"type":"Feature","geometry":{"type":"Polygon","coordinates":[[[-73.93658,40.55686],[-73.93384,40.56704],[-73.90454,40.57168],[-73.89805,40.57201],[-73.89093,40.57252],[-73.8796,40.57435],[-73.84976,40.58829],[-73.84574,40.59313],[-73.8457,40.59331],[-73.84543,40.59365],[-73.84521,40.59377],[-73.83579,40.6051],[-73.8359,40.6052],[-73.8357,40.60637],[-73.8354,40.6067],[-73.83493,40.60679],[-73.83453,40.60704],[-73.83454,40.60718],[-73.83419,40.60787],[-73.83389,40.61343],[-73.83381,40.61368],[-73.83406,40.61437],[-73.83347,40.61459],[-73.83329,40.61443],[-73.8329,40.61466],[-73.83203,40.61491],[-73.83198,40.61499],[-73.83211,40.61504],[-73.83209,40.6151],[-73.83183,40.61525],[-73.83092,40.61536],[-73.83014,40.61526],[-73.82986,40.61514],[-73.82993,40.61489],[-73.82935,40.61465],[-73.8291,40.61465],[-73.82893,40.61482],[-73.82911,40.61504],[-73.82937,40.61505],[-73.82953,40.61534],[-73.82947,40.61545],[-73.82937,40.61532],[-73.82934,40.61552],[-73.82968,40.61544],[-73.82978,40.61554],[-73.82953,40.61567],[-73.82931,40.61556],[-73.82917,40.61562],[-73.82912,40.61557],[-73.82919,40.61535],[-73.82911,40.61533],[-73.82909,40.61547],[-73.82905,40.61536],[-73.82892,40.61545],[-73.82896,40.61534],[-73.82878,40.61493],[-73.82868,40.61517],[-73.82861,40.61518],[-73.82855,40.6151],[-73.82865,40.61503],[-73.82865,40.6149],[-73.82835,40.61486],[-73.8282,40.61496],[-73.82798,40.61472],[-73.82751,40.61472],[-73.82732,40.61451],[-73.82714,40.61464],[-73.82724,40.61454],[-73.82722,40.61421],[-73.8271,40.61409],[-73.8271,40.61394],[-73.82694,40.61384],[-73.82744,40.61387],[-73.82781,40.6137],[-73.82756,40.6137],[-73.82747,40.61353],[-73.82711,40.61345],[-73.82699,40.61367],[-73.82686,40.6137],[-73.82686,40.61402],[-73.8267,40.61422],[-73.82675,40.61434],[-73.82633,40.6145],[-73.82644,40.61486],[-73.82634,40.61503],[-73.82622,40.61502],[-73.8263,40.61509],[-73.82654,40.61503],[-73.82642,40.61515],[-73.82663,40.61527],[-73.82649,40.61543],[-73.82655,40.61551],[-73.82678,40.61522],[-73.82702,40.61526],[-73.82702,40.61533],[-73.82679,40.61542],[-73.8269,40.6155],[-73.82671,40.61543],[-73.8266,40.61558],[-73.82634,40.6154],[-73.82628,40.61551],[-73.82606,40.61535],[-73.82624,40.61538],[-73.82656,40.61528],[-73.82621,40.6152],[-73.82612,40.61511],[-73.82629,40.61488],[-73.8262,40.61459],[-73.82639,40.61424],[-73.82635,40.61404],[-73.82608,40.61416],[-73.82604,40.61431],[-73.8259,40.61439],[-73.82547,40.61417],[-73.82534,40.61392],[-73.82515,40.6138],[-73.82506,40.61344],[-73.82446,40.61299],[-73.82445,40.61291],[-73.82459,40.61281],[-73.82458,40.61253],[-73.82451,40.61249],[-73.82433,40.61267],[-73.82394,40.61213],[-73.82394,40.61178],[-73.82402,40.61171],[-73.82391,40.6116],[-73.82383,40.61163],[-73.82381,40.61145],[-73.82372,40.61146],[-73.82358,40.61131],[-73.82338,40.61125],[-73.82331,40.6113],[-73.82319,40.61095],[-73.82305,40.61092],[-73.82299,40.61046],[-73.82256,40.61033],[-73.82246,40.61037],[-73.82271,40.61063],[-73.82265,40.61084],[-73.82262,40.61065],[-73.82246,40.61045],[-73.82218,40.6104],[-73.822,40.61048],[-73.82173,40.61018],[-73.82141,40.61024],[-73.82143,40.61075],[-73.82133,40.61063],[-73.82134,40.61035],[-73.82091,40.61036],[-73.82068,40.61051],[-73.82122,40.61088],[-73.82129,40.61113],[-73.82128,40.61129],[-73.82101,40.61164],[-73.8211,40.6119],[-73.82088,40.61227],[-73.82077,40.6123],[-73.82058,40.61224],[-73.82044,40.61207],[-73.82051,40.61195],[-73.82047,40.61184],[-73.82024,40.61178],[-73.82024,40.61158],[-73.82003,40.61108],[-73.81982,40.61081],[-73.81948,40.61097],[-73.8194,40.61087],[-73.8193,40.61089],[-73.81946,40.61073],[-73.81963,40.61005],[-73.81978,40.60994],[-73.81999,40.60957],[-73.81991,40.60931],[-73.82002,40.60887],[-73.82014,40.60886],[-73.82029,40.60859],[-73.8205,40.60843],[-73.8209,40.60777],[-73.82087,40.60765],[-73.8212,40.60729],[-73.82123,40.60704],[-73.82235,40.60648],[-73.82291,40.60585],[-73.82207,40.6058],[-73.82201,40.60572],[-73.82087,40.60571],[-73.8203,40.60555],[-73.8203,40.60547],[-73.82059,40.60547],[-73.82223,40.60561],[-73.82243,40.60555],[-73.82255,40.60541],[-73.82251,40.60519],[-73.82233,40.6051],[-73.82052,40.60494],[-73.82039,40.60478],[-73.8227,40.60496],[-73.82281,40.60494],[-73.82292,40.60476],[-73.82277,40.60455],[-73.82279,40.60438],[-73.82169,40.60434],[-73.82047,40.60415],[-73.82057,40.60405],[-73.82249,40.60422],[-73.82269,40.60418],[-73.82285,40.6039],[-73.8228,40.60375],[-73.82092,40.60357],[-73.82067,40.60352],[-73.82064,40.60343],[-73.82076,40.60338],[-73.82273,40.60355],[-73.82294,40.60319],[-73.82293,40.60302],[-73.82093,40.60287],[-73.82094,40.60281],[-73.82077,40.60279],[-73.82077,40.60266],[-73.82249,40.60286],[-73.82267,40.60281],[-73.82284,40.60286],[-73.82299,40.6027],[-73.82323,40.60265],[-73.82283,40.6023],[-73.82158,40.60223],[-73.82157,40.60217],[-73.82096,40.60211],[-73.82092,40.60201],[-73.82211,40.60203],[-73.82357,40.60228],[-73.82363,40.60201],[-73.82346,40.60177],[-73.82348,40.60167],[-73.82175,40.60152],[-73.82103,40.6014],[-73.82103,40.60134],[-73.82112,40.60129],[-73.82253,40.60135],[-73.82259,40.60142],[-73.82323,40.60146],[-73.82368,40.60144],[-73.82396,40.60133],[-73.82401,40.60124],[-73.82401,40.60116],[-73.82376,40.60109],[-73.82377,40.60104],[-73.82322,40.60099],[-73.82311,40.60096],[-73.82309,40.60086],[-73.82289,40.60091],[-73.82257,40.60084],[-73.82225,40.60087],[-73.82127,40.60069],[-73.82145,40.60072],[-73.82143,40.60065],[-73.82171,40.60062],[-73.823,40.60074],[-73.82325,40.60084],[-73.82335,40.60076],[-73.82429,40.60085],[-73.8243,40.60079],[-73.82445,40.6008],[-73.82444,40.60034],[-73.82414,40.60037],[-73.82415,40.6003],[-73.82262,40.60019],[-73.82234,40.60024],[-73.82234,40.60019],[-73.82172,40.60013],[-73.82135,40.59997],[-73.82166,40.59996],[-73.82195,40.59978],[-73.8225,40.59996],[-73.82295,40.59993],[-73.82379,40.60006],[-73.82402,40.59939],[-73.82407,40.5993],[-73.82417,40.5993],[-73.82425,40.59908],[-73.82398,40.59889],[-73.824,40.59876],[-73.82414,40.59866],[-73.82429,40.59831],[-73.82472,40.59815],[-73.82507,40.59823],[-73.82561,40.59864],[-73.82598,40.59921],[-73.82587,40.59945],[-73.8261,40.59946],[-73.82645,40.59907],[-73.82665,40.599],[-73.82697,40.59869],[-73.82713,40.59865],[-73.82687,40.59848],[-73.82689,40.59834],[-73.82782,40.59798],[-73.8278,40.59787],[-73.82757,40.59762],[-73.8276,40.59735],[-73.82711,40.59709],[-73.82709,40.59761],[-73.82699,40.59779],[-73.82677,40.59795],[-73.82591,40.59796],[-73.82562,40.59783],[-73.82531,40.59796],[-73.82525,40.59789],[-73.82534,40.59785],[-73.82528,40.59767],[-73.82562,40.59763],[-73.82546,40.59747],[-73.82519,40.59755],[-73.82503,40.59748],[-73.82514,40.59736],[-73.82538,40.59734],[-73.82617,40.59765],[-73.82625,40.59781],[-73.82648,40.59787],[-73.82681,40.5978],[-73.8269,40.59764],[-73.82686,40.59742],[-73.82695,40.59733],[-73.82693,40.597],[-73.82709,40.59689],[-73.82751,40.59695],[-73.82745,40.5967],[-73.82729,40.59656],[-73.82722,40.59667],[-73.82688,40.59681],[-73.82643,40.59679],[-73.82625,40.5965],[-73.82641,40.59646],[-73.82659,40.59665],[-73.82684,40.59665],[-73.82703,40.59648],[-73.82698,40.59633],[-73.82707,40.59621],[-73.82704,40.59597],[-73.82731,40.59561],[-73.82713,40.59556],[-73.82677,40.59566],[-73.82616,40.59559],[-73.82605,40.59566],[-73.82557,40.59554],[-73.82508,40.595],[-73.82447,40.59513],[-73.82388,40.59498],[-73.82303,40.5949],[-73.82226,40.59492],[-73.82125,40.59478],[-73.82092,40.59517],[-73.82078,40.59554],[-73.82048,40.5957],[-73.82056,40.5962],[-73.82031,40.59674],[-73.81975,40.59731],[-73.81959,40.59718],[-73.8193,40.59747],[-73.81924,40.59769],[-73.81959,40.5977],[-73.81965,40.59781],[-73.8196,40.59806],[-73.81936,40.59814],[-73.8194,40.59822],[-73.81951,40.59818],[-73.81946,40.59854],[-73.81902,40.59853],[-73.819,40.59864],[-73.81933,40.5987],[-73.81926,40.59878],[-73.81892,40.59876],[-73.81893,40.59883],[-73.81913,40.59885],[-73.81901,40.59922],[-73.81909,40.59982],[-73.81887,40.60012],[-73.81893,40.60033],[-73.81864,40.60052],[-73.8186,40.60062],[-73.8186,40.60077],[-73.81881,40.60082],[-73.8187,40.60101],[-73.81882,40.60122],[-73.81873,40.60151],[-73.81876,40.60203],[-73.81867,40.6023],[-73.8187,40.60257],[-73.81854,40.60263],[-73.81856,40.60278],[-73.81843,40.60302],[-73.81839,40.6033],[-73.8187,40.60362],[-73.81891,40.60372],[-73.81896,40.60392],[-73.81883,40.60429],[-73.81867,40.60408],[-73.81834,40.604],[-73.81814,40.60442],[-73.81825,40.60475],[-73.81855,40.6049],[-73.81853,40.60495],[-73.81833,40.60502],[-73.81817,40.60529],[-73.81819,40.60539],[-73.81809,40.60543],[-73.8181,40.60559],[-73.81799,40.60548],[-73.8179,40.6055],[-73.81725,40.60589],[-73.81655,40.60578],[-73.81668,40.60547],[-73.81665,40.60537],[-73.8165,40.60532],[-73.8161,40.60576],[-73.81599,40.60575],[-73.81592,40.60607],[-73.81604,40.60616],[-73.81572,40.60644],[-73.81568,40.60676],[-73.81526,40.607],[-73.81509,40.6073],[-73.815,40.60772],[-73.81486,40.60795],[-73.81489,40.60808],[-73.81472,40.60883],[-73.81489,40.60903],[-73.81506,40.60965],[-73.81515,40.60969],[-73.81527,40.60996],[-73.81531,40.61026],[-73.81507,40.6106],[-73.81479,40.61061],[-73.81452,40.61075],[-73.81431,40.61094],[-73.81422,40.61117],[-73.81434,40.61128],[-73.81443,40.61105],[-73.81464,40.61087],[-73.81506,40.61095],[-73.81543,40.61166],[-73.8155,40.61218],[-73.81565,40.61237],[-73.81563,40.61256],[-73.81582,40.61276],[-73.81585,40.61305],[-73.81566,40.6133],[-73.81549,40.61335],[-73.81524,40.61324],[-73.81531,40.61309],[-73.81527,40.61302],[-73.81493,40.61307],[-73.81484,40.61327],[-73.81551,40.61406],[-73.81525,40.61424],[-73.81495,40.61433],[-73.81486,40.61427],[-73.81484,40.614],[-73.81457,40.61403],[-73.81424,40.61426],[-73.81408,40.61453],[-73.8144,40.61485],[-73.81504,40.61491],[-73.81603,40.61446],[-73.81645,40.61446],[-73.81629,40.61509],[-73.8169,40.61632],[-73.81714,40.61725],[-73.81735,40.61755],[-73.81725,40.61759],[-73.81727,40.61772],[-73.81747,40.61785],[-73.8174,40.61818],[-73.81751,40.61833],[-73.8175,40.61849],[-73.81759,40.61855],[-73.81746,40.61877],[-73.81756,40.61879],[-73.81741,40.61906],[-73.81729,40.61905],[-73.81727,40.61927],[-73.81692,40.6193],[-73.81621,40.61983],[-73.81538,40.62014],[-73.81541,40.62034],[-73.81566,40.62049],[-73.81562,40.621],[-73.81567,40.62132],[-73.81584,40.62156],[-73.8166,40.62199],[-73.81676,40.62192],[-73.81683,40.62162],[-73.81707,40.62143],[-73.81796,40.62157],[-73.81805,40.62207],[-73.81846,40.62241],[-73.8186,40.62266],[-73.81883,40.62268],[-73.81894,40.62293],[-73.81874,40.62341],[-73.81837,40.62374],[-73.81802,40.62386],[-73.81667,40.62397],[-73.81625,40.62422],[-73.81617,40.62447],[-73.81765,40.62573],[-73.81795,40.62641],[-73.8179,40.62675],[-73.81806,40.62678],[-73.81815,40.62696],[-73.81816,40.62709],[-73.81803,40.62727],[-73.81827,40.62729],[-73.81827,40.6276],[-73.81868,40.62742],[-73.81874,40.62755],[-73.81895,40.62748],[-73.81939,40.62756],[-73.81954,40.62748],[-73.81967,40.62753],[-73.81983,40.6274],[-73.81997,40.62747],[-73.8201,40.62737],[-73.82005,40.62725],[-73.82013,40.62717],[-73.82036,40.62734],[-73.8203,40.62751],[-73.82035,40.6276],[-73.82025,40.62775],[-73.82036,40.62782],[-73.8205,40.62826],[-73.82051,40.6286],[-73.821,40.62953],[-73.82154,40.63106],[-73.82226,40.6345],[-73.82248,40.63518],[-73.82275,40.63563],[-73.82345,40.63909],[-73.82378,40.63963],[-73.82399,40.63978],[-73.82423,40.63984],[-73.82452,40.63921],[-73.8245,40.63905],[-73.82417,40.63881],[-73.8243,40.63805],[-73.82422,40.63774],[-73.82432,40.63672],[-73.82459,40.63575],[-73.82483,40.63579],[-73.82599,40.63554],[-73.82626,40.63552],[-73.8267,40.63588],[-73.82763,40.63578],[-73.82766,40.63569],[-73.82808,40.63592],[-73.82824,40.63589],[-73.82869,40.63669],[-73.82909,40.63693],[-73.8293,40.63717],[-73.82984,40.63752],[-73.83036,40.63769],[-73.83113,40.63809],[-73.83162,40.6386],[-73.83211,40.63875],[-73.83233,40.63899],[-73.83259,40.63899],[-73.83317,40.63882],[-73.83348,40.63854],[-73.83351,40.63812],[-73.8332,40.63774],[-73.83312,40.63725],[-73.83286,40.63705],[-73.8327,40.63583],[-73.83236,40.63531],[-73.83203,40.63502],[-73.83207,40.63485],[-73.83269,40.63462],[-73.83228,40.63472],[-73.8323,40.63462],[-73.83216,40.63457],[-73.83212,40.63413],[-73.83168,40.63387],[-73.83148,40.6333],[-73.83124,40.63312],[-73.83117,40.63295],[-73.83116,40.63243],[-73.83158,40.63179],[-73.83181,40.63103],[-73.83189,40.63056],[-73.8318,40.63031],[-73.83202,40.63001],[-73.83198,40.62974],[-73.83233,40.62916],[-73.83281,40.62895],[-73.83295,40.62878],[-73.83285,40.62849],[-73.83308,40.62825],[-73.83315,40.62789],[-73.83285,40.62784],[-73.83263,40.62796],[-73.83257,40.62749],[-73.83237,40.62734],[-73.83243,40.62712],[-73.8323,40.62685],[-73.83196,40.62705],[-73.83162,40.62692],[-73.83139,40.627],[-73.83128,40.62696],[-73.83124,40.62685],[-73.83108,40.62689],[-73.83073,40.62672],[-73.83081,40.62646],[-73.83067,40.62616],[-73.83068,40.62588],[-73.83098,40.62557],[-73.83091,40.62538],[-73.831,40.62524],[-73.83121,40.62523],[-73.83141,40.62498],[-73.83117,40.62493],[-73.83064,40.62514],[-73.83053,40.62488],[-73.83062,40.62486],[-73.83074,40.62498],[-73.83094,40.62486],[-73.83101,40.62457],[-73.83149,40.62415],[-73.83215,40.62323],[-73.83206,40.62308],[-73.83173,40.6229],[-73.83163,40.62296],[-73.83137,40.62287],[-73.83111,40.62293],[-73.83096,40.62317],[-73.83073,40.62314],[-73.83088,40.62306],[-73.83079,40.6229],[-73.83094,40.62286],[-73.83043,40.62264],[-73.83035,40.62283],[-73.83052,40.62276],[-73.83051,40.62295],[-73.83013,40.62379],[-73.82973,40.62416],[-73.82941,40.6242],[-73.82927,40.6243],[-73.82916,40.62424],[-73.82931,40.62394],[-73.8294,40.6239],[-73.82938,40.62383],[-73.82984,40.62355],[-73.82983,40.62338],[-73.82994,40.62343],[-73.82996,40.6237],[-73.83005,40.62358],[-73.83,40.62341],[-73.83011,40.62338],[-73.83012,40.62348],[-73.83021,40.62338],[-73.83013,40.62328],[-73.82984,40.62324],[-73.8297,40.62339],[-73.82969,40.62323],[-73.82946,40.62303],[-73.8296,40.62314],[-73.83007,40.62322],[-73.83003,40.62303],[-73.83013,40.623],[-73.83022,40.62261],[-73.83041,40.6225],[-73.83043,40.62239],[-73.83089,40.62278],[-73.83108,40.62275],[-73.83135,40.62235],[-73.83217,40.62276],[-73.83242,40.62277],[-73.83258,40.62268],[-73.8329,40.62222],[-73.8327,40.6219],[-73.83224,40.62189],[-73.83173,40.62205],[-73.8316,40.62199],[-73.83222,40.62173],[-73.83258,40.62172],[-73.83304,40.62128],[-73.83355,40.62111],[-73.83353,40.62142],[-73.83305,40.62171],[-73.83301,40.62188],[-73.83313,40.6221],[-73.83311,40.62239],[-73.83279,40.62278],[-73.83241,40.62305],[-73.83237,40.6233],[-73.83227,40.62325],[-73.83206,40.62364],[-73.83191,40.62375],[-73.83188,40.62392],[-73.83187,40.62384],[-73.83175,40.62397],[-73.83178,40.62407],[-73.83163,40.62408],[-73.83159,40.62424],[-73.83176,40.62431],[-73.83215,40.62388],[-73.83179,40.62449],[-73.83202,40.62462],[-73.83206,40.62472],[-73.83222,40.62472],[-73.83237,40.62446],[-73.83269,40.62426],[-73.83302,40.62418],[-73.83321,40.62426],[-73.83321,40.6241],[-73.8334,40.62411],[-73.8333,40.62622],[-73.83308,40.62648],[-73.83296,40.62692],[-73.83298,40.62716],[-73.83326,40.62725],[-73.83317,40.62909],[-73.83582,40.63171],[-73.83537,40.63173],[-73.83624,40.63212],[-73.84805,40.64377],[-73.85518,40.64278],[-73.85549,40.6441],[-73.85002,40.64457],[-73.8488,40.64425],[-73.84623,40.64429],[-73.8457,40.64444],[-73.84314,40.64467],[-73.84179,40.64487],[-73.8405,40.64486],[-73.84002,40.64502],[-73.83993,40.64512],[-73.83929,40.64522],[-73.83634,40.64533],[-73.83621,40.64548],[-73.83593,40.64552],[-73.83652,40.6479],[-73.83548,40.64837],[-73.83526,40.64812],[-73.8349,40.64806],[-73.83124,40.6479],[-73.83126,40.6482],[-73.83103,40.64861],[-73.83097,40.64911],[-73.83117,40.64968],[-73.83123,40.6503],[-73.83183,40.65173],[-73.83175,40.65186],[-73.83181,40.65217],[-73.83205,40.65308],[-73.83213,40.65307],[-73.83253,40.65503],[-73.83306,40.65676],[-73.83337,40.65806],[-73.83133,40.65835],[-73.83113,40.6583],[-73.83128,40.65821],[-73.83223,40.65803],[-73.8326,40.65781],[-73.83257,40.65743],[-73.83235,40.65712],[-73.83236,40.657],[-73.83199,40.65616],[-73.83209,40.65615],[-73.83215,40.65623],[-73.83273,40.65752],[-73.83278,40.65756],[-73.83292,40.65746],[-73.83275,40.65648],[-73.83229,40.65512],[-73.83214,40.65489],[-73.83187,40.6549],[-73.83159,40.65526],[-73.8315,40.65576],[-73.83136,40.65595],[-73.83113,40.65612],[-73.83046,40.65638],[-73.83009,40.65675],[-73.8295,40.65666],[-73.82949,40.65693],[-73.82907,40.65738],[-73.82922,40.6577],[-73.82957,40.65782],[-73.82982,40.65812],[-73.83025,40.65837],[-73.83021,40.65852],[-73.83,40.6586],[-73.8298,40.65857],[-73.8297,40.65867],[-73.83001,40.65917],[-73.83016,40.65981],[-73.83001,40.65956],[-73.82993,40.65919],[-73.8296,40.65867],[-73.82971,40.65851],[-73.83005,40.6585],[-73.83013,40.65841],[-73.82952,40.65792],[-73.82918,40.65781],[-73.82897,40.65721],[-73.82931,40.65694],[-73.82924,40.65667],[-73.82938,40.65651],[-73.82956,40.65643],[-73.83003,40.65658],[-73.83021,40.65635],[-73.83117,40.65591],[-73.8315,40.655],[-73.83212,40.65429],[-73.832,40.65401],[-73.83172,40.65394],[-73.83059,40.65483],[-73.83058,40.65534],[-73.83043,40.65554],[-73.83018,40.65567],[-73.82967,40.65561],[-73.82918,40.65609],[-73.82902,40.65612],[-73.82926,40.65578],[-73.83113,40.65425],[-73.83162,40.65372],[-73.8314,40.65351],[-73.83161,40.65348],[-73.8316,40.65341],[-73.8313,40.65344],[-73.83128,40.65339],[-73.83131,40.65266],[-73.83112,40.6523],[-73.83094,40.65165],[-73.83069,40.65135],[-73.8305,40.65137],[-73.8305,40.65126],[-73.83021,40.65114],[-73.83008,40.65093],[-73.82998,40.65091],[-73.82987,40.65046],[-73.82975,40.65042],[-73.82996,40.65041],[-73.82998,40.65033],[-73.82983,40.65003],[-73.82937,40.64959],[-73.8287,40.64932],[-73.82832,40.64904],[-73.8273,40.64893],[-73.82682,40.64879],[-73.8266,40.64857],[-73.82653,40.64838],[-73.82639,40.64834],[-73.82628,40.64838],[-73.82628,40.64847],[-73.82646,40.64926],[-73.82638,40.64943],[-73.82619,40.6495],[-73.82609,40.64971],[-73.8263,40.65004],[-73.82615,40.65009],[-73.82608,40.64977],[-73.82589,40.64949],[-73.82555,40.64953],[-73.82544,40.64987],[-73.82517,40.64944],[-73.82477,40.64939],[-73.82468,40.64956],[-73.82451,40.64946],[-73.82447,40.64935],[-73.82409,40.6493],[-73.8239,40.64913],[-73.82394,40.64895],[-73.82374,40.64865],[-73.82346,40.64844],[-73.82324,40.64843],[-73.82311,40.64813],[-73.82318,40.64802],[-73.82093,40.64882],[-73.81988,40.64794],[-73.81924,40.64719],[-73.81916,40.64701],[-73.81958,40.64647],[-73.81919,40.64689],[-73.81884,40.64674],[-73.81861,40.64647],[-73.81836,40.64635],[-73.81729,40.64601],[-73.81625,40.64593],[-73.81593,40.6457],[-73.81525,40.64548],[-73.81353,40.64466],[-73.8131,40.64459],[-73.81289,40.64472],[-73.81266,40.64475],[-73.81088,40.64353],[-73.80884,40.64292],[-73.80676,40.64184],[-73.80601,40.64163],[-73.80568,40.64165],[-73.80455,40.6409],[-73.80189,40.63982],[-73.79926,40.63843],[-73.79866,40.6384],[-73.79824,40.63831],[-73.79778,40.6381],[-73.79715,40.63797],[-73.79698,40.63789],[-73.79688,40.63775],[-73.79667,40.63773],[-73.79564,40.63712],[-73.79521,40.63699],[-73.7947,40.63662],[-73.79429,40.63656],[-73.79344,40.63613],[-73.79225,40.6359],[-73.79167,40.63543],[-73.79129,40.63494],[-73.79125,40.63432],[-73.79108,40.63425],[-73.79082,40.63432],[-73.7907,40.63422],[-73.79066,40.63416],[-73.7908,40.63389],[-73.78972,40.63407],[-73.78949,40.6343],[-73.78935,40.63403],[-73.78825,40.63338],[-73.78806,40.63321],[-73.7881,40.63313],[-73.7879,40.63307],[-73.78725,40.63246],[-73.78689,40.63227],[-73.78544,40.63202],[-73.78442,40.63144],[-73.78379,40.63062],[-73.78276,40.6303],[-73.7827,40.62999],[-73.78294,40.62923],[-73.78323,40.6286],[-73.78358,40.62804],[-73.78443,40.62706],[-73.78503,40.62659],[-73.78556,40.62682],[-73.78527,40.62663],[-73.78539,40.6263],[-73.78591,40.62566],[-73.78626,40.62529],[-73.78694,40.62484],[-73.78821,40.6237],[-73.78891,40.62328],[-73.78909,40.62297],[-73.78915,40.623],[-73.78966,40.62261],[-73.79008,40.62253],[-73.79038,40.62261],[-73.7908,40.62235],[-73.7908,40.62215],[-73.79106,40.62165],[-73.79118,40.62117],[-73.79098,40.62125],[-73.79021,40.62185],[-73.78988,40.62181],[-73.78889,40.62133],[-73.78888,40.62119],[-73.78906,40.62115],[-73.78936,40.62075],[-73.78858,40.62089],[-73.78831,40.62079],[-73.7882,40.62064],[-73.78831,40.62059],[-73.78855,40.62076],[-73.78941,40.6206],[-73.78952,40.6207],[-73.78951,40.62084],[-73.78926,40.62125],[-73.78993,40.62166],[-73.7901,40.62169],[-73.79072,40.62123],[-73.791,40.62081],[-73.79085,40.62075],[-73.79108,40.62019],[-73.79081,40.62015],[-73.79081,40.62009],[-73.79147,40.62001],[-73.79161,40.61991],[-73.79169,40.61933],[-73.79191,40.61902],[-73.79163,40.6189],[-73.7919,40.61889],[-73.79198,40.61899],[-73.79192,40.61921],[-73.79178,40.61938],[-73.79171,40.61994],[-73.79166,40.62003],[-73.7913,40.62019],[-73.79113,40.6205],[-73.79134,40.62074],[-73.79174,40.62096],[-73.79225,40.62106],[-73.79254,40.62072],[-73.79265,40.62033],[-73.79311,40.62036],[-73.79327,40.62011],[-73.79388,40.62004],[-73.79395,40.6196],[-73.79401,40.61952],[-73.7942,40.61954],[-73.79401,40.61963],[-73.79393,40.62019],[-73.79344,40.62018],[-73.79319,40.62044],[-73.79277,40.6205],[-73.79255,40.62101],[-73.79314,40.62134],[-73.79361,40.62188],[-73.79385,40.62209],[-73.79399,40.62211],[-73.79399,40.62279],[-73.79451,40.62269],[-73.79466,40.62257],[-73.79473,40.62238],[-73.79467,40.62219],[-73.79443,40.62207],[-73.79443,40.62185],[-73.79481,40.62191],[-73.79525,40.62165],[-73.79505,40.62143],[-73.79504,40.6213],[-73.79525,40.62102],[-73.7956,40.62095],[-73.79551,40.62078],[-73.79558,40.62032],[-73.79592,40.61981],[-73.79619,40.61962],[-73.79611,40.61953],[-73.79628,40.61934],[-73.79621,40.61901],[-73.79635,40.6185],[-73.79671,40.61838],[-73.797,40.61838],[-73.79698,40.61825],[-73.7968,40.61808],[-73.79682,40.61794],[-73.79675,40.61789],[-73.79687,40.61778],[-73.7968,40.6177],[-73.79724,40.61762],[-73.79714,40.61736],[-73.79741,40.61721],[-73.79747,40.61688],[-73.79733,40.61683],[-73.79732,40.61672],[-73.79713,40.61656],[-73.79724,40.61629],[-73.7968,40.61627],[-73.79644,40.61656],[-73.7962,40.6164],[-73.79611,40.61617],[-73.79594,40.61623],[-73.79589,40.61646],[-73.79573,40.61653],[-73.79522,40.61623],[-73.79545,40.61624],[-73.7957,40.61647],[-73.79585,40.6164],[-73.79583,40.61622],[-73.79615,40.61612],[-73.79645,40.61646],[-73.79662,40.61626],[-73.79682,40.61618],[-73.79734,40.61617],[-73.7974,40.61623],[-73.79736,40.61651],[-73.79754,40.61659],[-73.79808,40.61633],[-73.79821,40.61602],[-73.79803,40.61588],[-73.79814,40.61575],[-73.79844,40.61576],[-73.79857,40.61595],[-73.79878,40.61572],[-73.7988,40.61558],[-73.79913,40.61559],[-73.79901,40.61538],[-73.79938,40.61486],[-73.79951,40.61441],[-73.79952,40.61394],[-73.79968,40.61379],[-73.79965,40.61366],[-73.79951,40.61355],[-73.79934,40.61372],[-73.79915,40.61369],[-73.79902,40.61362],[-73.79904,40.61347],[-73.79897,40.61342],[-73.79871,40.61362],[-73.79845,40.61361],[-73.79876,40.61355],[-73.79882,40.61332],[-73.79908,40.61339],[-73.79916,40.6136],[-73.79933,40.61363],[-73.79933,40.61334],[-73.79971,40.61325],[-73.80006,40.61302],[-73.80001,40.61289],[-73.80008,40.61268],[-73.8,40.61259],[-73.80012,40.61244],[-73.80022,40.61208],[-73.80069,40.61203],[-73.80081,40.61194],[-73.80051,40.61166],[-73.80035,40.61169],[-73.80026,40.61162],[-73.80002,40.61164],[-73.79981,40.61185],[-73.7994,40.61196],[-73.79942,40.61203],[-73.79834,40.61202],[-73.79799,40.61232],[-73.79787,40.6126],[-73.79796,40.61286],[-73.79758,40.61302],[-73.79769,40.61289],[-73.79788,40.61283],[-73.79784,40.61266],[-73.7971,40.61261],[-73.79649,40.61236],[-73.796,40.61239],[-73.79572,40.6122],[-73.79582,40.61219],[-73.79602,40.61234],[-73.79626,40.61229],[-73.79679,40.61237],[-73.79662,40.61181],[-73.79638,40.61171],[-73.79586,40.61165],[-73.79554,40.61142],[-73.79534,40.61109],[-73.79501,40.61093],[-73.79377,40.61093],[-73.79391,40.61132],[-73.79408,40.61137],[-73.79396,40.61143],[-73.79371,40.61104],[-73.79363,40.61106],[-73.79357,40.61122],[-73.7933,40.61111],[-73.79312,40.6113],[-73.79301,40.61129],[-73.79293,40.61115],[-73.79247,40.61126],[-73.7921,40.61161],[-73.79254,40.61163],[-73.79259,40.61185],[-73.79252,40.61166],[-73.7921,40.61172],[-73.79186,40.61166],[-73.79232,40.61122],[-73.79253,40.61112],[-73.79282,40.61111],[-73.79302,40.61089],[-73.79356,40.61085],[-73.79393,40.61073],[-73.79519,40.61081],[-73.79545,40.61096],[-73.79571,40.61131],[-73.79588,40.61132],[-73.79596,40.61145],[-73.79605,40.6114],[-73.79599,40.61149],[-73.79653,40.61157],[-73.79696,40.61184],[-73.79685,40.61187],[-73.7969,40.61211],[-73.79704,40.61238],[-73.7972,40.61246],[-73.79759,40.61241],[-73.7979,40.61203],[-73.79824,40.61179],[-73.79906,40.61169],[-73.79904,40.6115],[-73.79883,40.61152],[-73.79879,40.61145],[-73.79857,40.61152],[-73.79851,40.61137],[-73.79828,40.61131],[-73.79746,40.61132],[-73.79736,40.61116],[-73.79694,40.61114],[-73.7969,40.61102],[-73.79565,40.61056],[-73.79486,40.61041],[-73.79477,40.61032],[-73.79482,40.61023],[-73.79448,40.60986],[-73.79453,40.60975],[-73.79389,40.60946],[-73.79386,40.60937],[-73.79396,40.60929],[-73.79372,40.60904],[-73.79339,40.60898],[-73.79324,40.60881],[-73.79292,40.60868],[-73.79232,40.60869],[-73.79268,40.60914],[-73.79311,40.60998],[-73.79263,40.61048],[-73.79233,40.61058],[-73.79166,40.61058],[-73.79148,40.6105],[-73.79142,40.61035],[-73.79086,40.61001],[-73.79045,40.60999],[-73.7907,40.61071],[-73.79071,40.61151],[-73.79056,40.61203],[-73.79031,40.61226],[-73.7908,40.61217],[-73.79102,40.61237],[-73.79098,40.6126],[-73.79144,40.61292],[-73.79166,40.61331],[-73.79179,40.61339],[-73.79255,40.61328],[-73.79319,40.61293],[-73.79342,40.61291],[-73.79366,40.61313],[-73.79419,40.6137],[-73.79434,40.61434],[-73.79458,40.6146],[-73.79455,40.61515],[-73.79436,40.61545],[-73.79446,40.61554],[-73.79425,40.61559],[-73.79423,40.61591],[-73.79398,40.61596],[-73.79415,40.61589],[-73.79416,40.61577],[-73.79389,40.61575],[-73.79406,40.61569],[-73.79416,40.61543],[-73.79439,40.61516],[-73.79438,40.61464],[-73.79416,40.6143],[-73.79399,40.61369],[-73.7936,40.61327],[-73.79327,40.6131],[-73.79254,40.61344],[-73.79252,40.61352],[-73.79241,40.61347],[-73.79169,40.61357],[-73.79153,40.61346],[-73.79136,40.61313],[-73.79056,40.6125],[-73.79044,40.61252],[-73.79039,40.61279],[-73.79024,40.61292],[-73.78979,40.61296],[-73.78974,40.61309],[-73.78952,40.61306],[-73.78937,40.61319],[-73.78931,40.61314],[-73.78912,40.61321],[-73.7888,40.61336],[-73.78857,40.61356],[-73.78831,40.61352],[-73.78757,40.61373],[-73.78748,40.61366],[-73.78711,40.61388],[-73.78662,40.61396],[-73.7859,40.61435],[-73.78588,40.61453],[-73.78622,40.6146],[-73.78675,40.61488],[-73.78764,40.61478],[-73.78801,40.61519],[-73.78846,40.61538],[-73.78863,40.61535],[-73.7886,40.61508],[-73.78887,40.6147],[-73.7893,40.6146],[-73.78944,40.61471],[-73.78945,40.6149],[-73.78908,40.61519],[-73.78904,40.6153],[-73.78908,40.61541],[-73.78926,40.6155],[-73.78943,40.61551],[-73.7896,40.61541],[-73.7896,40.61511],[-73.78968,40.61499],[-73.79011,40.61496],[-73.78971,40.61503],[-73.78966,40.61518],[-73.78974,40.61538],[-73.78956,40.61552],[-73.78933,40.61556],[-73.78909,40.61549],[-73.78899,40.61529],[-73.78902,40.61512],[-73.78938,40.61487],[-73.78937,40.61473],[-73.78928,40.61465],[-73.78892,40.61475],[-73.78872,40.6151],[-73.78874,40.61537],[-73.78856,40.61546],[-73.7881,40.61534],[-73.78759,40.61485],[-73.78687,40.61502],[-73.78603,40.61466],[-73.78568,40.61469],[-73.78542,40.61585],[-73.78587,40.61634],[-73.78602,40.61662],[-73.78604,40.61745],[-73.78677,40.61717],[-73.78762,40.61709],[-73.78805,40.61756],[-73.78835,40.61772],[-73.7885,40.61761],[-73.78869,40.61715],[-73.78892,40.61694],[-73.78897,40.61697],[-73.78875,40.61719],[-73.7886,40.61757],[-73.78838,40.61786],[-73.78826,40.61787],[-73.78818,40.61806],[-73.7882,40.61814],[-73.78863,40.61827],[-73.7889,40.6182],[-73.78888,40.61813],[-73.78923,40.61758],[-73.78964,40.61753],[-73.79015,40.61755],[-73.79016,40.61761],[-73.7895,40.61762],[-73.78935,40.61769],[-73.78917,40.61796],[-73.78921,40.61814],[-73.78911,40.61819],[-73.78909,40.61839],[-73.78856,40.61839],[-73.78846,40.61848],[-73.78785,40.61807],[-73.78794,40.6178],[-73.7876,40.61749],[-73.78752,40.6173],[-73.7865,40.61745],[-73.78638,40.61768],[-73.78641,40.61785],[-73.78682,40.61907],[-73.78691,40.61914],[-73.78664,40.61975],[-73.78605,40.62026],[-73.78552,40.62046],[-73.78547,40.62057],[-73.78572,40.62045],[-73.78583,40.62074],[-73.7852,40.62068],[-73.78508,40.62048],[-73.78451,40.62063],[-73.78421,40.62087],[-73.78223,40.6235],[-73.78152,40.62474],[-73.78116,40.62508],[-73.78113,40.62534],[-73.78084,40.62557],[-73.78069,40.6259],[-73.78029,40.62641],[-73.7799,40.62668],[-73.77969,40.62703],[-73.77937,40.62734],[-73.77877,40.62748],[-73.77766,40.62747],[-73.77757,40.62756],[-73.7772,40.62761],[-73.77627,40.62742],[-73.77408,40.62579],[-73.77349,40.62507],[-73.77327,40.62503],[-73.77272,40.62463],[-73.77153,40.62335],[-73.77113,40.62323],[-73.77108,40.62334],[-73.77085,40.62333],[-73.77082,40.62325],[-73.77091,40.62306],[-73.77081,40.62296],[-73.77095,40.62268],[-73.77091,40.62243],[-73.77148,40.62161],[-73.77172,40.62095],[-73.77168,40.6205],[-73.77156,40.6203],[-73.77112,40.62002],[-73.77077,40.62004],[-73.77046,40.62022],[-73.77024,40.6205],[-73.77009,40.62092],[-73.76975,40.62112],[-73.76981,40.62159],[-73.76959,40.62189],[-73.76952,40.62213],[-73.76945,40.62202],[-73.7687,40.62267],[-73.76856,40.62321],[-73.76885,40.62412],[-73.76864,40.62449],[-73.76861,40.62474],[-73.76831,40.62513],[-73.76828,40.62534],[-73.76778,40.62593],[-73.76772,40.6262],[-73.76717,40.62703],[-73.767,40.62754],[-73.76687,40.62758],[-73.76673,40.62792],[-73.7664,40.62836],[-73.76475,40.62917],[-73.76502,40.62935],[-73.76501,40.62942],[-73.76453,40.62923],[-73.76363,40.62951],[-73.7636,40.62959],[-73.76309,40.62967],[-73.76219,40.63027],[-73.76204,40.63026],[-73.76168,40.63045],[-73.76113,40.63052],[-73.76078,40.63068],[-73.76053,40.63067],[-73.76001,40.63098],[-73.75983,40.63098],[-73.75945,40.63116],[-73.75931,40.63136],[-73.75901,40.6315],[-73.75855,40.63156],[-73.75822,40.63178],[-73.75774,40.63183],[-73.75739,40.63212],[-73.75568,40.63259],[-73.75546,40.63278],[-73.75523,40.63274],[-73.75479,40.63289],[-73.75458,40.63307],[-73.75415,40.63318],[-73.7535,40.63354],[-73.75246,40.63371],[-73.75205,40.63396],[-73.7516,40.63409],[-73.75152,40.63421],[-73.75073,40.63468],[-73.7494,40.63502],[-73.74885,40.63527],[-73.74858,40.63551],[-73.74847,40.63587],[-73.74628,40.63643],[-73.74592,40.63678],[-73.7452,40.6372],[-73.74482,40.63721],[-73.74465,40.6375],[-73.74451,40.63759],[-73.74468,40.63512],[-73.74485,40.63487],[-73.74468,40.63485],[-73.74475,40.63448],[-73.74514,40.63412],[-73.7456,40.63386],[-73.74565,40.63375],[-73.7456,40.63353],[-73.7451,40.63356],[-73.74511,40.63151],[-73.74534,40.6313],[-73.74586,40.63155],[-73.74711,40.6307],[-73.74523,40.62882],[-73.74613,40.62876],[-73.74654,40.62892],[-73.74663,40.62889],[-73.74671,40.62901],[-73.74768,40.62934],[-73.74775,40.62954],[-73.74792,40.62972],[-73.74864,40.62979],[-73.74873,40.62971],[-73.74872,40.62947],[-73.7491,40.62915],[-73.75053,40.6281],[-73.75076,40.62817],[-73.75079,40.62808],[-73.75069,40.62798],[-73.75099,40.62789],[-73.75093,40.6278],[-73.75165,40.62734],[-73.75188,40.6275],[-73.75212,40.62727],[-73.75232,40.62722],[-73.75278,40.62687],[-73.75302,40.62683],[-73.75318,40.62669],[-73.75396,40.62663],[-73.7542,40.62654],[-73.75453,40.62661],[-73.7558,40.62631],[-73.75639,40.62573],[-73.7564,40.6255],[-73.75656,40.62554],[-73.75678,40.62533],[-73.75702,40.62491],[-73.75766,40.62421],[-73.75775,40.624],[-73.75793,40.62395],[-73.75799,40.62373],[-73.75822,40.62367],[-73.75824,40.62351],[-73.75852,40.62355],[-73.75885,40.62373],[-73.759,40.62363],[-73.75934,40.62363],[-73.76022,40.62314],[-73.76048,40.62285],[-73.76024,40.62278],[-73.76,40.62243],[-73.76008,40.62226],[-73.76033,40.62224],[-73.76036,40.62213],[-73.76061,40.62196],[-73.76074,40.62202],[-73.76086,40.62192],[-73.76114,40.62217],[-73.76128,40.62215],[-73.76138,40.62202],[-73.76152,40.62216],[-73.7621,40.6224],[-73.76228,40.62235],[-73.76277,40.62267],[-73.76293,40.623],[-73.76296,40.62285],[-73.76326,40.62307],[-73.76349,40.62295],[-73.7636,40.62306],[-73.76383,40.6229],[-73.76388,40.62275],[-73.76412,40.62262],[-73.76399,40.62258],[-73.76369,40.62274],[-73.76364,40.62258],[-73.76337,40.62256],[-73.7634,40.62232],[-73.76325,40.62219],[-73.76312,40.62228],[-73.76328,40.62191],[-73.76316,40.6218],[-73.76313,40.62163],[-73.76322,40.62166],[-73.7633,40.62158],[-73.76331,40.6213],[-73.7634,40.6213],[-73.76368,40.62106],[-73.76423,40.62114],[-73.7646,40.62093],[-73.76496,40.62103],[-73.76509,40.62123],[-73.76534,40.62109],[-73.7653,40.62095],[-73.76539,40.62091],[-73.76529,40.62075],[-73.76501,40.62082],[-73.76493,40.62094],[-73.76467,40.62081],[-73.76486,40.62045],[-73.7648,40.62026],[-73.76464,40.62011],[-73.76477,40.62],[-73.76471,40.6201],[-73.76482,40.6202],[-73.76517,40.62018],[-73.76525,40.62004],[-73.76557,40.61995],[-73.7659,40.61998],[-73.76624,40.62023],[-73.76748,40.62031],[-73.76783,40.62021],[-73.76832,40.61993],[-73.76871,40.61935],[-73.76911,40.61892],[-73.76966,40.6181],[-73.76979,40.61766],[-73.77017,40.61719],[-73.7701,40.61676],[-73.77037,40.61669],[-73.77034,40.61629],[-73.77051,40.61605],[-73.77043,40.61594],[-73.76959,40.61569],[-73.76855,40.61569],[-73.76822,40.61554],[-73.76794,40.61564],[-73.76765,40.6155],[-73.76699,40.61553],[-73.7649,40.61591],[-73.76425,40.61611],[-73.76409,40.61634],[-73.76307,40.61698],[-73.76303,40.61711],[-73.76294,40.6171],[-73.76288,40.61736],[-73.76273,40.61745],[-73.7627,40.61758],[-73.763,40.61791],[-73.7631,40.6179],[-73.7628,40.61817],[-73.76266,40.61813],[-73.76254,40.61796],[-73.76159,40.61793],[-73.76138,40.61785],[-73.7612,40.6179],[-73.76097,40.61781],[-73.76076,40.61787],[-73.76073,40.61775],[-73.75959,40.61794],[-73.7593,40.61813],[-73.75931,40.61819],[-73.7592,40.61816],[-73.75874,40.61838],[-73.75861,40.61833],[-73.75846,40.61845],[-73.75812,40.61853],[-73.75816,40.61841],[-73.7581,40.61833],[-73.75784,40.61821],[-73.75803,40.61798],[-73.75789,40.61756],[-73.75777,40.61757],[-73.75775,40.61735],[-73.75737,40.61736],[-73.75712,40.61716],[-73.75714,40.61699],[-73.75529,40.61633],[-73.75527,40.61618],[-73.75512,40.61608],[-73.7556,40.61618],[-73.75758,40.61696],[-73.76031,40.61604],[-73.76044,40.61597],[-73.76045,40.61586],[-73.76106,40.61559],[-73.76147,40.61567],[-73.76209,40.61528],[-73.76301,40.61504],[-73.76331,40.6148],[-73.76333,40.61435],[-73.76319,40.61418],[-73.76174,40.61323],[-73.76122,40.61267],[-73.76123,40.61283],[-73.7611,40.61284],[-73.76107,40.61265],[-73.76047,40.61245],[-73.75923,40.61245],[-73.75853,40.61234],[-73.75849,40.61249],[-73.75778,40.6126],[-73.75759,40.61274],[-73.75742,40.61275],[-73.75738,40.61283],[-73.75721,40.61267],[-73.75743,40.61235],[-73.75735,40.61207],[-73.75661,40.61167],[-73.75564,40.61152],[-73.75544,40.6116],[-73.75541,40.6117],[-73.75531,40.61163],[-73.75483,40.61174],[-73.75475,40.61192],[-73.75458,40.61178],[-73.7545,40.61188],[-73.75447,40.61176],[-73.75474,40.61164],[-73.75455,40.61161],[-73.7544,40.61149],[-73.75466,40.61069],[-73.75447,40.61062],[-73.75478,40.6103],[-73.75499,40.61013],[-73.75518,40.61017],[-73.75544,40.61011],[-73.7556,40.61016],[-73.7557,40.61038],[-73.75587,40.6104],[-73.75557,40.61008],[-73.75566,40.61006],[-73.7558,40.61022],[-73.75591,40.61014],[-73.75591,40.61003],[-73.75605,40.61016],[-73.7566,40.61015],[-73.75729,40.61026],[-73.75734,40.61019],[-73.75754,40.61019],[-73.75773,40.61028],[-73.7583,40.61026],[-73.75914,40.61036],[-73.75945,40.61035],[-73.75961,40.61013],[-73.75974,40.61016],[-73.75949,40.61083],[-73.75999,40.61088],[-73.76155,40.60904],[-73.76178,40.60916],[-73.76023,40.61083],[-73.76173,40.61186],[-73.76238,40.61136],[-73.76345,40.61175],[-73.76354,40.61168],[-73.76376,40.61178],[-73.76453,40.61183],[-73.76507,40.61201],[-73.76513,40.61222],[-73.765,40.61234],[-73.76511,40.61243],[-73.76512,40.61283],[-73.76522,40.61303],[-73.76503,40.61349],[-73.7652,40.61377],[-73.76593,40.61387],[-73.76631,40.61419],[-73.76698,40.61431],[-73.76859,40.61414],[-73.76933,40.61398],[-73.77039,40.61405],[-73.77028,40.61415],[-73.77033,40.61416],[-73.7713,40.61389],[-73.77195,40.61389],[-73.77264,40.6136],[-73.77305,40.61355],[-73.77343,40.61363],[-73.77386,40.61255],[-73.77391,40.61193],[-73.77341,40.61148],[-73.77337,40.61117],[-73.7732,40.6109],[-73.77326,40.61118],[-73.7731,40.61139],[-73.77324,40.61139],[-73.77291,40.61143],[-73.77252,40.61162],[-73.7723,40.61161],[-73.77195,40.61131],[-73.77178,40.61082],[-73.77145,40.61053],[-73.7712,40.6105],[-73.77114,40.61037],[-73.77099,40.6105],[-73.77057,40.61027],[-73.77024,40.61031],[-73.76959,40.61004],[-73.76873,40.60949],[-73.76879,40.60912],[-73.76915,40.6084],[-73.76942,40.60826],[-73.76975,40.60786],[-73.76973,40.60765],[-73.76963,40.60756],[-73.76992,40.60724],[-73.76993,40.60685],[-73.7697,40.60621],[-73.76984,40.60584],[-73.77001,40.60564],[-73.76987,40.60506],[-73.77034,40.60493],[-73.77044,40.60466],[-73.77042,40.60379],[-73.7702,40.60314],[-73.7704,40.60294],[-73.77009,40.60269],[-73.77004,40.60244],[-73.77032,40.60217],[-73.7703,40.60233],[-73.77037,40.60236],[-73.77082,40.60125],[-73.77091,40.60067],[-73.7708,40.60063],[-73.77105,40.60019],[-73.77089,40.59984],[-73.77083,40.59896],[-73.77065,40.59892],[-73.77049,40.59904],[-73.77034,40.59903],[-73.76968,40.59866],[-73.76886,40.59842],[-73.76826,40.59836],[-73.76791,40.59814],[-73.76809,40.59779],[-73.76944,40.59823],[-73.76978,40.59809],[-73.77037,40.59808],[-73.77104,40.59831],[-73.77109,40.59822],[-73.77165,40.59797],[-73.77298,40.59786],[-73.77324,40.59805],[-73.77365,40.59816],[-73.77377,40.5987],[-73.77428,40.599],[-73.77417,40.59921],[-73.77417,40.59986],[-73.77476,40.60069],[-73.7748,40.60089],[-73.77473,40.60106],[-73.77488,40.60129],[-73.77497,40.60176],[-73.77561,40.60161],[-73.77603,40.60132],[-73.77626,40.60105],[-73.77647,40.60066],[-73.77644,40.60056],[-73.77654,40.60054],[-73.77694,40.59978],[-73.77717,40.59956],[-73.77728,40.59933],[-73.77725,40.59916],[-73.77753,40.59872],[-73.77826,40.59819],[-73.77878,40.59797],[-73.77905,40.59767],[-73.77975,40.59747],[-73.77973,40.59731],[-73.78001,40.59704],[-73.78004,40.59688],[-73.78016,40.59693],[-73.78016,40.59719],[-73.78062,40.59733],[-73.78133,40.59776],[-73.78135,40.59797],[-73.78185,40.59837],[-73.78207,40.59884],[-73.782,40.5991],[-73.78182,40.59931],[-73.78161,40.59931],[-73.78148,40.59953],[-73.78098,40.59992],[-73.78036,40.60063],[-73.78012,40.60078],[-73.77981,40.60078],[-73.77938,40.6006],[-73.77829,40.60046],[-73.77817,40.60072],[-73.77837,40.60085],[-73.77809,40.60083],[-73.77778,40.60105],[-73.77769,40.60126],[-73.77696,40.6018],[-73.77617,40.60292],[-73.77544,40.60431],[-73.77524,40.60444],[-73.77518,40.6048],[-73.77497,40.60517],[-73.77497,40.6056],[-73.77485,40.6061],[-73.77457,40.60653],[-73.77465,40.60675],[-73.77455,40.60714],[-73.77497,40.60806],[-73.77621,40.60938],[-73.77604,40.60936],[-73.77518,40.60853],[-73.7748,40.60798],[-73.77462,40.60753],[-73.77442,40.60741],[-73.77437,40.60758],[-73.77422,40.60762],[-73.77436,40.60791],[-73.77472,40.60817],[-73.77485,40.60847],[-73.77476,40.60844],[-73.77481,40.60863],[-73.77461,40.60866],[-73.7745,40.60848],[-73.77427,40.60865],[-73.77424,40.60878],[-73.7744,40.60886],[-73.77457,40.60918],[-73.77516,40.60962],[-73.77569,40.60962],[-73.77613,40.60953],[-73.77716,40.60979],[-73.77827,40.60961],[-73.77863,40.60952],[-73.77943,40.60914],[-73.77983,40.60871],[-73.78023,40.60849],[-73.78028,40.60829],[-73.78046,40.60826],[-73.78106,40.60772],[-73.78193,40.60676],[-73.78314,40.60581],[-73.78322,40.60554],[-73.78352,40.6053],[-73.78363,40.60529],[-73.78377,40.60487],[-73.78388,40.6048],[-73.78374,40.60475],[-73.78381,40.60466],[-73.78357,40.60448],[-73.78356,40.60425],[-73.78342,40.60406],[-73.7831,40.60392],[-73.78304,40.60363],[-73.78311,40.60331],[-73.7833,40.60308],[-73.78343,40.60251],[-73.78391,40.60206],[-73.78465,40.60169],[-73.78539,40.60148],[-73.78555,40.60125],[-73.78557,40.60085],[-73.786,40.60029],[-73.7866,40.6],[-73.78689,40.59976],[-73.78706,40.59948],[-73.78775,40.59893],[-73.78889,40.59817],[-73.78913,40.59785],[-73.78909,40.5974],[-73.78924,40.59693],[-73.78924,40.59644],[-73.7891,40.5959],[-73.78919,40.59568],[-73.78909,40.59554],[-73.78915,40.5952],[-73.78935,40.59518],[-73.78938,40.59494],[-73.78946,40.59501],[-73.7898,40.59475],[-73.78995,40.59481],[-73.79027,40.59475],[-73.79066,40.59479],[-73.7909,40.595],[-73.79106,40.59546],[-73.79096,40.59599],[-73.79117,40.59656],[-73.79115,40.59714],[-73.79087,40.59759],[-73.79046,40.59858],[-73.79034,40.59926],[-73.78995,40.59953],[-73.78966,40.59998],[-73.78882,40.60041],[-73.78784,40.60114],[-73.78719,40.60233],[-73.78649,40.60272],[-73.78648,40.6028],[-73.7862,40.60303],[-73.78652,40.60322],[-73.78725,40.60325],[-73.78779,40.60314],[-73.7894,40.60198],[-73.79025,40.60125],[-73.79067,40.60111],[-73.79151,40.60038],[-73.7926,40.60008],[-73.79336,40.60003],[-73.79377,40.59962],[-73.7981,40.59931],[-73.79842,40.59922],[-73.79892,40.59929],[-73.80119,40.59916],[-73.80182,40.5989],[-73.80289,40.59889],[-73.80338,40.59853],[-73.80359,40.5982],[-73.80385,40.59811],[-73.80393,40.59795],[-73.80469,40.5977],[-73.80512,40.59716],[-73.80471,40.5964],[-73.80369,40.59521],[-73.80322,40.59515],[-73.80321,40.59489],[-73.80334,40.59488],[-73.80304,40.59455],[-73.80233,40.59449],[-73.80234,40.59441],[-73.8026,40.59438],[-73.80238,40.5933],[-73.80249,40.59324],[-73.80244,40.59265],[-73.80308,40.59262],[-73.80362,40.59295],[-73.80381,40.5929],[-73.80375,40.59301],[-73.80403,40.59322],[-73.80413,40.59352],[-73.80403,40.59359],[-73.80404,40.5942],[-73.80449,40.59476],[-73.80465,40.59483],[-73.80464,40.59491],[-73.80491,40.5951],[-73.80606,40.59557],[-73.80687,40.59542],[-73.80711,40.59529],[-73.80745,40.59487],[-73.80754,40.59461],[-73.80773,40.59449],[-73.8079,40.59431],[-73.80789,40.5942],[-73.80798,40.59417],[-73.80781,40.59403],[-73.80782,40.5939],[-73.80807,40.59369],[-73.80784,40.59339],[-73.80732,40.59307],[-73.80701,40.59306],[-73.80416,40.59185],[-73.80423,40.59143],[-73.80435,40.59132],[-73.80583,40.59187],[-73.80573,40.59077],[-73.80579,40.5908],[-73.80579,40.59111],[-73.80601,40.592],[-73.80665,40.59227],[-73.80688,40.59227],[-73.80927,40.59353],[-73.80966,40.59359],[-73.80973,40.59349],[-73.80956,40.59281],[-73.80981,40.59272],[-73.80973,40.59242],[-73.8098,40.59241],[-73.8099,40.59309],[-73.81006,40.59309],[-73.81001,40.59224],[-73.8109,40.59208],[-73.81085,40.59187],[-73.81091,40.59173],[-73.81131,40.59176],[-73.81146,40.5929],[-73.81153,40.5929],[-73.81157,40.59216],[-73.8115,40.59184],[-73.81168,40.59161],[-73.81223,40.59134],[-73.81252,40.59139],[-73.81315,40.59125],[-73.81332,40.59098],[-73.814,40.59065],[-73.81448,40.59069],[-73.81472,40.59061],[-73.81524,40.59],[-73.81676,40.58934],[-73.8172,40.58938],[-73.81746,40.5891],[-73.81745,40.58892],[-73.81883,40.58827],[-73.81924,40.58793],[-73.82141,40.58681],[-73.82273,40.58749],[-73.82329,40.58751],[-73.82793,40.58615],[-73.82825,40.5858],[-73.82853,40.58486],[-73.83584,40.58288],[-73.83865,40.58273],[-73.839,40.58258],[-73.83936,40.58186],[-73.84519,40.58159],[-73.84861,40.5822],[-73.85045,40.58214],[-73.85307,40.58126],[-73.86554,40.57465],[-73.87597,40.56954],[-73.87767,40.56885],[-73.87868,40.56865],[-73.8816,40.56876],[-73.8827,40.56837],[-73.88337,40.56834],[-73.88346,40.56849],[-73.88369,40.56841],[-73.88359,40.56825],[-73.8837,40.56817],[-73.88442,40.56793],[-73.88483,40.5685],[-73.88438,40.56868],[-73.88489,40.56854],[-73.88559,40.56877],[-73.88604,40.56863],[-73.88748,40.56849],[-73.88945,40.56875],[-73.89265,40.5687],[-73.89312,40.56847],[-73.89524,40.567],[-73.89546,40.56693],[-73.89568,40.56706],[-73.8954,40.56636],[-73.89546,40.56622],[-73.896,40.56558],[-73.89675,40.56503],[-73.8996,40.56364],[-73.89969,40.56363],[-73.89971,40.56374],[-73.89988,40.56357],[-73.90022,40.56343],[-73.90056,40.56341],[-73.90119,40.5632],[-73.90134,40.56323],[-73.90152,40.56306],[-73.90194,40.56301],[-73.90245,40.5631],[-73.90269,40.56343],[-73.90288,40.56353],[-73.90439,40.56301],[-73.90447,40.56311],[-73.90458,40.56301],[-73.90482,40.56296],[-73.90489,40.56304],[-73.90528,40.56289],[-73.90532,40.563],[-73.9056,40.56291],[-73.90578,40.56298],[-73.90613,40.56292],[-73.90654,40.56304],[-73.90695,40.5633],[-73.90792,40.56347],[-73.90806,40.56361],[-73.90793,40.56415],[-73.90848,40.56404],[-73.90928,40.56418],[-73.90975,40.56443],[-73.90991,40.56482],[-73.91011,40.56494],[-73.91149,40.56518],[-73.91229,40.56509],[-73.91367,40.56469],[-73.91509,40.56415],[-73.91688,40.56317],[-73.91812,40.5627],[-73.9209,40.56211],[-73.92381,40.56197],[-73.92567,40.56167],[-73.92645,40.56133],[-73.9279,40.56037],[-73.92876,40.55995],[-73.93115,40.55823],[-73.93218,40.55767],[-73.93294,40.55744],[-73.93384,40.55731],[-73.93541,40.55733],[-73.93658,40.55686]],[[-73.83392,40.58919],[-73.8335,40.58931],[-73.8332,40.58958],[-73.8337,40.58979],[-73.83403,40.58972],[-73.83413,40.58961],[-73.8343,40.58963],[-73.83431,40.58972],[-73.83448,40.58978],[-73.83496,40.58955],[-73.83512,40.58929],[-73.83468,40.5892],[-73.83407,40.58927],[-73.83392,40.58919]],[[-73.83585,40.58932],[-73.83533,40.58935],[-73.8351,40.5897],[-73.83488,40.58981],[-73.83511,40.58983],[-73.83506,40.58988],[-73.83515,40.59004],[-73.83536,40.59],[-73.83561,40.59013],[-73.83574,40.59035],[-73.83596,40.5905],[-73.83602,40.59062],[-73.83582,40.5905],[-73.83596,40.59082],[-73.83587,40.59095],[-73.83573,40.59091],[-73.83565,40.59061],[-73.83554,40.59072],[-73.83513,40.59071],[-73.8353,40.59039],[-73.83567,40.5906],[-73.83575,40.59055],[-73.83568,40.59048],[-73.8358,40.59044],[-73.83563,40.5904],[-73.83564,40.59027],[-73.83536,40.59016],[-73.83539,40.59007],[-73.83513,40.59014],[-73.8349,40.58992],[-73.83471,40.59008],[-73.83482,40.5901],[-73.83493,40.59033],[-73.83478,40.59015],[-73.83465,40.59014],[-73.83459,40.59048],[-73.83454,40.59031],[-73.83443,40.59027],[-73.83457,40.59012],[-73.83417,40.58995],[-73.83411,40.58999],[-73.83422,40.59012],[-73.83406,40.59033],[-73.83402,40.59026],[-73.83416,40.59011],[-73.83405,40.59005],[-73.83403,40.58994],[-73.83374,40.59014],[-73.83338,40.59018],[-73.83334,40.59024],[-73.83334,40.59013],[-73.83343,40.59005],[-73.83338,40.58998],[-73.83316,40.59008],[-73.83283,40.59002],[-73.83235,40.59028],[-73.83225,40.59086],[-73.83246,40.59092],[-73.83248,40.59104],[-73.83237,40.5911],[-73.83267,40.59135],[-73.83268,40.59152],[-73.83315,40.59131],[-73.83339,40.59139],[-73.83402,40.59138],[-73.834,40.5913],[-73.83358,40.59122],[-73.83386,40.59105],[-73.83369,40.59094],[-73.83386,40.59094],[-73.83392,40.59101],[-73.83374,40.59113],[-73.83422,40.59128],[-73.83447,40.59107],[-73.83439,40.59102],[-73.83415,40.59112],[-73.83408,40.59105],[-73.83411,40.59097],[-73.83429,40.59095],[-73.83435,40.59079],[-73.83469,40.59083],[-73.83442,40.59063],[-73.83448,40.59057],[-73.83485,40.59058],[-73.83492,40.59076],[-73.83536,40.59082],[-73.83524,40.59087],[-73.83485,40.5908],[-73.83488,40.59098],[-73.83508,40.5911],[-73.83497,40.59121],[-73.83477,40.59092],[-73.83454,40.59094],[-73.83459,40.59106],[-73.83438,40.59133],[-73.83443,40.59143],[-73.83429,40.59134],[-73.83393,40.59156],[-73.83412,40.59174],[-73.83413,40.5921],[-73.83374,40.59189],[-73.83366,40.59193],[-73.83376,40.59216],[-73.83317,40.59183],[-73.83302,40.59201],[-73.83285,40.59201],[-73.83276,40.59213],[-73.83303,40.5921],[-73.83312,40.59222],[-73.83382,40.59248],[-73.83388,40.59258],[-73.83425,40.59265],[-73.83467,40.59243],[-73.83462,40.59228],[-73.83488,40.5924],[-73.83455,40.59255],[-73.83486,40.59265],[-73.83511,40.59251],[-73.83518,40.59235],[-73.83562,40.59189],[-73.83638,40.59138],[-73.83639,40.59121],[-73.83651,40.59125],[-73.83667,40.59115],[-73.83739,40.5904],[-73.83748,40.59011],[-73.83742,40.5899],[-73.83728,40.58973],[-73.83692,40.58958],[-73.83585,40.58932]],[[-73.83795,40.5902],[-73.83766,40.59055],[-73.83775,40.59074],[-73.83793,40.59058],[-73.83838,40.59046],[-73.83795,40.5902]],[[-73.83818,40.59068],[-73.8376,40.59092],[-73.83725,40.59131],[-73.83609,40.59204],[-73.83559,40.59264],[-73.83554,40.59283],[-73.83568,40.59299],[-73.83543,40.59305],[-73.83531,40.593],[-73.83522,40.59308],[-73.8354,40.59277],[-73.83541,40.59246],[-73.83484,40.59323],[-73.83428,40.59356],[-73.83468,40.59384],[-73.83511,40.59399],[-73.83511,40.59411],[-73.83492,40.59406],[-73.83499,40.59434],[-73.83569,40.5947],[-73.83605,40.59514],[-73.83602,40.59531],[-73.83618,40.59546],[-73.8362,40.59566],[-73.83644,40.59602],[-73.8368,40.59594],[-73.83714,40.59612],[-73.83723,40.59629],[-73.83753,40.59626],[-73.83819,40.59658],[-73.83882,40.59667],[-73.83935,40.5964],[-73.84068,40.59595],[-73.84193,40.59507],[-73.84239,40.59486],[-73.84279,40.5948],[-73.84291,40.59444],[-73.84347,40.59444],[-73.84365,40.59428],[-73.8438,40.59426],[-73.84379,40.5939],[-73.84393,40.59357],[-73.8439,40.59344],[-73.84404,40.59336],[-73.84334,40.59323],[-73.8431,40.593],[-73.84246,40.59287],[-73.84192,40.59249],[-73.84151,40.59262],[-73.84138,40.59279],[-73.84171,40.593],[-73.84238,40.59313],[-73.84212,40.59333],[-73.84213,40.59361],[-73.84193,40.5938],[-73.84156,40.59355],[-73.84132,40.59356],[-73.84128,40.59345],[-73.84144,40.59327],[-73.84116,40.59324],[-73.84082,40.59306],[-73.84073,40.59312],[-73.84039,40.59297],[-73.84001,40.59297],[-73.83998,40.5929],[-73.83987,40.59293],[-73.83982,40.59278],[-73.83966,40.59293],[-73.83945,40.59299],[-73.83925,40.5929],[-73.83903,40.59294],[-73.83853,40.59276],[-73.83841,40.5928],[-73.83825,40.59268],[-73.83837,40.59262],[-73.83814,40.59232],[-73.83773,40.59239],[-73.83765,40.59255],[-73.83711,40.59267],[-73.8369,40.59251],[-73.8369,40.5924],[-73.83706,40.59257],[-73.83718,40.59258],[-73.83769,40.59216],[-73.83842,40.59196],[-73.83872,40.59161],[-73.83874,40.59083],[-73.83818,40.59068]],[[-73.83142,40.59461],[-73.8296,40.59475],[-73.82943,40.59482],[-73.82946,40.59491],[-73.82964,40.59498],[-73.83013,40.59475],[-73.8304,40.59484],[-73.83069,40.59505],[-73.83123,40.59517],[-73.83143,40.59531],[-73.83216,40.59539],[-73.8323,40.59548],[-73.83217,40.59548],[-73.83223,40.59569],[-73.8322,40.59592],[-73.83244,40.59594],[-73.83242,40.59585],[-73.83278,40.59598],[-73.83288,40.59593],[-73.83284,40.59602],[-73.83268,40.596],[-73.83265,40.59606],[-73.83282,40.59629],[-73.83273,40.59644],[-73.83274,40.59629],[-73.83264,40.59619],[-73.8322,40.59608],[-73.832,40.59591],[-73.83194,40.59578],[-73.83204,40.59573],[-73.832,40.59555],[-73.83159,40.5955],[-73.83136,40.59555],[-73.83096,40.59529],[-73.83044,40.59519],[-73.83025,40.59544],[-73.83054,40.59559],[-73.83042,40.5956],[-73.83015,40.59548],[-73.83029,40.59519],[-73.83011,40.59518],[-73.83013,40.59502],[-73.82944,40.59547],[-73.82894,40.59532],[-73.82843,40.59537],[-73.8284,40.59551],[-73.82833,40.59539],[-73.82794,40.59541],[-73.82773,40.59533],[-73.82764,40.59539],[-73.82791,40.59553],[-73.82797,40.59578],[-73.82757,40.59618],[-73.828,40.59684],[-73.82826,40.59695],[-73.82847,40.59667],[-73.82884,40.59663],[-73.82885,40.59619],[-73.82899,40.59652],[-73.82964,40.59623],[-73.82981,40.59626],[-73.83001,40.59647],[-73.83005,40.59702],[-73.83054,40.59724],[-73.83086,40.59728],[-73.83092,40.59754],[-73.83104,40.59767],[-73.83187,40.59787],[-73.83198,40.59771],[-73.83183,40.59769],[-73.83184,40.59761],[-73.83246,40.59744],[-73.83275,40.59748],[-73.83297,40.59724],[-73.83334,40.59718],[-73.83332,40.59708],[-73.83345,40.59688],[-73.83433,40.59646],[-73.83479,40.59545],[-73.83472,40.59522],[-73.83357,40.59503],[-73.83336,40.59491],[-73.83304,40.59491],[-73.83227,40.59462],[-73.83142,40.59461]],[[-73.82604,40.59477],[-73.82576,40.59489],[-73.82575,40.59515],[-73.82591,40.59528],[-73.82629,40.59534],[-73.8269,40.59526],[-73.82726,40.59506],[-73.82772,40.59511],[-73.82812,40.59528],[-73.82917,40.59517],[-73.82896,40.59498],[-73.82896,40.5949],[-73.82884,40.59489],[-73.8288,40.59482],[-73.82867,40.5949],[-73.82838,40.59486],[-73.82832,40.59493],[-73.82677,40.59498],[-73.82627,40.59514],[-73.82622,40.59507],[-73.82629,40.595],[-73.82604,40.59477]],[[-73.82967,40.59628],[-73.82891,40.5967],[-73.82859,40.59672],[-73.8285,40.59681],[-73.82853,40.59703],[-73.82891,40.59747],[-73.82908,40.59737],[-73.8293,40.59744],[-73.82934,40.59727],[-73.8294,40.59731],[-73.82949,40.59725],[-73.8295,40.59713],[-73.82958,40.59714],[-73.82952,40.59731],[-73.82963,40.59743],[-73.82984,40.59747],[-73.82977,40.59762],[-73.82951,40.59744],[-73.8294,40.59746],[-73.82956,40.59751],[-73.82948,40.59764],[-73.82909,40.59756],[-73.82872,40.59769],[-73.82913,40.59772],[-73.82952,40.59808],[-73.82978,40.59783],[-73.8302,40.59775],[-73.8304,40.59756],[-73.82997,40.59701],[-73.82995,40.59646],[-73.82967,40.59628]],[[-73.82773,40.59746],[-73.82764,40.59756],[-73.82779,40.59761],[-73.82782,40.59748],[-73.82773,40.59746]],[[-73.82843,40.59802],[-73.82839,40.59824],[-73.82852,40.59819],[-73.82843,40.59802]],[[-73.83924,40.5926],[-73.83918,40.59268],[-73.83925,40.59264],[-73.83924,40.5926]],[[-73.84089,40.59262],[-73.84078,40.59273],[-73.84102,40.59288],[-73.841,40.59297],[-73.84139,40.59296],[-73.84089,40.59262]],[[-73.83991,40.59184],[-73.83973,40.59202],[-73.83973,40.59213],[-73.83996,40.59197],[-73.84001,40.59185],[-73.83991,40.59184]],[[-73.84147,40.59199],[-73.84103,40.59215],[-73.84093,40.59256],[-73.84139,40.59241],[-73.84161,40.59216],[-73.84147,40.59199]],[[-73.82492,40.59963],[-73.82503,40.59974],[-73.8252,40.59969],[-73.82492,40.59963]],[[-73.83437,40.60518],[-73.83426,40.60539],[-73.83405,40.60547],[-73.83371,40.60543],[-73.83339,40.60525],[-73.83326,40.60538],[-73.8331,40.60541],[-73.8327,40.60527],[-73.83254,40.60541],[-73.83224,40.60537],[-73.83204,40.60548],[-73.83169,40.60548],[-73.83104,40.60565],[-73.83047,40.606],[-73.83009,40.60668],[-73.82993,40.60678],[-73.83031,40.60714],[-73.83028,40.60743],[-73.83038,40.60754],[-73.83028,40.60767],[-73.83058,40.6082],[-73.83061,40.60843],[-73.83096,40.60869],[-73.83119,40.60877],[-73.83125,40.60873],[-73.83138,40.60909],[-73.83165,40.60916],[-73.83176,40.60931],[-73.83204,40.60942],[-73.83221,40.60966],[-73.83246,40.60972],[-73.83256,40.60958],[-73.83277,40.60955],[-73.83282,40.6094],[-73.83299,40.60932],[-73.83301,40.60921],[-73.83335,40.60911],[-73.83295,40.60886],[-73.83244,40.60866],[-73.83231,40.60849],[-73.8323,40.60825],[-73.83248,40.60797],[-73.83282,40.60784],[-73.83282,40.60766],[-73.83303,40.6079],[-73.83321,40.6079],[-73.83341,40.60802],[-73.83377,40.60801],[-73.83426,40.60758],[-73.83423,40.60731],[-73.83437,40.607],[-73.83473,40.60669],[-73.83524,40.60667],[-73.83539,40.60646],[-73.83523,40.60608],[-73.83534,40.60604],[-73.83544,40.60617],[-73.8354,40.60597],[-73.83554,40.60576],[-73.83548,40.60551],[-73.83499,40.6056],[-73.83478,40.60556],[-73.83466,40.60547],[-73.83475,40.60538],[-73.83437,40.60518]],[[-73.82571,40.60524],[-73.82525,40.60541],[-73.82539,40.6056],[-73.82561,40.60561],[-73.82566,40.6055],[-73.8259,40.60549],[-73.82598,40.60541],[-73.82596,40.60529],[-73.82571,40.60524]],[[-73.82788,40.60584],[-73.82778,40.60601],[-73.82745,40.60618],[-73.82744,40.60625],[-73.8276,40.60631],[-73.82717,40.60643],[-73.82715,40.60631],[-73.82736,40.60612],[-73.82731,40.60607],[-73.82699,40.60621],[-73.82679,40.60646],[-73.82694,40.60646],[-73.82695,40.60652],[-73.82687,40.60668],[-73.82676,40.6067],[-73.82674,40.60711],[-73.82711,40.60708],[-73.82753,40.60693],[-73.82775,40.60676],[-73.82836,40.60667],[-73.82853,40.60634],[-73.82847,40.60625],[-73.82852,40.60597],[-73.82834,40.6059],[-73.82797,40.60591],[-73.82788,40.60584]],[[-73.82603,40.60605],[-73.82582,40.60616],[-73.82588,40.60652],[-73.82597,40.60652],[-73.82608,40.60636],[-73.82603,40.60605]],[[-73.82826,40.60679],[-73.82768,40.60688],[-73.82759,40.60702],[-73.82696,40.60729],[-73.82688,40.60739],[-73.82705,40.6075],[-73.82695,40.60757],[-73.82728,40.6077],[-73.82744,40.60763],[-73.8275,40.60748],[-73.82798,40.60749],[-73.82816,40.60729],[-73.82826,40.60679]],[[-73.82143,40.6085],[-73.82133,40.60856],[-73.82129,40.60879],[-73.82113,40.60905],[-73.82089,40.60924],[-73.82058,40.60997],[-73.82055,40.61023],[-73.82081,40.6102],[-73.82095,40.61002],[-73.82124,40.60999],[-73.82139,40.60958],[-73.82155,40.60988],[-73.82168,40.60988],[-73.82174,40.60937],[-73.82158,40.60913],[-73.82172,40.60893],[-73.82166,40.60863],[-73.82177,40.60859],[-73.82143,40.6085]],[[-73.82724,40.60854],[-73.82716,40.60876],[-73.827,40.60889],[-73.82705,40.60863],[-73.82696,40.60864],[-73.8269,40.60892],[-73.82712,40.60902],[-73.82699,40.60908],[-73.82692,40.6093],[-73.82726,40.60946],[-73.82737,40.60933],[-73.82767,40.60931],[-73.82773,40.60959],[-73.82794,40.60973],[-73.82794,40.60947],[-73.82783,40.60943],[-73.82777,40.60925],[-73.82766,40.60921],[-73.82771,40.60908],[-73.82745,40.60908],[-73.82738,40.60862],[-73.82724,40.60854]],[[-73.83266,40.60798],[-73.83251,40.60804],[-73.83239,40.60823],[-73.83254,40.60846],[-73.83313,40.60828],[-73.83358,40.60862],[-73.83382,40.60847],[-73.83365,40.60816],[-73.83266,40.60798]],[[-73.82738,40.61421],[-73.82735,40.6143],[-73.82746,40.61436],[-73.82757,40.6146],[-73.82788,40.61446],[-73.82818,40.61453],[-73.82805,40.6143],[-73.82771,40.61447],[-73.82762,40.61435],[-73.82743,40.61431],[-73.82738,40.61421]],[[-73.82832,40.6143],[-73.82823,40.61464],[-73.82831,40.61474],[-73.82841,40.61479],[-73.82858,40.61465],[-73.82862,40.61474],[-73.82874,40.61477],[-73.82869,40.61463],[-73.8288,40.61449],[-73.82848,40.61445],[-73.82852,40.61433],[-73.8284,40.61444],[-73.82841,40.61434],[-73.82832,40.6143]],[[-73.82635,40.6139],[-73.82631,40.61395],[-73.82636,40.61403],[-73.82635,40.6139]],[[-73.82586,40.59771],[-73.8259,40.59787],[-73.82596,40.59788],[-73.82598,40.59777],[-73.82586,40.59771]],[[-73.81163,40.59828],[-73.81124,40.59857],[-73.81074,40.59865],[-73.81039,40.59882],[-73.81031,40.59895],[-73.81035,40.59928],[-73.80988,40.60031],[-73.81011,40.60107],[-73.80993,40.60161],[-73.81002,40.60216],[-73.81042,40.60252],[-73.81052,40.60305],[-73.81072,40.60325],[-73.81259,40.60389],[-73.81305,40.60412],[-73.8137,40.60424],[-73.81417,40.60446],[-73.81486,40.60425],[-73.81506,40.60407],[-73.81504,40.60294],[-73.81518,40.60218],[-73.81489,40.60167],[-73.81472,40.60113],[-73.81458,40.60099],[-73.81441,40.60094],[-73.81435,40.60079],[-73.81228,40.59862],[-73.8123,40.59854],[-73.81163,40.59828]],[[-73.79824,40.60399],[-73.79806,40.6041],[-73.7978,40.60402],[-73.79761,40.60408],[-73.79744,40.604],[-73.79723,40.60415],[-73.79679,40.60423],[-73.79631,40.6046],[-73.79607,40.60466],[-73.79666,40.60511],[-73.79639,40.60522],[-73.79626,40.60574],[-73.79653,40.60596],[-73.79695,40.606],[-73.79724,40.60612],[-73.79757,40.60638],[-73.7978,40.60636],[-73.79826,40.60591],[-73.79814,40.6056],[-73.79771,40.60535],[-73.79767,40.60514],[-73.79779,40.60484],[-73.79808,40.60473],[-73.79864,40.60471],[-73.79889,40.60479],[-73.79877,40.60486],[-73.79863,40.60477],[-73.79792,40.60482],[-73.79775,40.60522],[-73.79806,40.60545],[-73.7982,40.60547],[-73.79839,40.60601],[-73.79806,40.60624],[-73.79784,40.6066],[-73.79808,40.60676],[-73.7988,40.60691],[-73.79853,40.60693],[-73.79826,40.60682],[-73.79806,40.60684],[-73.79734,40.60653],[-73.79697,40.60624],[-73.79633,40.60617],[-73.79611,40.60602],[-73.79598,40.6058],[-73.79593,40.60545],[-73.79606,40.60526],[-73.79587,40.60514],[-73.79547,40.60526],[-73.79542,40.60542],[-73.79513,40.60559],[-73.79512,40.6057],[-73.79531,40.6059],[-73.79509,40.60665],[-73.79498,40.60679],[-73.79498,40.60702],[-73.79465,40.60707],[-73.79421,40.60669],[-73.79428,40.60656],[-73.79415,40.60636],[-73.79399,40.6062],[-73.79387,40.60624],[-73.79427,40.60717],[-73.79502,40.60765],[-73.79516,40.60742],[-73.7954,40.60736],[-73.79566,40.60776],[-73.79573,40.60811],[-73.79643,40.60897],[-73.79757,40.60905],[-73.79931,40.60897],[-73.79941,40.60887],[-73.80017,40.60883],[-73.80029,40.60875],[-73.80048,40.60878],[-73.80134,40.60858],[-73.80176,40.6084],[-73.80168,40.60828],[-73.80106,40.60835],[-73.80063,40.60827],[-73.79992,40.60806],[-73.79986,40.60793],[-73.79995,40.60782],[-73.79994,40.608],[-73.80091,40.60826],[-73.80169,40.60817],[-73.80185,40.60809],[-73.80231,40.60813],[-73.80245,40.60806],[-73.80247,40.60798],[-73.80262,40.60799],[-73.80282,40.60787],[-73.80283,40.60776],[-73.80309,40.60752],[-73.80345,40.60737],[-73.80338,40.60723],[-73.80357,40.60721],[-73.80355,40.60709],[-73.80373,40.60697],[-73.80374,40.60681],[-73.80397,40.60681],[-73.80409,40.60666],[-73.80418,40.60631],[-73.80446,40.60633],[-73.80418,40.60625],[-73.80391,40.60604],[-73.80349,40.60632],[-73.80358,40.60648],[-73.8034,40.60645],[-73.80313,40.6066],[-73.8028,40.60662],[-73.80275,40.60666],[-73.80279,40.60674],[-73.80266,40.60663],[-73.80189,40.60661],[-73.80177,40.60668],[-73.8018,40.60677],[-73.8017,40.6069],[-73.80179,40.60703],[-73.80165,40.60695],[-73.80171,40.60673],[-73.80113,40.60705],[-73.80102,40.60719],[-73.80067,40.6072],[-73.80057,40.60715],[-73.80046,40.60684],[-73.80058,40.60672],[-73.80091,40.60664],[-73.80039,40.6063],[-73.80015,40.60644],[-73.80011,40.60627],[-73.80019,40.60641],[-73.80036,40.60628],[-73.80052,40.60638],[-73.80073,40.60626],[-73.80079,40.60639],[-73.80093,40.60644],[-73.8009,40.60618],[-73.80098,40.60609],[-73.80128,40.60623],[-73.80098,40.60612],[-73.80095,40.60634],[-73.80111,40.60642],[-73.80105,40.60649],[-73.80076,40.60642],[-73.80073,40.60629],[-73.8006,40.60636],[-73.80097,40.60658],[-73.80095,40.60673],[-73.80056,40.60683],[-73.80063,40.60706],[-73.80073,40.60713],[-73.80096,40.60708],[-73.80144,40.60681],[-73.80178,40.60649],[-73.80245,40.60652],[-73.80239,40.60644],[-73.80267,40.60607],[-73.8028,40.60609],[-73.80295,40.60594],[-73.80291,40.60609],[-73.803,40.6061],[-73.80312,40.60591],[-73.80335,40.60593],[-73.80335,40.6057],[-73.80356,40.60565],[-73.80371,40.6058],[-73.80397,40.60562],[-73.80392,40.60554],[-73.80373,40.60554],[-73.80369,40.60537],[-73.80385,40.60506],[-73.80376,40.60489],[-73.80387,40.60434],[-73.80344,40.60426],[-73.8032,40.60448],[-73.80292,40.60442],[-73.80283,40.60431],[-73.80267,40.60436],[-73.80244,40.60419],[-73.8023,40.60426],[-73.80212,40.60414],[-73.80188,40.6041],[-73.80177,40.60417],[-73.80168,40.60407],[-73.8015,40.6041],[-73.80146,40.6042],[-73.80115,40.60412],[-73.8011,40.6042],[-73.80085,40.60414],[-73.80029,40.60424],[-73.80016,40.60411],[-73.80005,40.60414],[-73.80006,40.60421],[-73.7999,40.60427],[-73.79983,40.60421],[-73.79975,40.60428],[-73.79936,40.60418],[-73.79925,40.60422],[-73.79888,40.60401],[-73.79836,40.60407],[-73.79824,40.60399]],[[-73.79273,40.6078],[-73.79238,40.60787],[-73.79228,40.60797],[-73.79277,40.60792],[-73.79283,40.60786],[-73.79273,40.6078]],[[-73.79242,40.60822],[-73.79221,40.60834],[-73.79263,40.60833],[-73.79242,40.60822]],[[-73.80338,40.60607],[-73.80321,40.60608],[-73.80316,40.60618],[-73.80297,40.60625],[-73.80302,40.6064],[-73.80312,40.60639],[-73.80338,40.60607]],[[-73.80268,40.60613],[-73.80263,40.60618],[-73.80269,40.6063],[-73.80243,40.60647],[-73.80262,40.60651],[-73.80284,40.60643],[-73.80289,40.60616],[-73.80268,40.60613]],[[-73.80886,40.60663],[-73.80855,40.60673],[-73.80855,40.60684],[-73.80875,40.60683],[-73.80886,40.60663]],[[-73.80808,40.60681],[-73.80771,40.60703],[-73.80778,40.60734],[-73.80799,40.6073],[-73.80817,40.60708],[-73.80818,40.60688],[-73.80808,40.60681]],[[-73.80095,40.60871],[-73.79981,40.60905],[-73.79956,40.60945],[-73.79929,40.60955],[-73.79964,40.6096],[-73.79986,40.60977],[-73.80033,40.60974],[-73.80045,40.60981],[-73.80072,40.60974],[-73.80107,40.60943],[-73.80139,40.60945],[-73.80166,40.60928],[-73.80155,40.60886],[-73.8016,40.60876],[-73.80137,40.6088],[-73.80095,40.60871]],[[-73.79706,40.6092],[-73.7971,40.60932],[-73.79802,40.60974],[-73.79809,40.60967],[-73.79797,40.60952],[-73.79802,40.60949],[-73.79849,40.60946],[-73.79873,40.60962],[-73.79881,40.60958],[-73.79879,40.60939],[-73.79838,40.60925],[-73.79775,40.60937],[-73.79706,40.6092]],[[-73.80318,40.61478],[-73.80298,40.61488],[-73.80283,40.61521],[-73.80237,40.61565],[-73.80208,40.61614],[-73.80209,40.61651],[-73.8015,40.61794],[-73.80159,40.61834],[-73.80146,40.61859],[-73.80173,40.61952],[-73.80194,40.6201],[-73.80201,40.6201],[-73.80249,40.61961],[-73.80249,40.61937],[-73.80228,40.61926],[-73.8021,40.61927],[-73.8023,40.6192],[-73.80248,40.61927],[-73.80243,40.61891],[-73.80268,40.61844],[-73.80254,40.61827],[-73.80269,40.61786],[-73.80263,40.61779],[-73.80274,40.61773],[-73.80261,40.61754],[-73.80266,40.61737],[-73.80286,40.61726],[-73.8032,40.61747],[-73.80333,40.61746],[-73.80345,40.61694],[-73.80357,40.61688],[-73.80337,40.6175],[-73.80312,40.61753],[-73.80286,40.61731],[-73.80272,40.61742],[-73.80281,40.6177],[-73.80271,40.61813],[-73.80289,40.61845],[-73.80266,40.61885],[-73.80274,40.61963],[-73.80253,40.61997],[-73.80266,40.62012],[-73.80256,40.62036],[-73.80268,40.62045],[-73.80282,40.62043],[-73.80299,40.62025],[-73.80335,40.62027],[-73.80327,40.61999],[-73.80363,40.61993],[-73.8038,40.61969],[-73.80352,40.61957],[-73.80373,40.61956],[-73.80386,40.61975],[-73.80373,40.61983],[-73.80371,40.61998],[-73.80332,40.62004],[-73.80347,40.62023],[-73.80347,40.62033],[-73.80295,40.62039],[-73.80398,40.62066],[-73.80443,40.62038],[-73.80478,40.61978],[-73.80515,40.6197],[-73.8056,40.61977],[-73.80569,40.61969],[-73.80593,40.61981],[-73.80601,40.61971],[-73.80587,40.61931],[-73.80569,40.61921],[-73.80573,40.61904],[-73.80551,40.61898],[-73.80536,40.6187],[-73.80496,40.61843],[-73.80487,40.61806],[-73.80492,40.61793],[-73.80475,40.61767],[-73.80483,40.61744],[-73.80463,40.61724],[-73.80437,40.61715],[-73.8043,40.61702],[-73.8042,40.61679],[-73.80429,40.61658],[-73.80397,40.61627],[-73.80399,40.61614],[-73.80371,40.61567],[-73.80367,40.61531],[-73.80362,40.61528],[-73.80359,40.61537],[-73.80356,40.6159],[-73.80378,40.61612],[-73.80358,40.61631],[-73.80361,40.61648],[-73.80353,40.61645],[-73.80352,40.61623],[-73.80371,40.61605],[-73.80356,40.61602],[-73.80349,40.61592],[-73.80353,40.61524],[-73.80345,40.61492],[-73.80318,40.61478]],[[-73.79786,40.61668],[-73.79764,40.61679],[-73.79784,40.61677],[-73.79786,40.61668]],[[-73.79808,40.61693],[-73.79795,40.61699],[-73.79812,40.6171],[-73.79816,40.61699],[-73.79808,40.61693]],[[-73.80021,40.62052],[-73.80014,40.62058],[-73.80022,40.62085],[-73.80004,40.62102],[-73.79983,40.62171],[-73.79986,40.62186],[-73.79971,40.62204],[-73.79967,40.62241],[-73.79945,40.62302],[-73.7989,40.62356],[-73.79855,40.62376],[-73.79853,40.62396],[-73.79879,40.62398],[-73.79899,40.6241],[-73.79961,40.62375],[-73.79992,40.6237],[-73.79999,40.62355],[-73.80021,40.62358],[-73.80068,40.62328],[-73.80056,40.62316],[-73.80088,40.62304],[-73.80124,40.62247],[-73.80125,40.622],[-73.80138,40.62197],[-73.80141,40.62188],[-73.80126,40.62152],[-73.80075,40.62121],[-73.80042,40.6207],[-73.80021,40.62052]],[[-73.81198,40.61956],[-73.81174,40.61968],[-73.81188,40.61984],[-73.81167,40.62],[-73.81191,40.62018],[-73.81207,40.62067],[-73.81244,40.62098],[-73.81234,40.6213],[-73.81251,40.62156],[-73.81231,40.62189],[-73.81232,40.6221],[-73.81255,40.62243],[-73.81262,40.6228],[-73.81281,40.62288],[-73.81292,40.62305],[-73.81279,40.62267],[-73.81267,40.62254],[-73.8126,40.6222],[-73.81266,40.62058],[-73.81235,40.62029],[-73.81198,40.61956]],[[-73.80502,40.61992],[-73.80488,40.61998],[-73.80455,40.62047],[-73.80414,40.62072],[-73.80385,40.62079],[-73.80343,40.62066],[-73.80283,40.6206],[-73.80267,40.62066],[-73.80327,40.62089],[-73.80332,40.62116],[-73.80393,40.62106],[-73.80427,40.62152],[-73.80466,40.62161],[-73.80481,40.62179],[-73.80516,40.62182],[-73.80529,40.62156],[-73.80521,40.62185],[-73.80482,40.62183],[-73.80469,40.62168],[-73.8042,40.62155],[-73.80387,40.62114],[-73.80328,40.62127],[-73.80309,40.6212],[-73.80296,40.62139],[-73.80337,40.62138],[-73.80331,40.62163],[-73.8034,40.62182],[-73.80361,40.62181],[-73.80387,40.62163],[-73.80408,40.62182],[-73.8041,40.62195],[-73.80374,40.62209],[-73.80389,40.62221],[-73.80386,40.62228],[-73.80369,40.62212],[-73.80406,40.62191],[-73.80391,40.6217],[-73.80377,40.62172],[-73.80361,40.62187],[-73.80338,40.62187],[-73.80327,40.62176],[-73.80334,40.62141],[-73.80289,40.62145],[-73.80289,40.62132],[-73.80317,40.62106],[-73.80314,40.62096],[-73.80268,40.6208],[-73.80265,40.62091],[-73.80236,40.62109],[-73.80226,40.62161],[-73.80216,40.62175],[-73.80223,40.6222],[-73.80215,40.6224],[-73.8022,40.62257],[-73.80186,40.62307],[-73.80196,40.62322],[-73.80211,40.62326],[-73.80215,40.6234],[-73.8021,40.62353],[-73.80202,40.62335],[-73.80188,40.6235],[-73.8021,40.62394],[-73.80162,40.62409],[-73.80158,40.62435],[-73.80167,40.62467],[-73.8015,40.6247],[-73.80125,40.62454],[-73.80106,40.62467],[-73.80116,40.62449],[-73.80155,40.62463],[-73.80149,40.62419],[-73.80158,40.62401],[-73.80166,40.62395],[-73.802,40.62395],[-73.8018,40.62363],[-73.8018,40.62336],[-73.8016,40.62343],[-73.80114,40.62388],[-73.80009,40.62437],[-73.79952,40.62474],[-73.7994,40.62491],[-73.79917,40.62495],[-73.79871,40.62523],[-73.79842,40.62531],[-73.7981,40.62493],[-73.79774,40.62475],[-73.79749,40.62483],[-73.79745,40.62499],[-73.79848,40.62572],[-73.79867,40.62568],[-73.79934,40.62579],[-73.79967,40.62569],[-73.79986,40.62582],[-73.80043,40.62597],[-73.80069,40.62593],[-73.80098,40.62603],[-73.80112,40.62601],[-73.8011,40.62588],[-73.80137,40.62551],[-73.80175,40.62542],[-73.80185,40.62547],[-73.80223,40.62534],[-73.80241,40.62518],[-73.80263,40.62521],[-73.80265,40.62506],[-73.80279,40.62506],[-73.80289,40.62495],[-73.80299,40.62509],[-73.80337,40.625],[-73.80355,40.62506],[-73.80376,40.62491],[-73.80389,40.625],[-73.80397,40.62477],[-73.8045,40.62458],[-73.80456,40.62448],[-73.80472,40.62449],[-73.80494,40.62415],[-73.80522,40.6241],[-73.80506,40.62374],[-73.80532,40.62369],[-73.80528,40.62346],[-73.80562,40.62327],[-73.80556,40.62272],[-73.80575,40.62277],[-73.80603,40.62255],[-73.80627,40.62266],[-73.80619,40.62236],[-73.80627,40.62231],[-73.80629,40.62206],[-73.8062,40.62199],[-73.80646,40.62188],[-73.80621,40.62143],[-73.80638,40.6211],[-73.80623,40.62099],[-73.80618,40.62077],[-73.80597,40.62067],[-73.80564,40.6203],[-73.8056,40.62013],[-73.80502,40.61992]],[[-73.81201,40.62326],[-73.81161,40.62362],[-73.81157,40.62398],[-73.81182,40.62394],[-73.81198,40.624],[-73.81228,40.62439],[-73.8122,40.62448],[-73.81213,40.6249],[-73.8122,40.62518],[-73.81182,40.62581],[-73.81191,40.62618],[-73.8122,40.62663],[-73.81215,40.62668],[-73.81226,40.6267],[-73.8122,40.6268],[-73.81262,40.62657],[-73.81274,40.62632],[-73.81305,40.62639],[-73.81314,40.62659],[-73.81315,40.6265],[-73.81333,40.62641],[-73.8133,40.62622],[-73.81341,40.62609],[-73.81379,40.62599],[-73.81392,40.62585],[-73.81486,40.62564],[-73.81487,40.62544],[-73.81449,40.62534],[-73.81374,40.62495],[-73.81375,40.62464],[-73.81349,40.62442],[-73.81346,40.62413],[-73.81373,40.62394],[-73.81365,40.62373],[-73.81378,40.62348],[-73.81372,40.62333],[-73.81358,40.62344],[-73.81351,40.6237],[-73.81329,40.62367],[-73.81305,40.62413],[-73.81291,40.62391],[-73.81225,40.62351],[-73.81201,40.62326]],[[-73.81596,40.62626],[-73.81598,40.62662],[-73.81618,40.6266],[-73.8161,40.62635],[-73.81596,40.62626]],[[-73.81604,40.6267],[-73.81597,40.62677],[-73.81605,40.62675],[-73.81604,40.6267]],[[-73.83171,40.62268],[-73.83166,40.62274],[-73.83176,40.62277],[-73.83171,40.62268]],[[-73.82879,40.63938],[-73.82909,40.63957],[-73.8287,40.63979],[-73.82873,40.63984],[-73.82896,40.63974],[-73.8295,40.63974],[-73.82963,40.63963],[-73.82958,40.63956],[-73.82879,40.63938]],[[-73.83038,40.65514],[-73.8299,40.65552],[-73.83001,40.65556],[-73.83028,40.65543],[-73.83041,40.65526],[-73.83038,40.65514]],[[-73.79168,40.62105],[-73.79169,40.62135],[-73.79138,40.62227],[-73.79234,40.6224],[-73.79313,40.62265],[-73.7933,40.62264],[-73.79337,40.62274],[-73.79364,40.62275],[-73.79377,40.62237],[-73.79316,40.62154],[-73.79279,40.62127],[-73.79168,40.62105]],[[-73.79128,40.62268],[-73.79105,40.62292],[-73.79123,40.62329],[-73.79137,40.62314],[-73.79163,40.62311],[-73.79229,40.62338],[-73.79257,40.62333],[-73.79214,40.6231],[-73.79154,40.62294],[-73.79128,40.62295],[-73.79121,40.62282],[-73.79128,40.62268]],[[-73.79356,40.61096],[-73.79315,40.611],[-73.79305,40.61109],[-73.79304,40.6112],[-73.79328,40.61106],[-73.79354,40.61108],[-73.79361,40.61099],[-73.79356,40.61096]],[[-73.79581,40.61131],[-73.79579,40.6114],[-73.79591,40.61146],[-73.79581,40.61131]],[[-73.79201,40.60947],[-73.79198,40.6096],[-73.79213,40.60983],[-73.79239,40.60975],[-73.79201,40.60947]],[[-73.79232,40.60986],[-73.79225,40.61],[-73.79255,40.60999],[-73.79249,40.6099],[-73.79232,40.60986]],[[-73.78995,40.61069],[-73.79009,40.61107],[-73.79009,40.6108],[-73.78995,40.61069]],[[-73.7902,40.61237],[-73.78998,40.61256],[-73.79001,40.61261],[-73.79015,40.61257],[-73.7902,40.61237]],[[-73.78742,40.61347],[-73.78725,40.6135],[-73.787,40.61371],[-73.7875,40.61355],[-73.78742,40.61347]],[[-73.7853,40.61853],[-73.78514,40.61857],[-73.7851,40.61945],[-73.7852,40.61957],[-73.78508,40.61997],[-73.78587,40.6198],[-73.78617,40.61944],[-73.7853,40.61853]],[[-73.7626,40.6166],[-73.76208,40.61663],[-73.76174,40.61681],[-73.76204,40.61704],[-73.76231,40.61711],[-73.76255,40.61707],[-73.76254,40.61695],[-73.76264,40.61684],[-73.76256,40.61682],[-73.76267,40.61669],[-73.7626,40.6166]],[[-73.75518,40.61063],[-73.75515,40.6107],[-73.75517,40.61071],[-73.75518,40.61063]]]},"properties":{"waterbodyId":32,"name":"Jamaica Bay (Queens)"}},{"type":"Feature","geometry":{"type":"MultiPolygon","coordinates":[[[[-73.85623,40.63077],[-73.85664,40.63079],[-73.85663,40.63119],[-73.8564,40.63132],[-73.85604,40.63132],[-73.85532,40.63168],[-73.8547,40.63155],[-73.85549,40.63099],[-73.85623,40.63077]]],[[[-73.93384,40.56704],[-73.93151,40.57569],[-73.93109,40.57619],[-73.93183,40.57865],[-73.93182,40.57897],[-73.93245,40.58096],[-73.93118,40.58276],[-73.93078,40.58276],[-73.93073,40.58285],[-73.93089,40.5829],[-73.93081,40.58307],[-73.93037,40.58327],[-73.92947,40.58342],[-73.92768,40.58356],[-73.92627,40.58356],[-73.92562,40.58346],[-73.92558,40.58352],[-73.92463,40.58356],[-73.92382,40.58353],[-73.92182,40.58317],[-73.9198,40.58266],[-73.91814,40.58215],[-73.91754,40.58209],[-73.91649,40.58177],[-73.91506,40.58155],[-73.91444,40.58172],[-73.91371,40.58164],[-73.91285,40.58177],[-73.91157,40.58179],[-73.91129,40.58218],[-73.91129,40.58232],[-73.91152,40.58275],[-73.91191,40.58297],[-73.91249,40.58289],[-73.91222,40.58297],[-73.91238,40.58306],[-73.91251,40.58309],[-73.91269,40.58297],[-73.91286,40.58302],[-73.913,40.58271],[-73.91306,40.58274],[-73.91293,40.58293],[-73.91297,40.58298],[-73.91336,40.58296],[-73.91373,40.58274],[-73.91417,40.58281],[-73.91424,40.58261],[-73.91447,40.58262],[-73.91434,40.58249],[-73.91439,40.58239],[-73.91486,40.5825],[-73.9151,40.58238],[-73.91541,40.58237],[-73.91596,40.58244],[-73.91606,40.58256],[-73.91603,40.58264],[-73.91625,40.58272],[-73.91633,40.58283],[-73.91659,40.58273],[-73.91681,40.58277],[-73.91682,40.58288],[-73.91731,40.58323],[-73.91705,40.58325],[-73.91689,40.58311],[-73.91653,40.58315],[-73.91626,40.58303],[-73.91614,40.58287],[-73.91499,40.58317],[-73.91486,40.58309],[-73.91489,40.58289],[-73.91462,40.58278],[-73.91414,40.583],[-73.91311,40.58317],[-73.91305,40.58324],[-73.913,40.5832],[-73.91308,40.58306],[-73.91281,40.58315],[-73.91241,40.58352],[-73.91256,40.58371],[-73.91267,40.58367],[-73.91273,40.58376],[-73.91271,40.58394],[-73.91253,40.58395],[-73.91266,40.58401],[-73.91264,40.58438],[-73.91253,40.58457],[-73.91241,40.5846],[-73.91255,40.58477],[-73.9125,40.58503],[-73.91261,40.58556],[-73.91277,40.58579],[-73.91194,40.58622],[-73.91192,40.58617],[-73.91173,40.58626],[-73.91145,40.58605],[-73.91085,40.58597],[-73.90811,40.5868],[-73.90648,40.58703],[-73.9061,40.58717],[-73.90617,40.58729],[-73.90603,40.58735],[-73.90512,40.58709],[-73.90504,40.58704],[-73.90517,40.58701],[-73.90483,40.58689],[-73.90448,40.58697],[-73.90427,40.58687],[-73.90413,40.58702],[-73.90359,40.58707],[-73.9034,40.58724],[-73.90286,40.58737],[-73.9021,40.58736],[-73.90133,40.58788],[-73.90088,40.58806],[-73.90007,40.5881],[-73.89986,40.58797],[-73.89963,40.58808],[-73.89901,40.58768],[-73.89826,40.58679],[-73.89828,40.58653],[-73.8979,40.58583],[-73.89814,40.58519],[-73.89703,40.584],[-73.89698,40.58389],[-73.89705,40.58375],[-73.89644,40.58284],[-73.89638,40.58222],[-73.8968,40.5812],[-73.89681,40.57993],[-73.89689,40.57964],[-73.8965,40.57886],[-73.89564,40.57759],[-73.89546,40.57706],[-73.89561,40.57673],[-73.89627,40.57692],[-73.8963,40.57687],[-73.89609,40.57677],[-73.8957,40.57665],[-73.89448,40.57683],[-73.89317,40.57723],[-73.89312,40.57732],[-73.89271,40.57728],[-73.89263,40.57731],[-73.8927,40.57741],[-73.89225,40.57741],[-73.89189,40.57757],[-73.89173,40.57756],[-73.89119,40.57785],[-73.8896,40.5778],[-73.88881,40.57809],[-73.88779,40.57799],[-73.88727,40.57802],[-73.88523,40.57849],[-73.88415,40.57866],[-73.88326,40.57903],[-73.88277,40.57915],[-73.88214,40.57917],[-73.88209,40.57906],[-73.88174,40.57916],[-73.88187,40.57946],[-73.88175,40.5796],[-73.87971,40.58014],[-73.8767,40.58493],[-73.87684,40.58527],[-73.87703,40.58533],[-73.87771,40.58614],[-73.87795,40.58655],[-73.87848,40.58711],[-73.87867,40.58748],[-73.87912,40.58934],[-73.87912,40.5896],[-73.87897,40.58994],[-73.87921,40.59028],[-73.87931,40.59066],[-73.87891,40.59074],[-73.87898,40.5909],[-73.87936,40.59084],[-73.8797,40.59139],[-73.87987,40.59206],[-73.88023,40.59291],[-73.88068,40.59456],[-73.88077,40.59548],[-73.88074,40.59585],[-73.88068,40.59587],[-73.88073,40.5967],[-73.88094,40.59693],[-73.88125,40.59759],[-73.88152,40.59905],[-73.88163,40.59928],[-73.8816,40.59943],[-73.88184,40.59971],[-73.88189,40.59995],[-73.88209,40.60021],[-73.8822,40.60072],[-73.88245,40.60109],[-73.88258,40.60178],[-73.88286,40.60207],[-73.88332,40.60302],[-73.8829,40.60352],[-73.88296,40.60379],[-73.88269,40.60423],[-73.88299,40.60467],[-73.88399,40.60557],[-73.88428,40.60556],[-73.88878,40.61127],[-73.88879,40.61114],[-73.8897,40.61157],[-73.89034,40.61202],[-73.89108,40.61229],[-73.89116,40.61219],[-73.891,40.61206],[-73.89163,40.6118],[-73.8919,40.61154],[-73.89263,40.6114],[-73.89291,40.61122],[-73.89355,40.61101],[-73.89358,40.61117],[-73.89383,40.61124],[-73.89394,40.61119],[-73.89404,40.61144],[-73.89393,40.61154],[-73.8937,40.61152],[-73.89312,40.61177],[-73.89275,40.61174],[-73.89215,40.61208],[-73.89209,40.61207],[-73.8921,40.61197],[-73.89183,40.61204],[-73.89174,40.61214],[-73.89167,40.61206],[-73.89142,40.61213],[-73.89121,40.61244],[-73.89105,40.61252],[-73.89096,40.61284],[-73.89134,40.61326],[-73.8925,40.6138],[-73.89315,40.6139],[-73.89428,40.61389],[-73.89542,40.61442],[-73.89556,40.61436],[-73.89559,40.61445],[-73.89585,40.61451],[-73.89603,40.61481],[-73.89598,40.61488],[-73.89581,40.61482],[-73.89574,40.6149],[-73.89599,40.61528],[-73.89608,40.61562],[-73.89617,40.61566],[-73.89617,40.61583],[-73.89625,40.61587],[-73.89617,40.61601],[-73.89646,40.61614],[-73.89651,40.61637],[-73.89646,40.61678],[-73.89663,40.61714],[-73.89664,40.61736],[-73.89655,40.6177],[-73.89645,40.61775],[-73.89649,40.61784],[-73.8964,40.61791],[-73.89645,40.61808],[-73.89608,40.61839],[-73.89585,40.61915],[-73.89561,40.61936],[-73.89572,40.61953],[-73.894,40.62282],[-73.8936,40.62301],[-73.89375,40.62309],[-73.89329,40.62344],[-73.89302,40.62336],[-73.89257,40.62356],[-73.8922,40.62381],[-73.89137,40.62463],[-73.89081,40.62493],[-73.89058,40.62518],[-73.89048,40.62549],[-73.89051,40.62588],[-73.89033,40.62622],[-73.88972,40.62654],[-73.88922,40.62696],[-73.88916,40.62718],[-73.88814,40.62785],[-73.88801,40.62813],[-73.88768,40.62832],[-73.88743,40.62836],[-73.88715,40.62857],[-73.8861,40.62869],[-73.88572,40.62847],[-73.88513,40.62885],[-73.88374,40.62761],[-73.88266,40.62828],[-73.88265,40.62834],[-73.88402,40.62957],[-73.88347,40.62993],[-73.88378,40.63025],[-73.88371,40.63072],[-73.88355,40.63105],[-73.88297,40.63163],[-73.8822,40.63196],[-73.88192,40.6322],[-73.88118,40.63243],[-73.88038,40.63296],[-73.88023,40.63324],[-73.87995,40.63326],[-73.8796,40.63345],[-73.87933,40.63382],[-73.87873,40.63416],[-73.8782,40.63461],[-73.87791,40.63498],[-73.87356,40.63618],[-73.87413,40.63637],[-73.87444,40.63667],[-73.87368,40.63633],[-73.87311,40.63635],[-73.87119,40.63714],[-73.87065,40.63745],[-73.87003,40.63761],[-73.86943,40.63805],[-73.86964,40.63857],[-73.86735,40.63978],[-73.86658,40.63975],[-73.86636,40.63984],[-73.86641,40.63996],[-73.86636,40.64001],[-73.86589,40.64001],[-73.86548,40.64016],[-73.86526,40.64046],[-73.86552,40.64053],[-73.86469,40.64075],[-73.86405,40.64104],[-73.86331,40.64149],[-73.86322,40.64162],[-73.86244,40.64203],[-73.8621,40.64232],[-73.86153,40.64263],[-73.86068,40.6428],[-73.8605,40.64297],[-73.85947,40.64302],[-73.8582,40.64335],[-73.85705,40.64355],[-73.85656,40.64353],[-73.85641,40.644],[-73.85549,40.6441],[-73.85518,40.64278],[-73.84805,40.64377],[-73.83624,40.63212],[-73.83653,40.63204],[-73.83648,40.63183],[-73.83609,40.6317],[-73.83582,40.63171],[-73.83317,40.62909],[-73.83326,40.62725],[-73.83298,40.62716],[-73.83296,40.62692],[-73.83308,40.62648],[-73.8333,40.62622],[-73.8334,40.62411],[-73.83359,40.62403],[-73.83358,40.62397],[-73.83367,40.624],[-73.8338,40.62376],[-73.83378,40.6236],[-73.83368,40.62364],[-73.83322,40.62351],[-73.83323,40.62313],[-73.83315,40.62307],[-73.83328,40.62296],[-73.83313,40.62275],[-73.8333,40.62261],[-73.83381,40.62258],[-73.83398,40.62241],[-73.83414,40.62238],[-73.83427,40.62252],[-73.83448,40.62251],[-73.83461,40.6226],[-73.83486,40.62292],[-73.8349,40.62312],[-73.83505,40.62317],[-73.83509,40.62311],[-73.83499,40.62307],[-73.83492,40.62284],[-73.83502,40.62269],[-73.83497,40.62254],[-73.83465,40.62201],[-73.83481,40.62175],[-73.83475,40.6216],[-73.83486,40.62153],[-73.83488,40.6214],[-73.83475,40.62127],[-73.83484,40.62108],[-73.83498,40.621],[-73.83454,40.62105],[-73.83419,40.62098],[-73.83386,40.62119],[-73.83387,40.6213],[-73.83315,40.62165],[-73.83301,40.62186],[-73.83305,40.62171],[-73.83353,40.62142],[-73.83354,40.62113],[-73.83373,40.62086],[-73.8343,40.62065],[-73.83434,40.62056],[-73.83421,40.62041],[-73.83423,40.62027],[-73.8346,40.62025],[-73.83381,40.61967],[-73.83428,40.61987],[-73.8347,40.62015],[-73.83473,40.62029],[-73.83455,40.62039],[-73.83461,40.62047],[-73.83475,40.62041],[-73.8349,40.62048],[-73.83531,40.62015],[-73.8348,40.61993],[-73.83489,40.61962],[-73.83513,40.61952],[-73.83496,40.61985],[-73.83523,40.61997],[-73.83551,40.61997],[-73.83571,40.61974],[-73.83575,40.61958],[-73.83552,40.61939],[-73.83549,40.61901],[-73.83534,40.6188],[-73.83536,40.61872],[-73.83512,40.61874],[-73.83496,40.61854],[-73.83502,40.61814],[-73.83517,40.61805],[-73.83497,40.61797],[-73.83496,40.61779],[-73.83528,40.61726],[-73.83575,40.61673],[-73.83644,40.61618],[-73.83656,40.61612],[-73.83691,40.61616],[-73.83722,40.61582],[-73.83771,40.61571],[-73.83779,40.61557],[-73.83664,40.61515],[-73.83651,40.6153],[-73.83629,40.61524],[-73.83635,40.61513],[-73.83615,40.61513],[-73.83622,40.61519],[-73.8361,40.61524],[-73.83586,40.61522],[-73.83552,40.61496],[-73.83542,40.61462],[-73.83496,40.61448],[-73.83406,40.61437],[-73.83381,40.61368],[-73.83389,40.61343],[-73.83413,40.60831],[-73.83419,40.60787],[-73.83454,40.60718],[-73.83453,40.60704],[-73.83493,40.60679],[-73.8354,40.6067],[-73.8357,40.60637],[-73.8359,40.6052],[-73.83579,40.6051],[-73.84521,40.59377],[-73.84543,40.59365],[-73.8457,40.59331],[-73.84574,40.59313],[-73.84976,40.58829],[-73.8796,40.57435],[-73.89093,40.57252],[-73.89805,40.57201],[-73.90454,40.57168],[-73.93384,40.56704]]],[[[-73.91389,40.58282],[-73.91378,40.58284],[-73.91374,40.58293],[-73.91404,40.58292],[-73.91389,40.58282]]],[[[-73.85802,40.59589],[-73.85748,40.59589],[-73.85741,40.59596],[-73.85698,40.59591],[-73.85577,40.59606],[-73.85507,40.59602],[-73.85463,40.5962],[-73.85433,40.59652],[-73.85379,40.59659],[-73.85321,40.59696],[-73.85233,40.59724],[-73.85215,40.59752],[-73.85193,40.59767],[-73.8519,40.59784],[-73.85164,40.59823],[-73.85128,40.59847],[-73.85067,40.59863],[-73.85011,40.59861],[-73.84999,40.59855],[-73.84995,40.59842],[-73.85008,40.5981],[-73.8499,40.59814],[-73.84962,40.59854],[-73.84957,40.59884],[-73.84977,40.59915],[-73.84983,40.59911],[-73.84972,40.59874],[-73.84997,40.59881],[-73.85052,40.59919],[-73.85145,40.59927],[-73.85152,40.59957],[-73.85182,40.59996],[-73.85201,40.59996],[-73.85217,40.59977],[-73.8522,40.59997],[-73.85228,40.59997],[-73.85254,40.59976],[-73.85242,40.59994],[-73.85211,40.60006],[-73.85204,40.60017],[-73.85233,40.60035],[-73.85227,40.60045],[-73.85232,40.60051],[-73.85249,40.60053],[-73.8526,40.60067],[-73.85255,40.60076],[-73.85268,40.60082],[-73.85275,40.60099],[-73.8529,40.60104],[-73.85316,40.6013],[-73.85338,40.60132],[-73.85364,40.60148],[-73.8543,40.60149],[-73.85467,40.60179],[-73.85508,40.6019],[-73.85615,40.60196],[-73.85697,40.6019],[-73.85744,40.60201],[-73.85806,40.60199],[-73.85972,40.60213],[-73.86043,40.60233],[-73.8608,40.60262],[-73.86106,40.6026],[-73.86176,40.60227],[-73.8621,40.60201],[-73.86298,40.60103],[-73.86335,40.60008],[-73.86314,40.59921],[-73.86269,40.59874],[-73.86251,40.59829],[-73.86129,40.59765],[-73.86082,40.59724],[-73.86064,40.59699],[-73.86056,40.59671],[-73.86058,40.59643],[-73.86077,40.59633],[-73.86071,40.59626],[-73.86056,40.5962],[-73.86038,40.59638],[-73.86012,40.59636],[-73.85802,40.59589]]],[[[-73.84594,40.60347],[-73.84573,40.60363],[-73.84562,40.6035],[-73.84513,40.60374],[-73.84495,40.60366],[-73.84487,40.60409],[-73.845,40.60417],[-73.84488,40.60454],[-73.84468,40.60469],[-73.84444,40.60469],[-73.84456,40.60482],[-73.84471,40.60482],[-73.84487,40.60469],[-73.84525,40.60486],[-73.84546,40.60472],[-73.84577,40.60483],[-73.84611,40.60434],[-73.8464,40.60422],[-73.84608,40.60455],[-73.84625,40.60456],[-73.84646,40.6044],[-73.84645,40.60455],[-73.84678,40.6049],[-73.84697,40.60496],[-73.84742,40.60486],[-73.84783,40.6049],[-73.8479,40.60469],[-73.8477,40.60463],[-73.84753,40.60443],[-73.84712,40.60451],[-73.84669,40.60439],[-73.84663,40.60403],[-73.8465,40.60394],[-73.84667,40.60376],[-73.84661,40.60369],[-73.84627,40.60404],[-73.84614,40.60399],[-73.84591,40.60359],[-73.84599,40.60351],[-73.84594,40.60347]]],[[[-73.84391,40.60407],[-73.84379,40.60417],[-73.84357,40.60414],[-73.84354,40.60425],[-73.84339,40.60432],[-73.84315,40.60433],[-73.84311,40.60422],[-73.84296,40.60419],[-73.84269,40.60443],[-73.84231,40.60436],[-73.84212,40.6046],[-73.84191,40.60459],[-73.84171,40.60442],[-73.84134,40.60452],[-73.84113,40.60479],[-73.84121,40.60507],[-73.84104,40.60526],[-73.84107,40.60536],[-73.84132,40.60531],[-73.84182,40.60585],[-73.84195,40.60581],[-73.84207,40.60553],[-73.84221,40.60545],[-73.84242,40.60559],[-73.84284,40.60547],[-73.84296,40.60576],[-73.84284,40.60582],[-73.84274,40.60555],[-73.84246,40.60572],[-73.84215,40.60557],[-73.84195,40.60588],[-73.84174,40.60589],[-73.84162,40.60573],[-73.84146,40.60568],[-73.84095,40.60602],[-73.84124,40.60627],[-73.84184,40.60624],[-73.84205,40.60631],[-73.84211,40.60649],[-73.84199,40.60672],[-73.84204,40.60685],[-73.8424,40.607],[-73.84266,40.6072],[-73.84268,40.60738],[-73.84302,40.60706],[-73.84298,40.60662],[-73.84306,40.60643],[-73.84363,40.60645],[-73.84383,40.60656],[-73.84423,40.60662],[-73.84453,40.60699],[-73.84434,40.6072],[-73.84409,40.60726],[-73.84392,40.6072],[-73.84361,40.60678],[-73.84342,40.60669],[-73.84332,40.60695],[-73.84336,40.60719],[-73.8432,40.60725],[-73.84295,40.60722],[-73.84271,40.60751],[-73.84248,40.6074],[-73.8425,40.60719],[-73.84231,40.60704],[-73.84192,40.60699],[-73.84223,40.60712],[-73.8423,40.60728],[-73.84224,40.60746],[-73.84191,40.60777],[-73.84187,40.60795],[-73.84201,40.608],[-73.8425,40.60768],[-73.84286,40.60766],[-73.84303,40.60786],[-73.84296,40.60827],[-73.84303,40.60836],[-73.84355,40.60798],[-73.84401,40.6079],[-73.84445,40.608],[-73.8446,40.60816],[-73.8446,40.6083],[-73.84449,40.60844],[-73.84421,40.60854],[-73.84446,40.60864],[-73.84462,40.60882],[-73.84435,40.60878],[-73.84443,40.60907],[-73.84433,40.60918],[-73.84421,40.6092],[-73.84405,40.6091],[-73.84395,40.60937],[-73.84383,40.60939],[-73.84381,40.60926],[-73.84366,40.60943],[-73.84352,40.60993],[-73.84308,40.60997],[-73.84304,40.61006],[-73.84276,40.60984],[-73.84277,40.60977],[-73.84254,40.6097],[-73.84258,40.60946],[-73.84215,40.60969],[-73.84194,40.60963],[-73.84159,40.60917],[-73.84168,40.609],[-73.84158,40.60886],[-73.84163,40.60882],[-73.84176,40.60889],[-73.8418,40.60908],[-73.84199,40.609],[-73.84193,40.60912],[-73.84215,40.6094],[-73.8424,40.60928],[-73.84265,40.60929],[-73.84307,40.60976],[-73.84343,40.6098],[-73.84349,40.60939],[-73.84395,40.60883],[-73.84375,40.60863],[-73.8438,40.60844],[-73.84391,40.60831],[-73.84418,40.60822],[-73.84422,40.6081],[-73.84404,40.60805],[-73.84369,40.60809],[-73.84333,40.60845],[-73.84305,40.60859],[-73.84277,40.60844],[-73.84275,40.60795],[-73.84268,40.60783],[-73.84221,40.60819],[-73.84183,40.60817],[-73.84166,40.60793],[-73.84188,40.60728],[-73.84159,40.60735],[-73.84121,40.60758],[-73.841,40.60756],[-73.84082,40.60731],[-73.84084,40.6072],[-73.84073,40.60716],[-73.84075,40.60669],[-73.84032,40.60696],[-73.84025,40.60718],[-73.83989,40.60745],[-73.83971,40.60743],[-73.83932,40.60761],[-73.83943,40.60785],[-73.8397,40.60783],[-73.83981,40.60803],[-73.84011,40.60805],[-73.84019,40.60826],[-73.8404,40.60824],[-73.84053,40.60833],[-73.8405,40.60861],[-73.84008,40.60888],[-73.84031,40.60906],[-73.84032,40.60926],[-73.84021,40.60932],[-73.84005,40.60928],[-73.84006,40.60938],[-73.83991,40.60931],[-73.83978,40.60946],[-73.83948,40.60932],[-73.83978,40.60931],[-73.84023,40.60918],[-73.84023,40.60904],[-73.83992,40.60898],[-73.84018,40.60867],[-73.84001,40.60857],[-73.84002,40.60849],[-73.84017,40.60842],[-73.84037,40.60853],[-73.84048,40.60848],[-73.84048,40.60837],[-73.84007,40.60836],[-73.83998,40.60817],[-73.8399,40.60828],[-73.83973,40.60828],[-73.83958,40.60796],[-73.83933,40.60822],[-73.83909,40.60822],[-73.83897,40.60805],[-73.83916,40.60783],[-73.83906,40.60778],[-73.83871,40.60811],[-73.83866,40.60877],[-73.83843,40.60888],[-73.83836,40.60921],[-73.83787,40.60973],[-73.8378,40.61027],[-73.83759,40.61071],[-73.83774,40.61078],[-73.83813,40.61054],[-73.83857,40.61049],[-73.83866,40.6104],[-73.8391,40.61052],[-73.83929,40.61065],[-73.83932,40.61094],[-73.83921,40.61106],[-73.83886,40.61117],[-73.83887,40.61134],[-73.83901,40.61136],[-73.83929,40.61113],[-73.83963,40.61106],[-73.83975,40.61114],[-73.83978,40.6113],[-73.83946,40.61159],[-73.83985,40.61148],[-73.84023,40.61158],[-73.84041,40.61143],[-73.84015,40.6113],[-73.84017,40.61111],[-73.84,40.61092],[-73.8402,40.61086],[-73.84042,40.61045],[-73.8407,40.61044],[-73.84071,40.61054],[-73.84051,40.61057],[-73.84056,40.61069],[-73.84046,40.61079],[-73.84053,40.61092],[-73.84048,40.61114],[-73.84082,40.61114],[-73.84091,40.61129],[-73.84051,40.61174],[-73.84074,40.61157],[-73.84114,40.61158],[-73.84138,40.61171],[-73.84168,40.61162],[-73.8422,40.61174],[-73.84254,40.61152],[-73.84268,40.61181],[-73.84279,40.61187],[-73.84376,40.61198],[-73.84399,40.61214],[-73.84412,40.61192],[-73.84442,40.61179],[-73.84423,40.61173],[-73.8439,40.61176],[-73.8438,40.61167],[-73.84379,40.61152],[-73.84389,40.61136],[-73.84413,40.61122],[-73.84445,40.61131],[-73.84453,40.61127],[-73.84427,40.61103],[-73.8443,40.61097],[-73.84452,40.61103],[-73.84505,40.61098],[-73.84522,40.61119],[-73.84564,40.61139],[-73.84568,40.61155],[-73.84597,40.61161],[-73.84578,40.61138],[-73.84582,40.61122],[-73.84545,40.61093],[-73.84549,40.61084],[-73.84578,40.61081],[-73.84578,40.61068],[-73.8456,40.61056],[-73.84573,40.61046],[-73.84571,40.61039],[-73.84548,40.61015],[-73.8456,40.61009],[-73.84582,40.60972],[-73.84602,40.60959],[-73.84585,40.60896],[-73.84599,40.60891],[-73.84605,40.60902],[-73.84614,40.60879],[-73.84606,40.60858],[-73.84636,40.60828],[-73.84614,40.60827],[-73.84574,40.60846],[-73.84559,40.60888],[-73.84555,40.60865],[-73.8453,40.60837],[-73.84495,40.60824],[-73.84486,40.6081],[-73.84565,40.60832],[-73.84594,40.60817],[-73.84598,40.60803],[-73.84618,40.6079],[-73.84684,40.60807],[-73.84688,40.6079],[-73.84698,40.60782],[-73.84695,40.60775],[-73.84707,40.60766],[-73.84706,40.60751],[-73.84734,40.60723],[-73.84747,40.60721],[-73.8475,40.60711],[-73.84788,40.60701],[-73.84833,40.60722],[-73.84826,40.60702],[-73.84836,40.6069],[-73.84855,40.60685],[-73.84863,40.60663],[-73.84875,40.60655],[-73.84922,40.6066],[-73.84932,40.60676],[-73.84967,40.60674],[-73.84977,40.60658],[-73.8496,40.60639],[-73.84967,40.60606],[-73.84958,40.60603],[-73.84943,40.60614],[-73.84926,40.60607],[-73.84915,40.60624],[-73.84881,40.60633],[-73.84862,40.60624],[-73.84831,40.60623],[-73.84766,40.60593],[-73.84755,40.60601],[-73.84714,40.60606],[-73.84706,40.60621],[-73.84692,40.60616],[-73.84641,40.60628],[-73.84628,40.60644],[-73.84613,40.60636],[-73.84636,40.60618],[-73.84725,40.60584],[-73.84743,40.6057],[-73.84751,40.60547],[-73.84749,40.60509],[-73.84673,40.60508],[-73.8464,40.60486],[-73.84638,40.60475],[-73.84611,40.60476],[-73.84602,40.60505],[-73.84584,40.60516],[-73.84558,40.60502],[-73.84531,40.60514],[-73.84489,40.60503],[-73.84506,40.60562],[-73.84527,40.60562],[-73.84539,40.60572],[-73.84509,40.60575],[-73.84503,40.60587],[-73.84521,40.60587],[-73.84531,40.60602],[-73.84532,40.60628],[-73.84547,40.60627],[-73.84542,40.60654],[-73.84567,40.60707],[-73.84554,40.60698],[-73.84489,40.60707],[-73.84491,40.60701],[-73.84464,40.60683],[-73.84476,40.6068],[-73.84463,40.6066],[-73.84446,40.60667],[-73.84451,40.6066],[-73.84432,40.60636],[-73.84425,40.60608],[-73.8441,40.60597],[-73.84416,40.60578],[-73.84454,40.60601],[-73.84472,40.60573],[-73.84461,40.60559],[-73.84466,40.60542],[-73.84453,40.60526],[-73.84463,40.60502],[-73.84416,40.60473],[-73.8441,40.60458],[-73.84378,40.60451],[-73.8436,40.60467],[-73.84363,40.6051],[-73.84391,40.60522],[-73.84393,40.60537],[-73.84409,40.60543],[-73.84402,40.60555],[-73.84382,40.60562],[-73.84383,40.60572],[-73.84372,40.60574],[-73.84367,40.60585],[-73.84383,40.60596],[-73.84389,40.60628],[-73.84383,40.60639],[-73.84371,40.60624],[-73.84375,40.60606],[-73.84358,40.60586],[-73.84366,40.60578],[-73.84364,40.60558],[-73.84385,40.60545],[-73.84366,40.60525],[-73.84344,40.60517],[-73.84342,40.605],[-73.84327,40.60499],[-73.84308,40.60478],[-73.84275,40.6047],[-73.84284,40.60507],[-73.84274,40.60521],[-73.84256,40.60529],[-73.84226,40.60522],[-73.84183,40.6049],[-73.84189,40.60481],[-73.84237,40.60512],[-73.84264,40.60515],[-73.84269,40.60495],[-73.8426,40.60476],[-73.84276,40.6046],[-73.84334,40.6047],[-73.8436,40.60439],[-73.84402,40.60432],[-73.84431,40.60442],[-73.84455,40.60438],[-73.84456,40.60428],[-73.84439,40.60408],[-73.84413,40.60418],[-73.84391,40.60407]]],[[[-73.84063,40.60536],[-73.84038,40.60563],[-73.84044,40.60591],[-73.84037,40.60595],[-73.84038,40.60623],[-73.84021,40.60617],[-73.84005,40.60653],[-73.83985,40.60656],[-73.83983,40.60684],[-73.84044,40.60629],[-73.84098,40.60624],[-73.84087,40.606],[-73.84146,40.60557],[-73.84131,40.60544],[-73.84074,40.60554],[-73.84063,40.60536]]],[[[-73.8418,40.60631],[-73.84136,40.60641],[-73.84139,40.60667],[-73.8412,40.60697],[-73.84154,40.60704],[-73.84171,40.60697],[-73.84203,40.60648],[-73.84199,40.60638],[-73.8418,40.60631]]],[[[-73.84127,40.60725],[-73.84117,40.60731],[-73.84128,40.60733],[-73.84135,40.60727],[-73.84127,40.60725]]],[[[-73.83891,40.61063],[-73.83831,40.6107],[-73.83791,40.61106],[-73.83768,40.61113],[-73.83775,40.61198],[-73.83795,40.61254],[-73.83777,40.61259],[-73.83805,40.61314],[-73.83863,40.61293],[-73.8387,40.61275],[-73.83898,40.61248],[-73.83899,40.61212],[-73.83936,40.61215],[-73.83968,40.61193],[-73.83985,40.61205],[-73.84,40.61204],[-73.84016,40.6118],[-73.83991,40.61166],[-73.83954,40.61178],[-73.83941,40.61172],[-73.83934,40.61151],[-73.83967,40.61124],[-73.83955,40.61113],[-73.8393,40.61126],[-73.83891,40.61168],[-73.83889,40.61151],[-73.83869,40.61132],[-73.83868,40.61113],[-73.83919,40.61081],[-73.83911,40.61067],[-73.83891,40.61063]]],[[[-73.837,40.61124],[-73.83661,40.61145],[-73.83646,40.61179],[-73.83631,40.61194],[-73.8363,40.6121],[-73.83653,40.61244],[-73.83746,40.61297],[-73.83708,40.61255],[-73.8369,40.61202],[-73.83698,40.61195],[-73.83727,40.61218],[-73.83729,40.61186],[-73.83741,40.61154],[-73.83727,40.61135],[-73.837,40.61124]]],[[[-73.84482,40.61114],[-73.84479,40.61132],[-73.84455,40.61149],[-73.84409,40.61134],[-73.84389,40.61149],[-73.84399,40.61163],[-73.8447,40.6116],[-73.84489,40.61182],[-73.84468,40.61232],[-73.84429,40.61225],[-73.84398,40.61233],[-73.84407,40.61262],[-73.84397,40.61273],[-73.84383,40.61266],[-73.8435,40.6122],[-73.84312,40.61216],[-73.84274,40.61224],[-73.84254,40.61187],[-73.84185,40.61186],[-73.84177,40.61212],[-73.84149,40.61224],[-73.84125,40.61215],[-73.84101,40.61172],[-73.84084,40.61186],[-73.8412,40.61228],[-73.84116,40.61245],[-73.84122,40.61263],[-73.84131,40.61266],[-73.84138,40.61252],[-73.84158,40.61242],[-73.84256,40.61287],[-73.84277,40.61305],[-73.84275,40.61333],[-73.84281,40.61341],[-73.84291,40.61343],[-73.84309,40.61308],[-73.84353,40.61307],[-73.84362,40.61336],[-73.84337,40.61362],[-73.84351,40.61368],[-73.84455,40.6139],[-73.8448,40.61404],[-73.8451,40.61399],[-73.84515,40.6139],[-73.84557,40.61393],[-73.84577,40.61376],[-73.84558,40.61345],[-73.84559,40.61333],[-73.84589,40.61298],[-73.84565,40.61272],[-73.84541,40.61277],[-73.84517,40.61266],[-73.84478,40.61262],[-73.84492,40.61253],[-73.84543,40.61263],[-73.8455,40.61258],[-73.84528,40.61252],[-73.84511,40.61229],[-73.84512,40.61215],[-73.84522,40.61207],[-73.84511,40.6118],[-73.84533,40.6115],[-73.84498,40.61134],[-73.84482,40.61114]]],[[[-73.84496,40.60624],[-73.84477,40.60638],[-73.84464,40.60637],[-73.84473,40.60643],[-73.84468,40.6066],[-73.84476,40.60641],[-73.84496,40.60624]]],[[[-73.84783,40.60502],[-73.84787,40.60526],[-73.84803,40.60541],[-73.84837,40.60546],[-73.84849,40.60529],[-73.84812,40.60504],[-73.84783,40.60502]]],[[[-73.84834,40.60577],[-73.84822,40.60584],[-73.84844,40.60598],[-73.84874,40.60588],[-73.84864,40.60578],[-73.84834,40.60577]]],[[[-73.85384,40.6064],[-73.85377,40.60685],[-73.85383,40.60695],[-73.85394,40.60685],[-73.85409,40.60708],[-73.85402,40.6072],[-73.85355,40.60727],[-73.85371,40.60751],[-73.8541,40.60757],[-73.85443,40.60775],[-73.85444,40.608],[-73.85405,40.60829],[-73.85367,40.60838],[-73.85313,40.6083],[-73.85307,40.60841],[-73.85329,40.60889],[-73.85401,40.60895],[-73.85453,40.60951],[-73.85459,40.60968],[-73.85472,40.60967],[-73.85452,40.60992],[-73.85418,40.60994],[-73.85406,40.61003],[-73.85393,40.60994],[-73.85386,40.60998],[-73.85389,40.60992],[-73.85375,40.6098],[-73.85381,40.60974],[-73.85313,40.60925],[-73.85314,40.60935],[-73.85303,40.60939],[-73.853,40.60926],[-73.85258,40.60923],[-73.85249,40.60932],[-73.85253,40.60952],[-73.85228,40.60974],[-73.85246,40.6097],[-73.85236,40.60984],[-73.85227,40.60984],[-73.85221,40.60995],[-73.85213,40.60986],[-73.85179,40.60978],[-73.85182,40.60993],[-73.85233,40.61039],[-73.85241,40.61034],[-73.85258,40.61041],[-73.85279,40.61038],[-73.85293,40.61028],[-73.85317,40.61029],[-73.85324,40.61017],[-73.8535,40.61026],[-73.85451,40.61016],[-73.85475,40.61028],[-73.85483,40.61021],[-73.85518,40.61019],[-73.85524,40.61012],[-73.85502,40.61004],[-73.85494,40.60979],[-73.85499,40.60952],[-73.85537,40.60922],[-73.85558,40.60929],[-73.85585,40.60913],[-73.85558,40.60889],[-73.85501,40.60878],[-73.85486,40.60864],[-73.85483,40.60774],[-73.85504,40.60761],[-73.85501,40.60742],[-73.85508,40.60739],[-73.855,40.60724],[-73.85464,40.60725],[-73.85445,40.60712],[-73.8544,40.60702],[-73.85445,40.60693],[-73.85428,40.60664],[-73.85411,40.60664],[-73.85407,40.60652],[-73.85384,40.6064]]],[[[-73.85324,40.60767],[-73.85318,40.60775],[-73.85329,40.60798],[-73.85291,40.60796],[-73.85284,40.60815],[-73.85231,40.60823],[-73.85227,40.60844],[-73.85213,40.60855],[-73.8522,40.60863],[-73.85207,40.60868],[-73.85169,40.6086],[-73.85155,40.60902],[-73.85135,40.60923],[-73.85065,40.60936],[-73.85049,40.60956],[-73.84991,40.60942],[-73.84982,40.60964],[-73.84936,40.60986],[-73.84994,40.61016],[-73.85016,40.60996],[-73.85044,40.60998],[-73.8504,40.60972],[-73.85079,40.60951],[-73.85187,40.60963],[-73.85194,40.60951],[-73.8518,40.60955],[-73.85192,40.60943],[-73.852,40.60951],[-73.85211,40.60944],[-73.85213,40.60952],[-73.85228,40.60951],[-73.8523,40.60924],[-73.85251,40.60907],[-73.8528,40.60904],[-73.85305,40.60916],[-73.85315,40.60913],[-73.85313,40.60902],[-73.85305,40.60901],[-73.85311,40.6089],[-73.85303,40.60883],[-73.85305,40.60867],[-73.85283,40.60849],[-73.85299,40.60816],[-73.85328,40.60811],[-73.85371,40.60822],[-73.85428,40.60795],[-73.85419,40.60783],[-73.85393,40.60779],[-73.85339,40.6079],[-73.85324,40.60767]]],[[[-73.85122,40.60962],[-73.85156,40.61017],[-73.85146,40.61031],[-73.85119,40.60991],[-73.85126,40.60985],[-73.85093,40.60986],[-73.85093,40.60999],[-73.85081,40.60994],[-73.85083,40.60967],[-73.85053,40.60973],[-73.85065,40.6099],[-73.85052,40.61009],[-73.85017,40.61019],[-73.85015,40.61013],[-73.85001,40.61028],[-73.84948,40.61034],[-73.84961,40.61042],[-73.84958,40.61052],[-73.84969,40.61064],[-73.84955,40.61076],[-73.84959,40.61089],[-73.84977,40.61091],[-73.84987,40.61101],[-73.84958,40.61124],[-73.84953,40.61152],[-73.84968,40.61163],[-73.84961,40.61174],[-73.84983,40.61198],[-73.84973,40.61207],[-73.84973,40.61221],[-73.8502,40.61223],[-73.85047,40.61243],[-73.8507,40.61223],[-73.85071,40.61196],[-73.85095,40.61201],[-73.85105,40.61163],[-73.85117,40.61163],[-73.85126,40.61181],[-73.85141,40.61179],[-73.85146,40.61165],[-73.8518,40.61156],[-73.85174,40.61144],[-73.85189,40.61126],[-73.85246,40.61108],[-73.85362,40.6112],[-73.85356,40.61103],[-73.85326,40.61096],[-73.85305,40.61107],[-73.85291,40.61097],[-73.8529,40.61111],[-73.85278,40.6111],[-73.85219,40.61081],[-73.85199,40.6105],[-73.852,40.61067],[-73.8519,40.61069],[-73.85177,40.61053],[-73.85188,40.61048],[-73.85187,40.6103],[-73.8514,40.60968],[-73.85122,40.60962]]],[[[-73.85378,40.60908],[-73.85341,40.60914],[-73.85328,40.60909],[-73.85324,40.60915],[-73.85404,40.60977],[-73.85424,40.60984],[-73.8544,40.6098],[-73.85443,40.60967],[-73.85429,40.60948],[-73.85378,40.60908]]],[[[-73.85633,40.60921],[-73.85598,40.60947],[-73.85522,40.60957],[-73.85514,40.60971],[-73.85551,40.60995],[-73.85545,40.61027],[-73.8553,40.61041],[-73.85559,40.61059],[-73.85569,40.6108],[-73.85603,40.61096],[-73.85621,40.61114],[-73.85645,40.61107],[-73.85663,40.61116],[-73.8568,40.61102],[-73.85669,40.61088],[-73.8567,40.61073],[-73.85642,40.61036],[-73.85642,40.61015],[-73.85618,40.60999],[-73.85607,40.60979],[-73.85609,40.60967],[-73.85625,40.6096],[-73.85619,40.60956],[-73.85629,40.60952],[-73.85627,40.6094],[-73.85644,40.60933],[-73.85633,40.60921]]],[[[-73.85105,40.61242],[-73.85101,40.61249],[-73.85122,40.61271],[-73.85121,40.61258],[-73.85105,40.61242]]],[[[-73.85532,40.61406],[-73.85522,40.6141],[-73.85556,40.61426],[-73.85532,40.61406]]],[[[-73.85518,40.6143],[-73.8551,40.61441],[-73.85522,40.61452],[-73.8553,40.6148],[-73.85564,40.61488],[-73.85578,40.61511],[-73.85621,40.61491],[-73.85588,40.61478],[-73.8558,40.61466],[-73.85558,40.61473],[-73.85537,40.61469],[-73.8553,40.61451],[-73.85546,40.61444],[-73.85518,40.6143]]],[[[-73.87844,40.61531],[-73.87699,40.61533],[-73.87692,40.6154],[-73.87657,40.61537],[-73.87657,40.61549],[-73.87305,40.61568],[-73.87305,40.61576],[-73.87263,40.61586],[-73.87269,40.61594],[-73.87245,40.61602],[-73.87246,40.61612],[-73.87208,40.61619],[-73.87201,40.61631],[-73.87149,40.61641],[-73.87136,40.61651],[-73.8711,40.61647],[-73.87077,40.61668],[-73.86972,40.61699],[-73.86959,40.61714],[-73.86826,40.61733],[-73.86788,40.61755],[-73.86741,40.61756],[-73.867,40.6177],[-73.86628,40.61801],[-73.86607,40.61827],[-73.86575,40.61846],[-73.86545,40.61888],[-73.86514,40.61967],[-73.86497,40.61991],[-73.865,40.62012],[-73.86489,40.62032],[-73.86495,40.62072],[-73.86487,40.62113],[-73.86509,40.62165],[-73.86539,40.62196],[-73.86541,40.62212],[-73.86552,40.62223],[-73.86562,40.62223],[-73.86572,40.62244],[-73.86587,40.62251],[-73.86587,40.62262],[-73.86597,40.62257],[-73.86597,40.62271],[-73.86613,40.62288],[-73.86597,40.62298],[-73.86614,40.62338],[-73.86599,40.62349],[-73.8661,40.6235],[-73.86607,40.62362],[-73.86615,40.62363],[-73.86594,40.62397],[-73.86575,40.62404],[-73.86553,40.62396],[-73.86544,40.624],[-73.86545,40.62412],[-73.8657,40.62414],[-73.86552,40.62415],[-73.86547,40.62426],[-73.86544,40.62422],[-73.86542,40.62439],[-73.86557,40.62439],[-73.86582,40.62459],[-73.86535,40.62441],[-73.8653,40.62458],[-73.86537,40.62484],[-73.86525,40.62496],[-73.86541,40.62505],[-73.86551,40.62498],[-73.86567,40.62512],[-73.86537,40.62509],[-73.86555,40.62522],[-73.86538,40.62535],[-73.86532,40.62534],[-73.86537,40.6252],[-73.86514,40.62521],[-73.86518,40.62565],[-73.86514,40.62555],[-73.86485,40.62558],[-73.86486,40.62565],[-73.86502,40.62566],[-73.86482,40.62571],[-73.86478,40.62608],[-73.86484,40.62625],[-73.86505,40.6263],[-73.86473,40.62632],[-73.86467,40.62671],[-73.86473,40.62705],[-73.86566,40.62792],[-73.8648,40.62792],[-73.8646,40.62796],[-73.86453,40.62806],[-73.86561,40.62838],[-73.86617,40.62837],[-73.86692,40.62828],[-73.86769,40.62795],[-73.87016,40.62656],[-73.87124,40.62604],[-73.87279,40.62506],[-73.87449,40.62382],[-73.87566,40.62321],[-73.87615,40.62278],[-73.87644,40.62268],[-73.87668,40.62239],[-73.87798,40.62167],[-73.8786,40.62115],[-73.87913,40.62054],[-73.87967,40.61962],[-73.87984,40.61916],[-73.88005,40.61793],[-73.87991,40.61707],[-73.87939,40.61594],[-73.87941,40.61544],[-73.8795,40.61535],[-73.87844,40.61531]]],[[[-73.85948,40.61844],[-73.85958,40.61875],[-73.8597,40.61846],[-73.85964,40.61854],[-73.85948,40.61844]]],[[[-73.85918,40.61893],[-73.85891,40.61927],[-73.85869,40.61927],[-73.85858,40.61917],[-73.85862,40.61907],[-73.85856,40.61922],[-73.85875,40.6194],[-73.85895,40.61934],[-73.85926,40.61902],[-73.85918,40.61893]]],[[[-73.85662,40.61948],[-73.85618,40.61969],[-73.85573,40.61975],[-73.85534,40.61971],[-73.85526,40.61981],[-73.85496,40.61985],[-73.85488,40.61999],[-73.85463,40.61993],[-73.85457,40.61971],[-73.85436,40.61986],[-73.85385,40.6199],[-73.85329,40.62009],[-73.85239,40.62004],[-73.85225,40.62021],[-73.85202,40.62023],[-73.85186,40.62015],[-73.85169,40.62026],[-73.85132,40.62014],[-73.85133,40.62023],[-73.8511,40.62033],[-73.85082,40.62023],[-73.85073,40.62045],[-73.85054,40.62052],[-73.85067,40.62079],[-73.85044,40.62088],[-73.85019,40.62081],[-73.84997,40.62107],[-73.85009,40.62161],[-73.85012,40.62167],[-73.85018,40.62159],[-73.85031,40.62164],[-73.85035,40.62178],[-73.85042,40.62178],[-73.85083,40.62161],[-73.85096,40.62146],[-73.85135,40.6214],[-73.85141,40.62132],[-73.85137,40.62085],[-73.85165,40.62088],[-73.85192,40.6206],[-73.85218,40.62049],[-73.85243,40.62046],[-73.85278,40.62064],[-73.85304,40.62046],[-73.85343,40.62044],[-73.85359,40.62053],[-73.8537,40.6205],[-73.85371,40.62064],[-73.8539,40.62068],[-73.85389,40.62078],[-73.85402,40.62077],[-73.85408,40.621],[-73.85421,40.6211],[-73.85442,40.62097],[-73.85448,40.62101],[-73.85465,40.62084],[-73.85492,40.62115],[-73.85515,40.62124],[-73.85513,40.62131],[-73.85484,40.62139],[-73.8547,40.62109],[-73.8546,40.62108],[-73.85465,40.62174],[-73.85542,40.62169],[-73.85562,40.62185],[-73.85578,40.62187],[-73.85602,40.62161],[-73.85591,40.62155],[-73.85579,40.62118],[-73.85489,40.62068],[-73.85473,40.62053],[-73.85461,40.62021],[-73.85431,40.62008],[-73.85456,40.61998],[-73.85497,40.62046],[-73.85567,40.62093],[-73.85555,40.62043],[-73.85496,40.62021],[-73.85493,40.62016],[-73.85503,40.62012],[-73.85499,40.61998],[-73.85559,40.62034],[-73.85641,40.62035],[-73.85672,40.6205],[-73.85688,40.62073],[-73.85707,40.62066],[-73.85721,40.62083],[-73.85719,40.62062],[-73.85735,40.62068],[-73.85752,40.62051],[-73.85741,40.62038],[-73.85746,40.62028],[-73.85735,40.62023],[-73.85722,40.62046],[-73.85708,40.62045],[-73.85699,40.62034],[-73.85687,40.62044],[-73.85678,40.62041],[-73.8567,40.62013],[-73.85705,40.62014],[-73.85719,40.62028],[-73.85739,40.62016],[-73.85672,40.61987],[-73.85663,40.61975],[-73.85662,40.61948]]],[[[-73.83581,40.62047],[-73.83516,40.62048],[-73.83509,40.62056],[-73.83564,40.62086],[-73.83575,40.62064],[-73.83585,40.6206],[-73.83581,40.62047]]],[[[-73.84943,40.62136],[-73.84882,40.62146],[-73.84871,40.6216],[-73.84882,40.62184],[-73.8487,40.62184],[-73.84853,40.62219],[-73.84838,40.62221],[-73.84835,40.62229],[-73.8489,40.62255],[-73.84941,40.62253],[-73.84969,40.62293],[-73.84969,40.62316],[-73.85013,40.62321],[-73.8504,40.62337],[-73.85115,40.62331],[-73.85134,40.62351],[-73.85206,40.62347],[-73.85189,40.62321],[-73.85225,40.62318],[-73.85205,40.62306],[-73.85235,40.62299],[-73.8518,40.62245],[-73.85131,40.62181],[-73.85092,40.62208],[-73.85065,40.62217],[-73.85039,40.62204],[-73.85027,40.62215],[-73.85001,40.62215],[-73.85025,40.62228],[-73.85035,40.62278],[-73.85026,40.62281],[-73.85018,40.62247],[-73.84994,40.62254],[-73.84964,40.62237],[-73.84965,40.62215],[-73.85014,40.62201],[-73.8497,40.62147],[-73.84943,40.62136]]],[[[-73.8445,40.62261],[-73.84429,40.62278],[-73.84397,40.62273],[-73.84368,40.62282],[-73.8437,40.62296],[-73.84358,40.62311],[-73.84277,40.62343],[-73.843,40.62347],[-73.84396,40.62413],[-73.84383,40.62438],[-73.84395,40.62442],[-73.84434,40.62443],[-73.84418,40.6241],[-73.84448,40.6241],[-73.84454,40.62402],[-73.844,40.62379],[-73.84402,40.62373],[-73.8442,40.62372],[-73.84442,40.62385],[-73.8445,40.62375],[-73.8447,40.62372],[-73.84521,40.62403],[-73.84548,40.624],[-73.84556,40.62395],[-73.84556,40.62382],[-73.84532,40.62366],[-73.84521,40.62336],[-73.84532,40.62311],[-73.84515,40.62315],[-73.84507,40.6231],[-73.84513,40.62296],[-73.84476,40.62294],[-73.84454,40.62275],[-73.8445,40.62261]]],[[[-73.845,40.62402],[-73.84492,40.62406],[-73.84492,40.62463],[-73.84481,40.62483],[-73.84495,40.62524],[-73.84518,40.62506],[-73.84499,40.62504],[-73.84489,40.62488],[-73.84531,40.62476],[-73.84542,40.62485],[-73.84581,40.62495],[-73.84536,40.62498],[-73.84537,40.62504],[-73.84574,40.62503],[-73.8461,40.62524],[-73.84605,40.62492],[-73.84617,40.62485],[-73.84604,40.62478],[-73.84597,40.6246],[-73.84519,40.62433],[-73.84499,40.62413],[-73.84507,40.62405],[-73.845,40.62402]]],[[[-73.85024,40.62342],[-73.85019,40.62354],[-73.85035,40.62376],[-73.85056,40.62389],[-73.85079,40.62378],[-73.85082,40.6237],[-73.85073,40.62356],[-73.85024,40.62342]]],[[[-73.84972,40.6222],[-73.84976,40.62234],[-73.85003,40.62244],[-73.84995,40.62231],[-73.84972,40.6222]]],[[[-73.85008,40.62225],[-73.85003,40.62228],[-73.85012,40.62238],[-73.85017,40.62231],[-73.85008,40.62225]]],[[[-73.85176,40.62138],[-73.85165,40.62149],[-73.8521,40.62208],[-73.85234,40.62224],[-73.8527,40.6221],[-73.85291,40.62182],[-73.85283,40.62171],[-73.85269,40.62194],[-73.85249,40.62201],[-73.85176,40.62138]]],[[[-73.85521,40.62179],[-73.85501,40.62187],[-73.85505,40.62205],[-73.85526,40.62221],[-73.85561,40.62212],[-73.85548,40.62192],[-73.85521,40.62179]]],[[[-73.85575,40.62037],[-73.85564,40.62041],[-73.85566,40.6205],[-73.85625,40.62117],[-73.85643,40.62122],[-73.85629,40.62125],[-73.85647,40.62138],[-73.85641,40.62143],[-73.85663,40.62161],[-73.85676,40.62161],[-73.85676,40.62134],[-73.85658,40.62114],[-73.85684,40.62122],[-73.85696,40.62112],[-73.85688,40.62091],[-73.85665,40.6209],[-73.85662,40.62057],[-73.85575,40.62037]]],[[[-73.85582,40.62075],[-73.85578,40.62079],[-73.85593,40.62105],[-73.85607,40.62119],[-73.8562,40.62121],[-73.85582,40.62075]]],[[[-73.85607,40.62126],[-73.85602,40.62137],[-73.85618,40.62158],[-73.85574,40.62202],[-73.85576,40.62218],[-73.85614,40.62174],[-73.85638,40.6216],[-73.85625,40.62136],[-73.85607,40.62126]]],[[[-73.85696,40.62076],[-73.85692,40.6209],[-73.85708,40.62121],[-73.85715,40.62106],[-73.85696,40.62076]]],[[[-73.85837,40.62085],[-73.85833,40.62093],[-73.85855,40.62097],[-73.85837,40.62085]]],[[[-73.86062,40.62157],[-73.86037,40.62165],[-73.86094,40.62182],[-73.8609,40.62172],[-73.86062,40.62157]]],[[[-73.86076,40.62249],[-73.8607,40.62252],[-73.86075,40.62285],[-73.86062,40.62316],[-73.86067,40.6232],[-73.8609,40.62279],[-73.86088,40.62259],[-73.86076,40.62249]]],[[[-73.86299,40.62316],[-73.86291,40.6232],[-73.86302,40.6233],[-73.86279,40.62336],[-73.86254,40.62386],[-73.86271,40.62402],[-73.86285,40.624],[-73.86284,40.62391],[-73.86295,40.62386],[-73.86299,40.62399],[-73.86331,40.6241],[-73.86332,40.62395],[-73.86323,40.62385],[-73.86339,40.62386],[-73.86341,40.62398],[-73.86356,40.62391],[-73.86346,40.62379],[-73.86354,40.62364],[-73.86333,40.62343],[-73.86326,40.62346],[-73.86324,40.62359],[-73.86302,40.62358],[-73.86322,40.62333],[-73.86299,40.62316]]],[[[-73.85184,40.62349],[-73.85175,40.62366],[-73.85193,40.6236],[-73.85184,40.62349]]],[[[-73.85164,40.62352],[-73.85162,40.62356],[-73.8517,40.62361],[-73.85164,40.62352]]],[[[-73.8513,40.62359],[-73.85118,40.62372],[-73.85143,40.62362],[-73.8513,40.62359]]],[[[-73.86225,40.6238],[-73.86207,40.6239],[-73.86207,40.62419],[-73.86196,40.62427],[-73.8619,40.62443],[-73.86209,40.62441],[-73.86253,40.62415],[-73.86248,40.62399],[-73.86225,40.6238]]],[[[-73.86174,40.62432],[-73.86146,40.6245],[-73.86173,40.6245],[-73.86179,40.62446],[-73.86174,40.62432]]],[[[-73.86578,40.62359],[-73.86581,40.6238],[-73.86591,40.62382],[-73.86578,40.62359]]],[[[-73.85776,40.62491],[-73.8577,40.62498],[-73.85771,40.62541],[-73.85786,40.62549],[-73.85796,40.62518],[-73.85776,40.62491]]],[[[-73.84983,40.62501],[-73.84971,40.62518],[-73.84976,40.62549],[-73.85004,40.62551],[-73.85026,40.62564],[-73.85007,40.62537],[-73.84977,40.62524],[-73.84976,40.62517],[-73.84991,40.62509],[-73.84983,40.62501]]],[[[-73.84079,40.62563],[-73.84007,40.6266],[-73.84023,40.62676],[-73.84034,40.62652],[-73.84073,40.62656],[-73.84115,40.62686],[-73.84138,40.62718],[-73.84154,40.62718],[-73.84175,40.62754],[-73.84212,40.62755],[-73.84245,40.62769],[-73.84256,40.62784],[-73.84264,40.6278],[-73.84269,40.62768],[-73.84233,40.62721],[-73.8416,40.6268],[-73.84182,40.62651],[-73.84178,40.62633],[-73.8416,40.62618],[-73.84131,40.6261],[-73.84094,40.62582],[-73.84088,40.62564],[-73.84079,40.62563]]],[[[-73.84001,40.62674],[-73.83943,40.62697],[-73.83935,40.62719],[-73.83938,40.62739],[-73.83908,40.6277],[-73.83926,40.62766],[-73.83941,40.62745],[-73.83985,40.62756],[-73.84004,40.62748],[-73.84027,40.62762],[-73.8405,40.6276],[-73.84075,40.62772],[-73.84087,40.62791],[-73.84102,40.6279],[-73.84105,40.62772],[-73.84066,40.62733],[-73.84017,40.62704],[-73.84016,40.62683],[-73.84001,40.62674]]],[[[-73.85031,40.62534],[-73.85021,40.6254],[-73.8506,40.62564],[-73.8507,40.62586],[-73.851,40.62581],[-73.85101,40.6257],[-73.85061,40.6256],[-73.85031,40.62534]]],[[[-73.85034,40.62577],[-73.84994,40.62601],[-73.84976,40.62601],[-73.84968,40.62612],[-73.84981,40.62617],[-73.85015,40.62611],[-73.85038,40.62581],[-73.85034,40.62577]]],[[[-73.85481,40.62692],[-73.8548,40.627],[-73.85499,40.62709],[-73.85566,40.62734],[-73.8558,40.6273],[-73.85577,40.62721],[-73.85552,40.62708],[-73.85481,40.62692]]],[[[-73.84283,40.62811],[-73.84277,40.62825],[-73.84246,40.62818],[-73.84281,40.62849],[-73.84295,40.62851],[-73.84296,40.6283],[-73.84283,40.62811]]],[[[-73.84816,40.62854],[-73.84805,40.62901],[-73.84826,40.6288],[-73.84849,40.62876],[-73.84845,40.62864],[-73.84816,40.62854]]],[[[-73.85727,40.63027],[-73.85696,40.6304],[-73.85645,40.63036],[-73.85607,40.63059],[-73.85594,40.63055],[-73.85597,40.63042],[-73.85537,40.63063],[-73.85537,40.63092],[-73.85475,40.6313],[-73.85435,40.63169],[-73.85428,40.63226],[-73.8544,40.63245],[-73.85451,40.63245],[-73.85465,40.63227],[-73.85469,40.63164],[-73.85513,40.63189],[-73.85676,40.63188],[-73.85706,40.63212],[-73.8572,40.63187],[-73.85701,40.63146],[-73.85698,40.63101],[-73.85724,40.63087],[-73.85752,40.63042],[-73.85727,40.63027]]],[[[-73.85246,40.63033],[-73.85218,40.6304],[-73.85263,40.63053],[-73.85262,40.6304],[-73.85246,40.63033]]],[[[-73.84857,40.63034],[-73.84837,40.63037],[-73.84827,40.63052],[-73.84832,40.63062],[-73.84844,40.63069],[-73.8485,40.63056],[-73.84863,40.63066],[-73.84888,40.63052],[-73.84857,40.63047],[-73.84867,40.63041],[-73.84857,40.63034]]],[[[-73.85269,40.63057],[-73.85293,40.63073],[-73.85287,40.63062],[-73.85269,40.63057]]],[[[-73.84958,40.63143],[-73.8495,40.63148],[-73.84961,40.63177],[-73.84967,40.63173],[-73.84967,40.6315],[-73.84958,40.63143]]],[[[-73.84945,40.63227],[-73.84892,40.63243],[-73.84902,40.63244],[-73.84902,40.63259],[-73.84872,40.63278],[-73.84858,40.6328],[-73.84837,40.63268],[-73.84806,40.63282],[-73.84796,40.63303],[-73.84806,40.6332],[-73.84775,40.63355],[-73.84784,40.63432],[-73.84752,40.63454],[-73.84789,40.63461],[-73.84782,40.63484],[-73.84762,40.63494],[-73.84786,40.63505],[-73.84784,40.63539],[-73.84768,40.63553],[-73.84778,40.63557],[-73.84775,40.63576],[-73.84787,40.63597],[-73.84794,40.63657],[-73.84774,40.63673],[-73.84738,40.63664],[-73.8471,40.63607],[-73.84694,40.63602],[-73.84709,40.63629],[-73.8469,40.63661],[-73.84622,40.63701],[-73.84633,40.63714],[-73.84632,40.63766],[-73.84652,40.63784],[-73.84666,40.63784],[-73.84668,40.63797],[-73.84637,40.63845],[-73.84554,40.63878],[-73.84502,40.63891],[-73.84449,40.63891],[-73.84388,40.63857],[-73.84366,40.63813],[-73.84365,40.63843],[-73.84402,40.63891],[-73.84426,40.63906],[-73.84495,40.63924],[-73.84551,40.6392],[-73.84613,40.63903],[-73.8471,40.63843],[-73.84791,40.63763],[-73.84812,40.63716],[-73.84811,40.63656],[-73.84793,40.63558],[-73.84807,40.63539],[-73.84798,40.63515],[-73.84806,40.63511],[-73.84814,40.63525],[-73.84812,40.63494],[-73.8482,40.63491],[-73.84802,40.63479],[-73.84838,40.63482],[-73.84859,40.63469],[-73.84895,40.63473],[-73.84909,40.63466],[-73.84905,40.63446],[-73.84917,40.63432],[-73.84942,40.63421],[-73.84939,40.63409],[-73.84892,40.63383],[-73.8488,40.63363],[-73.84896,40.63349],[-73.84942,40.63352],[-73.84956,40.63339],[-73.84954,40.63318],[-73.84944,40.63306],[-73.84958,40.63294],[-73.84956,40.63278],[-73.84968,40.63248],[-73.84945,40.63227]]],[[[-73.84453,40.6365],[-73.84436,40.63656],[-73.84449,40.63669],[-73.84452,40.63661],[-73.84469,40.63658],[-73.84453,40.6365]]],[[[-73.8541,40.63235],[-73.85383,40.63262],[-73.85366,40.6326],[-73.85364,40.63269],[-73.85397,40.63284],[-73.85426,40.63268],[-73.85428,40.63257],[-73.85407,40.63257],[-73.85423,40.63245],[-73.8541,40.63235]]],[[[-73.85355,40.63279],[-73.8533,40.63284],[-73.85308,40.63302],[-73.85297,40.63298],[-73.853,40.63293],[-73.8529,40.63295],[-73.85292,40.63303],[-73.85306,40.63305],[-73.85286,40.63311],[-73.85278,40.63332],[-73.85267,40.6332],[-73.85267,40.6333],[-73.85283,40.63344],[-73.85312,40.63349],[-73.85319,40.63343],[-73.8534,40.63365],[-73.85402,40.63336],[-73.85423,40.63351],[-73.85439,40.63343],[-73.85439,40.6331],[-73.85423,40.63304],[-73.85397,40.63312],[-73.85355,40.63279]]],[[[-73.85762,40.63182],[-73.85734,40.63186],[-73.8575,40.63232],[-73.85705,40.63278],[-73.85705,40.63299],[-73.85714,40.63304],[-73.85746,40.63303],[-73.85782,40.63278],[-73.85807,40.6323],[-73.85799,40.63209],[-73.85762,40.63182]]]]},"properties":{"waterbodyId":33,"name":"Jamaica Bay (Brooklyn)"}},{"type":"Feature","geometry":{"type":"Polygon","coordinates":[[[-73.79181,40.78935],[-73.7917,40.78944],[-73.79245,40.79024],[-73.79321,40.79132],[-73.79373,40.79348],[-73.79366,40.80153],[-73.79371,40.80398],[-73.79391,40.80398],[-73.79392,40.80452],[-73.79345,40.80422],[-73.79286,40.80419],[-73.79224,40.804],[-73.79202,40.80413],[-73.79102,40.80429],[-73.7904,40.80471],[-73.79017,40.80506],[-73.79007,40.80549],[-73.79015,40.80594],[-73.79071,40.80659],[-73.79078,40.8072],[-73.79092,40.80738],[-73.79151,40.80751],[-73.79156,40.80741],[-73.79127,40.8072],[-73.79141,40.807],[-73.79169,40.80688],[-73.79234,40.80687],[-73.79833,40.80953],[-73.79874,40.80964],[-73.79994,40.80969],[-73.80075,40.80994],[-73.80127,40.81036],[-73.80119,40.81056],[-73.80136,40.81068],[-73.80149,40.81067],[-73.80196,40.81029],[-73.80232,40.81034],[-73.80278,40.81068],[-73.80331,40.81157],[-73.80366,40.81197],[-73.80388,40.81216],[-73.80439,40.81224],[-73.80472,40.81267],[-73.80505,40.81292],[-73.80518,40.81315],[-73.80511,40.81371],[-73.80531,40.81476],[-73.80573,40.81525],[-73.80659,40.81562],[-73.80695,40.81622],[-73.80705,40.81654],[-73.80661,40.81667],[-73.80642,40.81653],[-73.80629,40.81628],[-73.80596,40.81605],[-73.80509,40.81563],[-73.80468,40.8152],[-73.80435,40.81463],[-73.80418,40.8146],[-73.80349,40.81397],[-73.80322,40.8136],[-73.8032,40.81344],[-73.80326,40.81319],[-73.80342,40.8131],[-73.80367,40.81257],[-73.80359,40.81252],[-73.8035,40.81258],[-73.8032,40.81246],[-73.80268,40.81248],[-73.80219,40.81278],[-73.80146,40.81295],[-73.80099,40.81372],[-73.8001,40.81403],[-73.80008,40.81426],[-73.79888,40.81535],[-73.79813,40.81572],[-73.7978,40.81557],[-73.79768,40.81569],[-73.79809,40.81605],[-73.79806,40.81673],[-73.79811,40.81682],[-73.80022,40.81753],[-73.80056,40.81773],[-73.80059,40.81794],[-73.80071,40.81805],[-73.80189,40.81837],[-73.80208,40.81856],[-73.8023,40.81849],[-73.80252,40.81853],[-73.80268,40.81825],[-73.80359,40.81832],[-73.80399,40.81855],[-73.80484,40.81937],[-73.8051,40.81953],[-73.80561,40.82008],[-73.80573,40.82033],[-73.80577,40.8207],[-73.80559,40.82086],[-73.80587,40.82095],[-73.80593,40.8211],[-73.80579,40.8212],[-73.80592,40.82136],[-73.80578,40.82141],[-73.8058,40.82155],[-73.80563,40.82158],[-73.80576,40.8216],[-73.80588,40.8219],[-73.80572,40.82211],[-73.80595,40.82206],[-73.80598,40.82214],[-73.80583,40.8222],[-73.80597,40.82222],[-73.80623,40.82258],[-73.80621,40.82279],[-73.80595,40.82292],[-73.80635,40.82287],[-73.80651,40.82319],[-73.80621,40.82333],[-73.80664,40.82331],[-73.80675,40.82356],[-73.80674,40.8237],[-73.80647,40.82379],[-73.80674,40.82381],[-73.8068,40.82395],[-73.80676,40.82413],[-73.80652,40.82421],[-73.80674,40.82428],[-73.80679,40.82441],[-73.80675,40.82453],[-73.80658,40.82461],[-73.80674,40.82468],[-73.80684,40.82505],[-73.807,40.82529],[-73.80699,40.82542],[-73.80712,40.82543],[-73.80766,40.82585],[-73.80765,40.82591],[-73.80781,40.82578],[-73.80808,40.82584],[-73.80044,40.84776],[-73.80049,40.84778],[-73.80049,40.8481],[-73.80029,40.8482],[-73.80015,40.84837],[-73.80012,40.8486],[-73.79992,40.84883],[-73.79993,40.84916],[-73.79981,40.84952],[-73.79963,40.84983],[-73.79925,40.85024],[-73.79875,40.85047],[-73.79869,40.85064],[-73.79837,40.85077],[-73.79818,40.85149],[-73.798,40.85159],[-73.79806,40.85188],[-73.79781,40.85196],[-73.79797,40.85208],[-73.79795,40.8524],[-73.79819,40.85296],[-73.79831,40.85304],[-73.7987,40.85302],[-73.7988,40.85308],[-73.79915,40.85358],[-73.7992,40.85393],[-73.79858,40.85509],[-73.79828,40.85482],[-73.798,40.85483],[-73.79764,40.85554],[-73.79694,40.85623],[-73.79636,40.85644],[-73.795,40.85669],[-73.79447,40.85647],[-73.79436,40.85653],[-73.79429,40.85675],[-73.79443,40.85678],[-73.79471,40.85708],[-73.79511,40.8577],[-73.79509,40.85816],[-73.79486,40.85879],[-73.79446,40.85935],[-73.79411,40.86006],[-73.79355,40.86057],[-73.79303,40.86082],[-73.79187,40.86119],[-73.79185,40.86134],[-73.79192,40.86138],[-73.79158,40.86223],[-73.79169,40.8622],[-73.79183,40.86188],[-73.79217,40.86169],[-73.79266,40.86181],[-73.793,40.86212],[-73.79355,40.86348],[-73.7937,40.86436],[-73.79365,40.86489],[-73.79329,40.8652],[-73.79318,40.86544],[-73.79299,40.86542],[-73.79286,40.86571],[-73.79266,40.86584],[-73.79185,40.86748],[-73.79128,40.86829],[-73.7906,40.86895],[-73.78942,40.86969],[-73.78881,40.86988],[-73.78746,40.87005],[-73.78694,40.87001],[-73.78604,40.8698],[-73.78554,40.8696],[-73.78528,40.86938],[-73.78567,40.86841],[-73.78562,40.86836],[-73.78493,40.86984],[-73.78464,40.87],[-73.78434,40.86996],[-73.78402,40.87048],[-73.78373,40.87059],[-73.78345,40.87057],[-73.78327,40.87088],[-73.7833,40.87096],[-73.78345,40.87091],[-73.7835,40.87099],[-73.78338,40.87101],[-73.78338,40.87117],[-73.78326,40.87122],[-73.78335,40.87129],[-73.78321,40.87146],[-73.78315,40.87199],[-73.78412,40.87256],[-73.78424,40.87276],[-73.78402,40.87313],[-73.78376,40.8731],[-73.78338,40.87329],[-73.7834,40.87348],[-73.78355,40.87372],[-73.78401,40.87359],[-73.78429,40.87301],[-73.7843,40.87278],[-73.78443,40.87256],[-73.78455,40.87261],[-73.78478,40.8724],[-73.78499,40.87166],[-73.78512,40.87153],[-73.78542,40.87155],[-73.7857,40.87202],[-73.78564,40.87216],[-73.78567,40.87267],[-73.78518,40.87327],[-73.78507,40.87353],[-73.78519,40.87357],[-73.78533,40.87351],[-73.7855,40.87308],[-73.78569,40.8728],[-73.78584,40.8728],[-73.786,40.87248],[-73.78627,40.87238],[-73.78669,40.87253],[-73.78673,40.87246],[-73.78633,40.87228],[-73.78697,40.8714],[-73.78768,40.87089],[-73.78812,40.8709],[-73.78822,40.87074],[-73.78837,40.87083],[-73.78831,40.87135],[-73.7884,40.87158],[-73.78801,40.87166],[-73.78754,40.87202],[-73.78746,40.87231],[-73.78723,40.8726],[-73.78684,40.87249],[-73.78679,40.87256],[-73.78721,40.8727],[-73.7872,40.87367],[-73.78707,40.87369],[-73.78715,40.87387],[-73.78704,40.8739],[-73.78703,40.87402],[-73.78669,40.87407],[-73.78666,40.87423],[-73.78673,40.87428],[-73.78654,40.87441],[-73.78641,40.87444],[-73.78616,40.87434],[-73.78648,40.87456],[-73.78601,40.87515],[-73.78596,40.87543],[-73.78588,40.87553],[-73.78576,40.87546],[-73.78539,40.87552],[-73.78553,40.87572],[-73.78528,40.87588],[-73.7852,40.87579],[-73.78524,40.87593],[-73.78514,40.87601],[-73.78518,40.87604],[-73.78495,40.87613],[-73.78487,40.87632],[-73.78489,40.87665],[-73.78521,40.87687],[-73.78513,40.87702],[-73.78502,40.87687],[-73.78526,40.87732],[-73.78556,40.87743],[-73.7853,40.87742],[-73.78487,40.87689],[-73.78476,40.87689],[-73.7845,40.87712],[-73.78435,40.87742],[-73.78423,40.87777],[-73.78439,40.87794],[-73.78423,40.8781],[-73.78432,40.87813],[-73.78433,40.87805],[-73.78463,40.87813],[-73.78436,40.87827],[-73.7845,40.87831],[-73.78447,40.87838],[-73.78457,40.87848],[-73.78473,40.87845],[-73.78491,40.87829],[-73.78475,40.87819],[-73.78476,40.87811],[-73.78501,40.8781],[-73.78488,40.87842],[-73.78491,40.87856],[-73.78527,40.87856],[-73.78541,40.8787],[-73.78614,40.879],[-73.78853,40.87882],[-73.78902,40.87891],[-73.78935,40.87886],[-73.78963,40.87898],[-73.78992,40.8792],[-73.79013,40.87952],[-73.79004,40.87977],[-73.78979,40.87985],[-73.78953,40.87982],[-73.7892,40.88014],[-73.78947,40.88058],[-73.78931,40.88085],[-73.78933,40.88103],[-73.78954,40.88113],[-73.79005,40.88108],[-73.7908,40.88077],[-73.79083,40.8807],[-73.79059,40.88039],[-73.79076,40.88013],[-73.79089,40.88005],[-73.79158,40.88007],[-73.792,40.87979],[-73.79215,40.87958],[-73.79266,40.87963],[-73.79287,40.87954],[-73.793,40.87941],[-73.79323,40.87881],[-73.79371,40.87872],[-73.79405,40.87833],[-73.79419,40.87798],[-73.79438,40.87782],[-73.79447,40.87762],[-73.79416,40.87746],[-73.79357,40.87734],[-73.79312,40.8771],[-73.79309,40.87701],[-73.79353,40.87689],[-73.79369,40.87675],[-73.79365,40.87644],[-73.79349,40.87622],[-73.79369,40.87597],[-73.7939,40.87448],[-73.79408,40.87409],[-73.79437,40.8737],[-73.79454,40.87327],[-73.79465,40.87315],[-73.79531,40.87289],[-73.79613,40.87287],[-73.79631,40.87271],[-73.79673,40.87265],[-73.79697,40.87245],[-73.79743,40.8724],[-73.79819,40.87174],[-73.7991,40.87054],[-73.7992,40.87018],[-73.79964,40.86966],[-73.80002,40.86893],[-73.80071,40.86819],[-73.80082,40.86791],[-73.80175,40.86646],[-73.80181,40.86611],[-73.80191,40.86599],[-73.80188,40.8659],[-73.80203,40.86583],[-73.80206,40.8657],[-73.80231,40.86571],[-73.80239,40.86559],[-73.80293,40.86584],[-73.80301,40.86619],[-73.80292,40.86648],[-73.80293,40.86707],[-73.8032,40.8672],[-73.80364,40.86725],[-73.8036,40.8673],[-73.80385,40.86743],[-73.80433,40.86695],[-73.80437,40.86715],[-73.80461,40.86733],[-73.80468,40.86793],[-73.80489,40.86831],[-73.80514,40.8683],[-73.80528,40.86838],[-73.80541,40.86828],[-73.80554,40.86837],[-73.80626,40.86847],[-73.80653,40.86866],[-73.80658,40.86875],[-73.80646,40.8689],[-73.80662,40.86899],[-73.80668,40.86914],[-73.80665,40.86951],[-73.80672,40.86977],[-73.80702,40.87003],[-73.80756,40.86997],[-73.80772,40.86983],[-73.80744,40.8701],[-73.80676,40.87018],[-73.80644,40.8701],[-73.80631,40.86991],[-73.80572,40.86953],[-73.80568,40.86932],[-73.80605,40.86913],[-73.80595,40.86896],[-73.80552,40.86886],[-73.8054,40.86875],[-73.8053,40.86881],[-73.8054,40.86893],[-73.80519,40.86912],[-73.80496,40.86907],[-73.8049,40.86891],[-73.80454,40.86885],[-73.8045,40.86871],[-73.80445,40.86877],[-73.80425,40.86871],[-73.80407,40.86877],[-73.80396,40.86901],[-73.80362,40.86881],[-73.80339,40.86896],[-73.80308,40.86879],[-73.8028,40.86889],[-73.80265,40.8692],[-73.80268,40.86932],[-73.8026,40.86935],[-73.80269,40.8694],[-73.80273,40.86974],[-73.80264,40.87014],[-73.80229,40.87039],[-73.80209,40.87039],[-73.80214,40.87053],[-73.80203,40.87057],[-73.80215,40.87074],[-73.80208,40.87084],[-73.80191,40.87086],[-73.80196,40.87095],[-73.80179,40.87108],[-73.80119,40.87142],[-73.80097,40.87142],[-73.80078,40.87152],[-73.80046,40.87228],[-73.80048,40.87254],[-73.79976,40.87348],[-73.79973,40.87385],[-73.7996,40.87407],[-73.79916,40.87446],[-73.79888,40.87458],[-73.79856,40.87431],[-73.7984,40.87446],[-73.79809,40.87447],[-73.79798,40.87454],[-73.79783,40.87478],[-73.79786,40.8749],[-73.79756,40.87512],[-73.79757,40.87521],[-73.79718,40.87572],[-73.79721,40.876],[-73.79703,40.87623],[-73.79708,40.87659],[-73.79687,40.87662],[-73.79638,40.87697],[-73.79593,40.87757],[-73.7957,40.87827],[-73.79553,40.87843],[-73.79549,40.87892],[-73.79522,40.87931],[-73.79515,40.87968],[-73.79531,40.88025],[-73.79566,40.88053],[-73.79567,40.88098],[-73.79501,40.88059],[-73.79472,40.88076],[-73.79469,40.88096],[-73.79455,40.88104],[-73.7945,40.88129],[-73.79372,40.88195],[-73.79366,40.88212],[-73.79368,40.8824],[-73.79349,40.8827],[-73.79327,40.88271],[-73.79309,40.88313],[-73.79317,40.88317],[-73.793,40.88337],[-73.7571,40.87352],[-73.75341,40.83809],[-73.75368,40.8379],[-73.75387,40.83756],[-73.75379,40.8369],[-73.7539,40.836],[-73.75406,40.83582],[-73.754,40.83538],[-73.7551,40.83457],[-73.75651,40.83392],[-73.75683,40.83365],[-73.75684,40.83282],[-73.75663,40.83174],[-73.75666,40.83027],[-73.75655,40.83004],[-73.75465,40.82838],[-73.75481,40.82824],[-73.75447,40.82801],[-73.7543,40.82807],[-73.75403,40.82796],[-73.75373,40.82763],[-73.75361,40.82732],[-73.75355,40.82663],[-73.75366,40.82549],[-73.75351,40.82523],[-73.75282,40.82476],[-73.75268,40.82453],[-73.75256,40.82399],[-73.75267,40.82343],[-73.75308,40.82244],[-73.75307,40.8221],[-73.7532,40.82166],[-73.75404,40.82027],[-73.75488,40.81933],[-73.75709,40.81749],[-73.75767,40.8172],[-73.75866,40.81702],[-73.76149,40.81696],[-73.76178,40.81683],[-73.7627,40.81579],[-73.76316,40.81508],[-73.76401,40.81428],[-73.76411,40.81421],[-73.76428,40.81427],[-73.76436,40.81415],[-73.76465,40.81415],[-73.76478,40.81404],[-73.76433,40.81398],[-73.76488,40.81334],[-73.76517,40.81344],[-73.76554,40.81332],[-73.76566,40.81243],[-73.7792,40.79668],[-73.77943,40.79668],[-73.77975,40.79634],[-73.78038,40.79619],[-73.78158,40.79575],[-73.78174,40.79561],[-73.78181,40.79513],[-73.78194,40.795],[-73.78309,40.79501],[-73.78326,40.79492],[-73.78331,40.79476],[-73.7831,40.79492],[-73.7819,40.79491],[-73.78124,40.79463],[-73.78095,40.79436],[-73.78077,40.79395],[-73.78071,40.79346],[-73.78074,40.79334],[-73.78082,40.79336],[-73.78086,40.79326],[-73.78077,40.79309],[-73.78093,40.79212],[-73.78104,40.79176],[-73.78126,40.79147],[-73.78173,40.79118],[-73.78228,40.79139],[-73.78438,40.79175],[-73.78436,40.79167],[-73.78264,40.79133],[-73.78289,40.79104],[-73.78371,40.79071],[-73.78575,40.79038],[-73.78719,40.79033],[-73.78987,40.7904],[-73.79031,40.79031],[-73.79181,40.78935]],[[-73.78963,40.80456],[-73.78956,40.80465],[-73.78983,40.80465],[-73.78963,40.80456]],[[-73.75446,40.82684],[-73.75441,40.82693],[-73.75455,40.82695],[-73.75457,40.82686],[-73.75446,40.82684]],[[-73.78298,40.83633],[-73.78278,40.83636],[-73.78267,40.83653],[-73.78269,40.83683],[-73.78282,40.83695],[-73.78291,40.83733],[-73.78274,40.83751],[-73.78234,40.83735],[-73.78189,40.83766],[-73.78204,40.83802],[-73.78176,40.83822],[-73.78149,40.83861],[-73.78131,40.83933],[-73.78027,40.83952],[-73.78033,40.83966],[-73.78034,40.83954],[-73.7811,40.83942],[-73.78124,40.83967],[-73.78116,40.83978],[-73.78131,40.83976],[-73.78137,40.83983],[-73.78157,40.84038],[-73.78146,40.84051],[-73.7815,40.84063],[-73.78142,40.84073],[-73.78155,40.84081],[-73.78166,40.84114],[-73.78181,40.84127],[-73.78188,40.84174],[-73.78221,40.84166],[-73.78236,40.84198],[-73.78251,40.84195],[-73.7827,40.84232],[-73.78311,40.84275],[-73.78353,40.84373],[-73.78311,40.84386],[-73.78331,40.84411],[-73.78299,40.84418],[-73.78307,40.84438],[-73.78333,40.84433],[-73.78339,40.84444],[-73.78301,40.84472],[-73.78311,40.84497],[-73.78325,40.84506],[-73.78316,40.84552],[-73.78251,40.84568],[-73.78261,40.84596],[-73.78236,40.84601],[-73.7825,40.84643],[-73.78229,40.84646],[-73.78231,40.84655],[-73.78214,40.84659],[-73.78223,40.84688],[-73.78154,40.84731],[-73.78142,40.84752],[-73.78153,40.84798],[-73.78172,40.84802],[-73.78251,40.84792],[-73.78268,40.84816],[-73.78256,40.84829],[-73.78208,40.84848],[-73.78149,40.84859],[-73.78149,40.84872],[-73.78183,40.84898],[-73.78194,40.84894],[-73.78243,40.84934],[-73.78304,40.84907],[-73.78315,40.84922],[-73.7835,40.84919],[-73.78422,40.85008],[-73.78429,40.85025],[-73.78402,40.85049],[-73.78402,40.85058],[-73.78433,40.85077],[-73.78448,40.85076],[-73.78453,40.85103],[-73.78345,40.85141],[-73.78357,40.85158],[-73.78396,40.8515],[-73.784,40.8516],[-73.78436,40.8518],[-73.7855,40.85155],[-73.78546,40.85167],[-73.78566,40.8518],[-73.78588,40.85179],[-73.7864,40.85213],[-73.78683,40.85252],[-73.78678,40.85256],[-73.78693,40.85252],[-73.78722,40.85281],[-73.7873,40.85279],[-73.788,40.85352],[-73.78798,40.85375],[-73.78717,40.85399],[-73.78715,40.8541],[-73.78728,40.8542],[-73.78833,40.85411],[-73.7885,40.85444],[-73.78844,40.85475],[-73.78829,40.85483],[-73.78835,40.85505],[-73.7885,40.85506],[-73.78856,40.85515],[-73.78841,40.85519],[-73.78836,40.85564],[-73.78865,40.85631],[-73.78874,40.85628],[-73.78891,40.85661],[-73.78878,40.85672],[-73.78871,40.85706],[-73.78898,40.85846],[-73.78952,40.85857],[-73.78999,40.85851],[-73.79033,40.85802],[-73.79028,40.85796],[-73.79078,40.85776],[-73.79104,40.85743],[-73.79127,40.85733],[-73.79166,40.85739],[-73.79171,40.85719],[-73.79187,40.857],[-73.79167,40.85689],[-73.79208,40.85607],[-73.79231,40.85609],[-73.79251,40.85589],[-73.79249,40.85577],[-73.79204,40.85566],[-73.79119,40.85453],[-73.79109,40.85453],[-73.79184,40.85429],[-73.79184,40.85407],[-73.79162,40.85391],[-73.79108,40.85397],[-73.79129,40.85381],[-73.79111,40.85327],[-73.79085,40.85333],[-73.79076,40.85312],[-73.79048,40.85321],[-73.79041,40.85303],[-73.79144,40.85278],[-73.79114,40.85205],[-73.79016,40.85229],[-73.79008,40.85204],[-73.79023,40.852],[-73.79018,40.85168],[-73.79013,40.85162],[-73.78973,40.85171],[-73.78951,40.85131],[-73.79012,40.8512],[-73.79003,40.85079],[-73.78989,40.85055],[-73.79006,40.85045],[-73.79001,40.85028],[-73.78984,40.85031],[-73.78981,40.85021],[-73.78992,40.85015],[-73.78983,40.84987],[-73.78969,40.8499],[-73.78962,40.84981],[-73.78977,40.84975],[-73.78967,40.84938],[-73.78979,40.84925],[-73.78961,40.8489],[-73.78966,40.84885],[-73.78982,40.84898],[-73.78991,40.8493],[-73.78998,40.84932],[-73.79102,40.84881],[-73.79123,40.84856],[-73.79134,40.8483],[-73.79126,40.8476],[-73.79153,40.84754],[-73.79152,40.84748],[-73.79141,40.8475],[-73.79148,40.84698],[-73.79137,40.84697],[-73.79136,40.84689],[-73.79144,40.84687],[-73.79127,40.84656],[-73.79119,40.84657],[-73.79107,40.84636],[-73.79098,40.84637],[-73.7909,40.84625],[-73.79096,40.84624],[-73.79055,40.84565],[-73.79002,40.84494],[-73.78992,40.84497],[-73.78947,40.8443],[-73.78932,40.84398],[-73.78946,40.84395],[-73.78932,40.84369],[-73.7898,40.84359],[-73.78961,40.84313],[-73.78905,40.84325],[-73.78897,40.84317],[-73.7888,40.84297],[-73.78885,40.84294],[-73.78871,40.84267],[-73.78851,40.8424],[-73.78838,40.84243],[-73.78805,40.84187],[-73.788,40.84174],[-73.78824,40.84168],[-73.78827,40.84152],[-73.78783,40.84148],[-73.78761,40.8412],[-73.7876,40.84114],[-73.78786,40.84109],[-73.78779,40.8409],[-73.78758,40.84095],[-73.78736,40.8406],[-73.78763,40.84049],[-73.78738,40.83977],[-73.78729,40.83969],[-73.78667,40.83975],[-73.786,40.83929],[-73.78585,40.83895],[-73.78559,40.83895],[-73.78554,40.83886],[-73.78549,40.83845],[-73.78557,40.83793],[-73.78527,40.83777],[-73.78516,40.83747],[-73.78465,40.83728],[-73.78427,40.83678],[-73.784,40.83676],[-73.78337,40.83693],[-73.78314,40.83646],[-73.78298,40.83633]],[[-73.76673,40.84486],[-73.76666,40.84494],[-73.76677,40.84494],[-73.76673,40.84486]],[[-73.76899,40.84503],[-73.76845,40.84521],[-73.76798,40.84519],[-73.76785,40.84534],[-73.76941,40.84704],[-73.76972,40.84766],[-73.76959,40.84834],[-73.76915,40.84927],[-73.7691,40.84964],[-73.76867,40.85073],[-73.76935,40.85209],[-73.76945,40.85248],[-73.76944,40.85291],[-73.76905,40.8534],[-73.76855,40.85339],[-73.76808,40.85422],[-73.76764,40.85451],[-73.76679,40.85468],[-73.76608,40.85497],[-73.76544,40.85496],[-73.76521,40.85525],[-73.76542,40.85528],[-73.76831,40.85748],[-73.76845,40.85771],[-73.76838,40.85801],[-73.76844,40.85832],[-73.76967,40.85942],[-73.77045,40.85986],[-73.77104,40.86003],[-73.77136,40.86003],[-73.77229,40.85984],[-73.77239,40.85967],[-73.77205,40.85895],[-73.77211,40.85856],[-73.77203,40.85728],[-73.77195,40.85706],[-73.77199,40.85759],[-73.77169,40.85696],[-73.77169,40.8566],[-73.77185,40.85606],[-73.77172,40.85567],[-73.77156,40.85547],[-73.77177,40.85465],[-73.77238,40.85384],[-73.7722,40.8535],[-73.7723,40.8533],[-73.77227,40.85311],[-73.77212,40.85298],[-73.7718,40.85306],[-73.77167,40.85276],[-73.7718,40.85249],[-73.77237,40.85245],[-73.77245,40.85237],[-73.77247,40.85169],[-73.77209,40.85167],[-73.77196,40.85156],[-73.77087,40.84978],[-73.77115,40.84871],[-73.77118,40.84821],[-73.77128,40.84783],[-73.77148,40.84755],[-73.77146,40.84738],[-73.77125,40.84712],[-73.77061,40.84667],[-73.76979,40.84559],[-73.76931,40.84518],[-73.76899,40.84503]],[[-73.78092,40.8549],[-73.7807,40.85503],[-73.78076,40.8552],[-73.7807,40.85527],[-73.7808,40.85526],[-73.78087,40.8555],[-73.78108,40.85538],[-73.78105,40.85529],[-73.78113,40.85519],[-73.78104,40.85521],[-73.78094,40.85509],[-73.78101,40.85495],[-73.78092,40.8549]],[[-73.78524,40.8588],[-73.78516,40.85896],[-73.78473,40.85916],[-73.7846,40.85938],[-73.78459,40.85973],[-73.78442,40.85977],[-73.78437,40.86005],[-73.78448,40.86006],[-73.7846,40.8605],[-73.78491,40.86041],[-73.78505,40.86047],[-73.78517,40.86031],[-73.78682,40.86007],[-73.78695,40.85979],[-73.78711,40.8597],[-73.78698,40.85954],[-73.78742,40.85897],[-73.78709,40.85883],[-73.78658,40.85925],[-73.78598,40.85934],[-73.78573,40.85928],[-73.78566,40.85916],[-73.78558,40.85917],[-73.78553,40.85903],[-73.7854,40.85907],[-73.78535,40.85895],[-73.78526,40.859],[-73.78531,40.85887],[-73.78524,40.8588]],[[-73.77513,40.86136],[-73.77499,40.86142],[-73.77499,40.86153],[-73.77514,40.86149],[-73.77519,40.86138],[-73.77513,40.86136]],[[-73.77475,40.86187],[-73.77463,40.86193],[-73.77464,40.862],[-73.77482,40.86196],[-73.77475,40.86187]],[[-73.78313,40.86209],[-73.78303,40.8622],[-73.78313,40.86221],[-73.7832,40.86235],[-73.78313,40.86209]],[[-73.78301,40.86231],[-73.7829,40.86238],[-73.7829,40.86266],[-73.78299,40.8627],[-73.78303,40.86283],[-73.78318,40.86285],[-73.78325,40.86279],[-73.78315,40.86261],[-73.78322,40.86243],[-73.78301,40.86231]],[[-73.78402,40.86248],[-73.78375,40.86264],[-73.78367,40.86286],[-73.78413,40.86305],[-73.7844,40.86305],[-73.78453,40.86288],[-73.7845,40.86271],[-73.78469,40.86256],[-73.78446,40.8626],[-73.78402,40.86248]],[[-73.78367,40.86298],[-73.78355,40.86303],[-73.78355,40.86313],[-73.78386,40.86318],[-73.78383,40.86304],[-73.78367,40.86298]],[[-73.78409,40.86312],[-73.78409,40.86318],[-73.78427,40.8632],[-73.78409,40.86312]],[[-73.78307,40.87359],[-73.78306,40.87374],[-73.78313,40.87368],[-73.78307,40.87359]],[[-73.78561,40.87408],[-73.78554,40.87426],[-73.78565,40.87433],[-73.78578,40.87417],[-73.78561,40.87408]],[[-73.78229,40.87461],[-73.78217,40.87466],[-73.78223,40.87482],[-73.78198,40.87534],[-73.78219,40.87515],[-73.78244,40.87518],[-73.78264,40.87487],[-73.78254,40.87466],[-73.78229,40.87461]],[[-73.78546,40.87535],[-73.78541,40.87539],[-73.78543,40.87547],[-73.78546,40.87535]],[[-73.78139,40.87585],[-73.78128,40.87656],[-73.78141,40.87643],[-73.78134,40.87631],[-73.78139,40.87585]],[[-73.78174,40.8762],[-73.7817,40.87641],[-73.7821,40.87652],[-73.7822,40.87646],[-73.78202,40.87626],[-73.78178,40.87633],[-73.78174,40.8762]],[[-73.78387,40.87653],[-73.78362,40.87665],[-73.78355,40.87703],[-73.78343,40.87715],[-73.78342,40.87744],[-73.78351,40.87752],[-73.78364,40.87749],[-73.7839,40.87703],[-73.78413,40.87693],[-73.78387,40.87653]],[[-73.78525,40.87965],[-73.78519,40.87975],[-73.78504,40.87976],[-73.78502,40.87987],[-73.78539,40.88003],[-73.78554,40.87995],[-73.7856,40.87981],[-73.78531,40.87976],[-73.78525,40.87965]],[[-73.78406,40.87991],[-73.78402,40.88],[-73.78378,40.87998],[-73.78369,40.88006],[-73.78394,40.88043],[-73.78428,40.88031],[-73.78406,40.88007],[-73.78406,40.87991]],[[-73.7847,40.88023],[-73.78456,40.88034],[-73.78453,40.8806],[-73.78474,40.88047],[-73.78515,40.88068],[-73.78517,40.88044],[-73.78473,40.88039],[-73.7847,40.88023]],[[-73.8036,40.86802],[-73.80356,40.86804],[-73.80357,40.86809],[-73.8036,40.86802]],[[-73.80244,40.86845],[-73.80226,40.86869],[-73.80237,40.86893],[-73.80245,40.86878],[-73.80244,40.86845]],[[-73.80254,40.86955],[-73.8025,40.86958],[-73.80254,40.86962],[-73.80254,40.86955]]]},"properties":{"waterbodyId":34,"name":"Western Long Island Sound"}},{"type":"Feature","geometry":{"type":"Polygon","coordinates":[[[-73.81874,40.86246],[-73.81885,40.86257],[-73.81962,40.86288],[-73.82009,40.86323],[-73.81993,40.86426],[-73.81988,40.86527],[-73.82004,40.86663],[-73.82039,40.8678],[-73.82106,40.8684],[-73.82222,40.86908],[-73.82265,40.86942],[-73.82289,40.86941],[-73.82291,40.86955],[-73.82327,40.86974],[-73.82358,40.87008],[-73.82365,40.87072],[-73.82368,40.87163],[-73.82359,40.87225],[-73.82369,40.87244],[-73.82368,40.87288],[-73.82367,40.87342],[-73.82355,40.87371],[-73.82361,40.87381],[-73.82357,40.87471],[-73.82346,40.87511],[-73.82315,40.87562],[-73.82317,40.8758],[-73.82276,40.87657],[-73.82267,40.87712],[-73.82227,40.87783],[-73.8221,40.87835],[-73.82199,40.87844],[-73.8218,40.87841],[-73.82171,40.87859],[-73.82174,40.87905],[-73.82187,40.87918],[-73.82172,40.87923],[-73.82146,40.8799],[-73.8215,40.88022],[-73.8214,40.88033],[-73.82141,40.88046],[-73.82127,40.88053],[-73.82108,40.8811],[-73.82054,40.88324],[-73.82058,40.88338],[-73.82044,40.88419],[-73.82056,40.88519],[-73.82076,40.8857],[-73.82105,40.88611],[-73.82155,40.88668],[-73.82187,40.88693],[-73.82357,40.88725],[-73.82386,40.88747],[-73.82385,40.88759],[-73.82412,40.88779],[-73.82424,40.88778],[-73.82442,40.88808],[-73.82474,40.88834],[-73.82568,40.88873],[-73.82668,40.88927],[-73.82689,40.88907],[-73.82708,40.88911],[-73.82689,40.88959],[-73.82464,40.88868],[-73.82439,40.88888],[-73.82402,40.88996],[-73.8236,40.88984],[-73.82383,40.88931],[-73.824,40.88861],[-73.82384,40.88811],[-73.82372,40.88796],[-73.82314,40.88761],[-73.82245,40.88738],[-73.82081,40.88696],[-73.82077,40.88708],[-73.82051,40.88701],[-73.82031,40.88667],[-73.81997,40.88633],[-73.82007,40.88596],[-73.8199,40.88559],[-73.81976,40.8855],[-73.8197,40.88523],[-73.81955,40.88512],[-73.81932,40.88512],[-73.819,40.88534],[-73.81851,40.88539],[-73.81808,40.88528],[-73.81785,40.8851],[-73.81776,40.88465],[-73.8181,40.88431],[-73.81823,40.88404],[-73.81832,40.88409],[-73.8183,40.88417],[-73.8179,40.88473],[-73.81798,40.88507],[-73.81817,40.88519],[-73.81884,40.88526],[-73.8191,40.88517],[-73.8193,40.88502],[-73.81929,40.88477],[-73.81972,40.88456],[-73.81957,40.88396],[-73.81934,40.88354],[-73.81983,40.88275],[-73.81981,40.8826],[-73.81963,40.88253],[-73.81981,40.88217],[-73.81926,40.88211],[-73.81936,40.882],[-73.81973,40.88194],[-73.81986,40.88166],[-73.8195,40.88142],[-73.81914,40.88135],[-73.81945,40.88128],[-73.81972,40.88108],[-73.82005,40.88105],[-73.82016,40.8809],[-73.8203,40.88044],[-73.82019,40.88028],[-73.82018,40.88013],[-73.82034,40.87993],[-73.82003,40.87979],[-73.82039,40.87954],[-73.82035,40.87941],[-73.82016,40.87927],[-73.82017,40.87916],[-73.82,40.87907],[-73.82016,40.87894],[-73.82041,40.87924],[-73.82054,40.8792],[-73.82057,40.87897],[-73.82049,40.87888],[-73.82057,40.87854],[-73.82023,40.87815],[-73.82074,40.87792],[-73.82083,40.87771],[-73.82105,40.87757],[-73.82095,40.87735],[-73.82098,40.87707],[-73.8212,40.8767],[-73.82057,40.87598],[-73.82041,40.87599],[-73.82037,40.87612],[-73.8205,40.87628],[-73.82051,40.87675],[-73.82078,40.87723],[-73.82067,40.87724],[-73.82025,40.87685],[-73.82003,40.87683],[-73.82002,40.87656],[-73.81979,40.87634],[-73.82019,40.87576],[-73.82025,40.87544],[-73.82045,40.87528],[-73.8209,40.87514],[-73.82136,40.87531],[-73.82162,40.87514],[-73.8215,40.87489],[-73.82132,40.87479],[-73.82049,40.87475],[-73.82033,40.87486],[-73.82028,40.87462],[-73.81988,40.87422],[-73.81951,40.87426],[-73.8192,40.87448],[-73.81921,40.8741],[-73.81948,40.87402],[-73.81984,40.87404],[-73.81996,40.87395],[-73.81997,40.87382],[-73.81973,40.87366],[-73.81926,40.87385],[-73.81893,40.8737],[-73.81934,40.87341],[-73.81999,40.87346],[-73.82017,40.87363],[-73.82015,40.87405],[-73.82041,40.87441],[-73.82075,40.87451],[-73.82077,40.8742],[-73.82086,40.87433],[-73.82167,40.87452],[-73.82205,40.87477],[-73.82216,40.87476],[-73.82209,40.87418],[-73.82193,40.87373],[-73.82155,40.87412],[-73.82128,40.87415],[-73.82048,40.87361],[-73.82117,40.87309],[-73.82139,40.87303],[-73.82166,40.87312],[-73.82192,40.87281],[-73.82187,40.87259],[-73.82148,40.87247],[-73.82137,40.8726],[-73.82143,40.87268],[-73.82137,40.87279],[-73.82113,40.87284],[-73.82108,40.87276],[-73.82122,40.87265],[-73.8208,40.87253],[-73.82073,40.87238],[-73.82081,40.87236],[-73.82094,40.87256],[-73.82115,40.87256],[-73.82125,40.87244],[-73.82124,40.87229],[-73.82165,40.87216],[-73.82195,40.87186],[-73.82204,40.87157],[-73.82192,40.87109],[-73.82204,40.87076],[-73.82195,40.87068],[-73.8221,40.87044],[-73.82195,40.87023],[-73.82154,40.86999],[-73.82111,40.87031],[-73.82091,40.86992],[-73.82094,40.86965],[-73.82038,40.86961],[-73.82054,40.86922],[-73.82024,40.86916],[-73.82014,40.8689],[-73.81988,40.86892],[-73.81949,40.86911],[-73.81893,40.86901],[-73.81856,40.86834],[-73.81769,40.86792],[-73.8173,40.86732],[-73.81721,40.86737],[-73.81707,40.86789],[-73.81724,40.86829],[-73.81737,40.86838],[-73.81789,40.8683],[-73.81821,40.86859],[-73.81864,40.8688],[-73.81872,40.86946],[-73.81835,40.86984],[-73.81825,40.86982],[-73.81828,40.8696],[-73.81845,40.86934],[-73.8181,40.86918],[-73.81798,40.86899],[-73.81829,40.86885],[-73.81791,40.86871],[-73.8177,40.86853],[-73.81747,40.86882],[-73.81716,40.86898],[-73.81687,40.86924],[-73.81645,40.86933],[-73.81617,40.86975],[-73.81603,40.87024],[-73.81569,40.87028],[-73.81564,40.87022],[-73.81576,40.87017],[-73.81564,40.86983],[-73.81547,40.86974],[-73.81542,40.8696],[-73.81564,40.86918],[-73.81541,40.86901],[-73.81531,40.86882],[-73.81542,40.86863],[-73.81529,40.86852],[-73.81527,40.86839],[-73.81538,40.86821],[-73.81511,40.86806],[-73.81464,40.86816],[-73.81438,40.86804],[-73.81449,40.86767],[-73.81566,40.8659],[-73.81704,40.8645],[-73.8167,40.86408],[-73.81874,40.86246]],[[-73.81879,40.86512],[-73.81852,40.86513],[-73.81824,40.86528],[-73.81781,40.86592],[-73.81823,40.86622],[-73.81867,40.86619],[-73.81892,40.86575],[-73.81893,40.86528],[-73.81879,40.86512]]]},"properties":{"waterbodyId":35,"name":"Hutchinson River, Lower"}},{"type":"Feature","geometry":{"type":"Polygon","coordinates":[[[-73.92993,40.7762],[-73.93063,40.7766],[-73.93109,40.77725],[-73.93105,40.77752],[-73.93127,40.78242],[-73.93063,40.78226],[-73.92866,40.78109],[-73.92806,40.78093],[-73.9272,40.78113],[-73.92601,40.782],[-73.92563,40.7822],[-73.92536,40.78228],[-73.92465,40.78226],[-73.9241,40.78255],[-73.92296,40.78345],[-73.92281,40.78368],[-73.92214,40.78557],[-73.92199,40.78576],[-73.92188,40.78572],[-73.91849,40.78943],[-73.91859,40.78948],[-73.91853,40.78975],[-73.91802,40.7901],[-73.91696,40.7905],[-73.91607,40.79136],[-73.9152,40.79198],[-73.91392,40.79364],[-73.91376,40.79413],[-73.9113,40.79681],[-73.91027,40.79749],[-73.90994,40.79785],[-73.90964,40.79795],[-73.90829,40.79896],[-73.90821,40.79905],[-73.90824,40.79911],[-73.90862,40.79935],[-73.90844,40.79953],[-73.90818,40.7994],[-73.90799,40.79965],[-73.90727,40.80024],[-73.9067,40.80083],[-73.90682,40.8009],[-73.90632,40.80142],[-73.90607,40.80159],[-73.90601,40.80156],[-73.90552,40.80204],[-73.90454,40.80317],[-73.90378,40.80375],[-73.90321,40.8039],[-73.90269,40.80438],[-73.90251,40.80448],[-73.90244,40.80443],[-73.9022,40.80479],[-73.90224,40.80495],[-73.90201,40.80476],[-73.90095,40.80486],[-73.89943,40.80525],[-73.89845,40.8054],[-73.89802,40.80573],[-73.89825,40.80587],[-73.89832,40.80627],[-73.89828,40.8064],[-73.89812,40.80645],[-73.89744,40.80655],[-73.89727,40.80649],[-73.89728,40.80628],[-73.89737,40.80627],[-73.89721,40.80602],[-73.89721,40.8061],[-73.89703,40.80614],[-73.89629,40.80625],[-73.89619,40.80619],[-73.89624,40.80651],[-73.89634,40.80649],[-73.89629,40.80672],[-73.89506,40.80689],[-73.89508,40.80655],[-73.89495,40.80622],[-73.89172,40.80641],[-73.8915,40.80594],[-73.89056,40.80587],[-73.89001,40.80571],[-73.88979,40.8059],[-73.88952,40.80584],[-73.88934,40.80589],[-73.88926,40.80583],[-73.88941,40.80558],[-73.88936,40.80528],[-73.88868,40.80481],[-73.88788,40.80498],[-73.88763,40.80468],[-73.88771,40.80462],[-73.88737,40.80425],[-73.88728,40.80393],[-73.88622,40.80324],[-73.88578,40.80266],[-73.88524,40.80241],[-73.88505,40.80214],[-73.88399,40.80191],[-73.88392,40.80206],[-73.88367,40.80217],[-73.88087,40.80257],[-73.88008,40.80276],[-73.87836,40.80268],[-73.87812,40.80251],[-73.87796,40.80186],[-73.87798,40.80168],[-73.8752,40.80139],[-73.87503,40.80131],[-73.87499,40.8012],[-73.87489,40.80129],[-73.87474,40.80127],[-73.87467,40.80099],[-73.87355,40.80086],[-73.87173,40.80157],[-73.87159,40.80176],[-73.87166,40.8018],[-73.87159,40.80191],[-73.87152,40.80189],[-73.86954,40.80456],[-73.86896,40.80523],[-73.86827,40.80644],[-73.85945,40.80659],[-73.85953,40.80751],[-73.85942,40.80757],[-73.85934,40.80652],[-73.85895,40.80592],[-73.85786,40.8053],[-73.85681,40.80493],[-73.85671,40.80493],[-73.85668,40.80501],[-73.8572,40.80523],[-73.85728,40.80534],[-73.85656,40.80525],[-73.85621,40.80536],[-73.85598,40.80518],[-73.85563,40.80509],[-73.85563,40.8047],[-73.85596,40.80473],[-73.8565,40.80494],[-73.85659,40.8049],[-73.85656,40.80482],[-73.85601,40.80458],[-73.85546,40.80448],[-73.85477,40.80456],[-73.85373,40.80446],[-73.85293,40.80457],[-73.85147,40.80457],[-73.85059,40.80448],[-73.85017,40.80454],[-73.85,40.805],[-73.84982,40.80507],[-73.8492,40.80498],[-73.849,40.80478],[-73.84888,40.80479],[-73.8488,40.80493],[-73.84865,40.80472],[-73.84798,40.80497],[-73.84768,40.80513],[-73.84755,40.80531],[-73.83759,40.80578],[-73.83736,40.80597],[-73.83712,40.80583],[-73.83565,40.80552],[-73.8344,40.80504],[-73.83214,40.80479],[-73.83169,40.80491],[-73.82697,40.79717],[-73.82706,40.79701],[-73.8272,40.79693],[-73.82728,40.79697],[-73.82742,40.7968],[-73.82815,40.79676],[-73.8288,40.79657],[-73.8291,40.79658],[-73.82942,40.79684],[-73.82946,40.7968],[-73.82928,40.7966],[-73.83044,40.79725],[-73.83873,40.79693],[-73.83912,40.79706],[-73.84061,40.79681],[-73.8413,40.79623],[-73.8412,40.79571],[-73.84137,40.79498],[-73.84158,40.79508],[-73.84188,40.79558],[-73.84209,40.79562],[-73.84289,40.7954],[-73.84277,40.79504],[-73.84288,40.79492],[-73.84316,40.79495],[-73.84408,40.79479],[-73.84459,40.7948],[-73.84486,40.79491],[-73.84504,40.79521],[-73.84542,40.79546],[-73.84552,40.79577],[-73.84562,40.79585],[-73.84559,40.79602],[-73.84598,40.79603],[-73.84632,40.79617],[-73.84661,40.79604],[-73.84793,40.79576],[-73.84878,40.79535],[-73.84888,40.79514],[-73.84879,40.79455],[-73.84903,40.79435],[-73.84908,40.79415],[-73.84886,40.7936],[-73.84886,40.79348],[-73.84898,40.7934],[-73.84924,40.79339],[-73.85159,40.79409],[-73.85243,40.79462],[-73.85263,40.79495],[-73.85264,40.79455],[-73.85277,40.7944],[-73.85353,40.79415],[-73.85374,40.79394],[-73.85363,40.79311],[-73.85378,40.79243],[-73.85374,40.7923],[-73.85286,40.79154],[-73.85267,40.79126],[-73.85266,40.79111],[-73.85309,40.79085],[-73.85447,40.79027],[-73.85456,40.78968],[-73.85478,40.78902],[-73.85479,40.78859],[-73.8545,40.78836],[-73.85275,40.78833],[-73.85326,40.78788],[-73.85429,40.78775],[-73.85477,40.78779],[-73.85596,40.78768],[-73.85617,40.7875],[-73.8562,40.78716],[-73.85637,40.78698],[-73.85652,40.78695],[-73.85664,40.78674],[-73.85681,40.78668],[-73.85703,40.78666],[-73.85754,40.78694],[-73.85813,40.78706],[-73.85868,40.78654],[-73.85857,40.78627],[-73.85859,40.78615],[-73.85897,40.78602],[-73.85931,40.78572],[-73.86969,40.78523],[-73.8698,40.78508],[-73.86944,40.78365],[-73.86987,40.78509],[-73.86969,40.7853],[-73.87125,40.78605],[-73.87485,40.78169],[-73.87516,40.78152],[-73.87834,40.78303],[-73.87931,40.78186],[-73.87905,40.78174],[-73.87871,40.78059],[-73.87914,40.78069],[-73.87921,40.78078],[-73.87932,40.78076],[-73.87936,40.78066],[-73.87955,40.78071],[-73.88043,40.78054],[-73.88234,40.78037],[-73.88276,40.78023],[-73.88288,40.78024],[-73.88292,40.78036],[-73.88324,40.78034],[-73.88332,40.78016],[-73.88449,40.78006],[-73.88494,40.77975],[-73.88488,40.78001],[-73.88458,40.78009],[-73.89168,40.77976],[-73.89247,40.77952],[-73.89243,40.77987],[-73.89158,40.78059],[-73.89166,40.78087],[-73.89191,40.78093],[-73.89191,40.78105],[-73.8923,40.78133],[-73.8938,40.78238],[-73.8941,40.78248],[-73.89423,40.78245],[-73.89532,40.78158],[-73.8954,40.78174],[-73.89477,40.78226],[-73.89626,40.78332],[-73.89608,40.7832],[-73.89601,40.78496],[-73.89698,40.78422],[-73.89712,40.78426],[-73.89583,40.78523],[-73.89698,40.78665],[-73.89731,40.78679],[-73.89951,40.78836],[-73.90022,40.78899],[-73.90196,40.78939],[-73.90213,40.78951],[-73.90317,40.78958],[-73.9065,40.79019],[-73.90687,40.7904],[-73.90973,40.79094],[-73.91,40.79065],[-73.91087,40.79008],[-73.91095,40.78976],[-73.91123,40.78976],[-73.91161,40.78961],[-73.91226,40.78918],[-73.91264,40.78901],[-73.91351,40.78828],[-73.91368,40.78838],[-73.91561,40.78643],[-73.91539,40.78627],[-73.91541,40.78616],[-73.91583,40.7861],[-73.91694,40.78509],[-73.91715,40.78467],[-73.91723,40.7842],[-73.91811,40.78399],[-73.91917,40.78338],[-73.91994,40.78267],[-73.9201,40.78263],[-73.92011,40.78251],[-73.92052,40.78215],[-73.92094,40.78195],[-73.92176,40.78104],[-73.92252,40.78056],[-73.92314,40.78034],[-73.92329,40.78002],[-73.92428,40.77905],[-73.92504,40.77861],[-73.9263,40.77825],[-73.92728,40.77751],[-73.92817,40.77702],[-73.92856,40.77658],[-73.92993,40.7762]],[[-73.8978,40.79553],[-73.89761,40.79564],[-73.89691,40.79556],[-73.89677,40.79568],[-73.89685,40.79598],[-73.89669,40.7962],[-73.89712,40.79682],[-73.89738,40.79699],[-73.89792,40.79715],[-73.89849,40.79698],[-73.89887,40.79681],[-73.89937,40.79629],[-73.89933,40.79616],[-73.89842,40.79597],[-73.89803,40.79561],[-73.8978,40.79553]],[[-73.9,40.79905],[-73.8994,40.7991],[-73.89904,40.79932],[-73.89883,40.79926],[-73.89857,40.79931],[-73.89854,40.79939],[-73.89824,40.79944],[-73.89747,40.79984],[-73.89686,40.8004],[-73.89665,40.80088],[-73.89666,40.80151],[-73.89676,40.80165],[-73.8973,40.802],[-73.89828,40.80228],[-73.8985,40.80226],[-73.89932,40.80194],[-73.89943,40.8015],[-73.89954,40.80142],[-73.89949,40.80124],[-73.89955,40.80113],[-73.90003,40.80069],[-73.90021,40.80066],[-73.90028,40.80051],[-73.90019,40.80005],[-73.90024,40.79956],[-73.90014,40.79936],[-73.90026,40.79927],[-73.90027,40.79915],[-73.9,40.79905]],[[-73.87858,40.78534],[-73.87823,40.78538],[-73.87673,40.78583],[-73.87597,40.7859],[-73.87473,40.78589],[-73.87428,40.78577],[-73.87316,40.78584],[-73.87289,40.78593],[-73.87265,40.78615],[-73.87164,40.7867],[-73.87141,40.78705],[-73.87131,40.78741],[-73.87101,40.78764],[-73.8708,40.78794],[-73.87096,40.78861],[-73.87102,40.7894],[-73.87121,40.79003],[-73.87175,40.79067],[-73.87293,40.79148],[-73.87375,40.79182],[-73.87418,40.7919],[-73.87485,40.79227],[-73.87583,40.79316],[-73.87798,40.79437],[-73.87875,40.79465],[-73.87976,40.79489],[-73.8821,40.79517],[-73.88321,40.79555],[-73.88366,40.79598],[-73.88373,40.7959],[-73.88362,40.79568],[-73.88376,40.79572],[-73.88536,40.7971],[-73.88654,40.79798],[-73.88719,40.79831],[-73.88773,40.79839],[-73.88841,40.79827],[-73.88918,40.79781],[-73.89012,40.7979],[-73.89017,40.79797],[-73.89067,40.79776],[-73.89185,40.79676],[-73.89209,40.79599],[-73.89231,40.79485],[-73.89248,40.79446],[-73.89255,40.79406],[-73.89242,40.79392],[-73.89262,40.79379],[-73.89269,40.79353],[-73.89264,40.79323],[-73.89274,40.79291],[-73.8922,40.79046],[-73.892,40.79025],[-73.89161,40.79017],[-73.89084,40.79023],[-73.89037,40.78996],[-73.89013,40.78964],[-73.88942,40.78782],[-73.88905,40.78738],[-73.88816,40.78697],[-73.88716,40.78684],[-73.88692,40.78674],[-73.88597,40.78676],[-73.88538,40.78668],[-73.88406,40.78632],[-73.88356,40.78627],[-73.88332,40.78636],[-73.8827,40.78613],[-73.88172,40.7859],[-73.88155,40.78593],[-73.88109,40.78573],[-73.88072,40.78577],[-73.87962,40.78561],[-73.87858,40.78534]],[[-73.85094,40.79757],[-73.85085,40.79764],[-73.8509,40.79771],[-73.85102,40.79764],[-73.85094,40.79757]]]},"properties":{"waterbodyId":36,"name":"East River (RFK to Whitestone)"}},{"type":"Feature","geometry":{"type":"MultiPolygon","coordinates":[[[[-73.89248,40.77952],[-73.89254,40.77956],[-73.8925,40.77961],[-73.89248,40.77952]]],[[[-73.88946,40.77354],[-73.88983,40.77374],[-73.89009,40.77366],[-73.89019,40.7737],[-73.8901,40.77398],[-73.88983,40.77422],[-73.88943,40.77565],[-73.88971,40.77633],[-73.88966,40.7764],[-73.88981,40.77658],[-73.89013,40.77784],[-73.89045,40.77774],[-73.89052,40.77745],[-73.8909,40.77726],[-73.89127,40.77684],[-73.89143,40.77653],[-73.89129,40.77629],[-73.89139,40.77572],[-73.89172,40.77502],[-73.89187,40.77488],[-73.89179,40.77508],[-73.89181,40.77533],[-73.89152,40.77564],[-73.89138,40.77618],[-73.89149,40.77644],[-73.89191,40.77675],[-73.89209,40.77711],[-73.89244,40.77738],[-73.89116,40.77862],[-73.89122,40.77891],[-73.89168,40.77952],[-73.89201,40.77961],[-73.89168,40.77976],[-73.88458,40.78009],[-73.88488,40.78001],[-73.88499,40.77962],[-73.88517,40.77941],[-73.88505,40.77936],[-73.88512,40.77901],[-73.88502,40.77887],[-73.8849,40.77758],[-73.88472,40.77718],[-73.88442,40.77557],[-73.88429,40.77548],[-73.88476,40.77535],[-73.88485,40.77506],[-73.88458,40.77439],[-73.88392,40.77414],[-73.88441,40.77419],[-73.88649,40.77399],[-73.88757,40.77385],[-73.8878,40.77372],[-73.88946,40.77354]]]]},"properties":{"waterbodyId":37,"name":"Bowery Bay"}},{"type":"Feature","geometry":{"type":"Polygon","coordinates":[[[-73.89604,40.78421],[-73.89608,40.7832],[-73.89625,40.78332],[-73.89618,40.78325],[-73.89708,40.78275],[-73.89724,40.7828],[-73.89866,40.78201],[-73.89949,40.78218],[-73.90035,40.78217],[-73.90036,40.78207],[-73.9013,40.78185],[-73.90203,40.78123],[-73.90228,40.78025],[-73.90238,40.78019],[-73.90266,40.78032],[-73.90269,40.78064],[-73.90255,40.78091],[-73.90254,40.78112],[-73.90234,40.78144],[-73.90189,40.78199],[-73.90114,40.78272],[-73.89875,40.78279],[-73.89601,40.78496],[-73.89604,40.78421]]]},"properties":{"waterbodyId":38,"name":"East River (near Steinway Creek)"}},{"type":"Feature","geometry":{"type":"Polygon","coordinates":[[[-73.82894,40.79621],[-73.82881,40.79619],[-73.82878,40.79593],[-73.82865,40.79588],[-73.82863,40.79569],[-73.82839,40.79559],[-73.82821,40.79516],[-73.82801,40.79494],[-73.82807,40.79483],[-73.82798,40.79481],[-73.82798,40.79452],[-73.82789,40.79435],[-73.82792,40.79405],[-73.82779,40.79343],[-73.82782,40.79317],[-73.82799,40.79278],[-73.82829,40.79252],[-73.82923,40.79303],[-73.82931,40.79295],[-73.82927,40.79289],[-73.82837,40.7924],[-73.82912,40.7919],[-73.82978,40.79163],[-73.83009,40.79156],[-73.83061,40.79166],[-73.83103,40.79156],[-73.83136,40.79139],[-73.83169,40.79108],[-73.83186,40.79057],[-73.83215,40.79004],[-73.83195,40.78942],[-73.83145,40.78918],[-73.83156,40.78926],[-73.83176,40.78924],[-73.8321,40.7888],[-73.83251,40.78863],[-73.83349,40.78847],[-73.8339,40.78859],[-73.83414,40.78907],[-73.8354,40.78925],[-73.83552,40.78955],[-73.83565,40.78963],[-73.83629,40.78948],[-73.8368,40.78948],[-73.83707,40.78958],[-73.83713,40.78955],[-73.83724,40.78894],[-73.83734,40.78892],[-73.83717,40.78939],[-73.83737,40.78981],[-73.83741,40.79038],[-73.83751,40.79043],[-73.83757,40.79077],[-73.8375,40.79085],[-73.83762,40.79098],[-73.8374,40.79142],[-73.83662,40.79177],[-73.83661,40.79207],[-73.83673,40.79244],[-73.83665,40.79253],[-73.83713,40.7937],[-73.83709,40.79391],[-73.83736,40.79427],[-73.8384,40.79675],[-73.83873,40.79693],[-73.83044,40.79725],[-73.82941,40.79669],[-73.82913,40.7963],[-73.82894,40.79621]]]},"properties":{"waterbodyId":39,"name":"Powell Cove"}},{"type":"Feature","geometry":{"type":"Polygon","coordinates":[[[-74.20795,40.57075],[-74.20801,40.57078],[-74.20731,40.57382],[-74.20705,40.57359],[-74.20652,40.57355],[-74.20611,40.57368],[-74.20533,40.57375],[-74.20494,40.57374],[-74.20442,40.5736],[-74.20393,40.57364],[-74.20378,40.57356],[-74.20366,40.57362],[-74.20323,40.57355],[-74.20377,40.57341],[-74.2023,40.57364],[-74.2017,40.57391],[-74.2012,40.57427],[-74.2009,40.57461],[-74.20077,40.57499],[-74.20078,40.57529],[-74.20054,40.57554],[-74.20055,40.57593],[-74.20065,40.57608],[-74.20072,40.57667],[-74.20088,40.57708],[-74.20081,40.5772],[-74.20082,40.57751],[-74.20097,40.57762],[-74.20084,40.57775],[-74.20066,40.57834],[-74.20033,40.57875],[-74.20047,40.57877],[-74.20055,40.5789],[-74.20148,40.57904],[-74.20179,40.57891],[-74.20219,40.57894],[-74.20254,40.5791],[-74.20241,40.57947],[-74.20282,40.57962],[-74.20386,40.57955],[-74.20436,40.57939],[-74.20447,40.57953],[-74.20514,40.57928],[-74.20588,40.57875],[-74.2061,40.57873],[-74.20608,40.57855],[-74.20621,40.57831],[-74.20632,40.57772],[-74.20647,40.57752],[-74.20594,40.57981],[-74.20553,40.57985],[-74.20532,40.58001],[-74.20492,40.58007],[-74.20464,40.58029],[-74.20351,40.58045],[-74.20159,40.58011],[-74.20132,40.57996],[-74.20073,40.57992],[-74.2001,40.58023],[-74.20002,40.58062],[-74.20012,40.58085],[-74.2,40.58091],[-74.1998,40.58055],[-74.19891,40.58037],[-74.19895,40.58032],[-74.19988,40.58045],[-74.20007,40.58016],[-74.20042,40.57989],[-74.19992,40.58],[-74.19971,40.57994],[-74.19918,40.58001],[-74.19885,40.57988],[-74.19858,40.57991],[-74.19857,40.57985],[-74.19828,40.58002],[-74.19745,40.58002],[-74.19737,40.5799],[-74.19696,40.58],[-74.1961,40.57988],[-74.19572,40.57993],[-74.19509,40.57972],[-74.1948,40.57946],[-74.19414,40.57928],[-74.19355,40.57891],[-74.19325,40.57859],[-74.19377,40.57877],[-74.19374,40.5787],[-74.19317,40.5784],[-74.19257,40.57794],[-74.19216,40.57781],[-74.19192,40.57757],[-74.19163,40.57759],[-74.19117,40.57743],[-74.19015,40.57753],[-74.18929,40.57799],[-74.18821,40.57839],[-74.18694,40.57852],[-74.1866,40.57844],[-74.18616,40.57873],[-74.18615,40.57863],[-74.18637,40.57848],[-74.1862,40.57841],[-74.18611,40.57821],[-74.1858,40.57801],[-74.18659,40.57646],[-74.18767,40.57668],[-74.18843,40.57661],[-74.18934,40.5764],[-74.19073,40.57628],[-74.19137,40.57595],[-74.19163,40.57589],[-74.19265,40.5763],[-74.19295,40.57661],[-74.19591,40.57776],[-74.19618,40.57774],[-74.19629,40.57766],[-74.19632,40.57783],[-74.19677,40.578],[-74.19723,40.57804],[-74.19795,40.57823],[-74.19824,40.57786],[-74.19825,40.5777],[-74.19815,40.57764],[-74.1982,40.57733],[-74.19847,40.57727],[-74.19849,40.57718],[-74.19836,40.57708],[-74.1984,40.57686],[-74.19802,40.57677],[-74.19796,40.57663],[-74.19812,40.57645],[-74.19844,40.57634],[-74.19853,40.57593],[-74.19849,40.57564],[-74.19862,40.57546],[-74.19868,40.57512],[-74.19876,40.57507],[-74.19871,40.57474],[-74.19907,40.57419],[-74.19868,40.57397],[-74.19915,40.5741],[-74.19956,40.57332],[-74.20139,40.57242],[-74.20179,40.57211],[-74.2025,40.57207],[-74.20292,40.57195],[-74.20306,40.57198],[-74.20325,40.57188],[-74.20373,40.5719],[-74.20412,40.57177],[-74.20432,40.57186],[-74.20464,40.57175],[-74.20507,40.57181],[-74.20549,40.57173],[-74.20622,40.57179],[-74.20691,40.57154],[-74.20707,40.57141],[-74.20708,40.57122],[-74.20734,40.57095],[-74.20761,40.57093],[-74.20795,40.57075]],[[-74.18685,40.57842],[-74.1868,40.57848],[-74.18691,40.57846],[-74.18685,40.57842]],[[-74.18711,40.57842],[-74.18703,40.57845],[-74.18712,40.57844],[-74.18711,40.57842]]]},"properties":{"waterbodyId":40,"name":"Fresh Kills, Lower"}},{"type":"Feature","geometry":{"type":"Polygon","coordinates":[[[-73.99959,40.66789],[-73.99959,40.67015],[-73.99954,40.6703],[-73.99877,40.67168],[-73.9967,40.67405],[-73.99599,40.67496],[-73.99501,40.67586],[-73.99413,40.67618],[-73.99315,40.67619],[-73.99071,40.67581],[-73.98941,40.67737],[-73.98932,40.67835],[-73.98702,40.68177],[-73.98671,40.68164],[-73.989,40.67823],[-73.98911,40.67723],[-73.99049,40.67558],[-73.99029,40.67506],[-73.98887,40.67438],[-73.98893,40.6743],[-73.98883,40.67424],[-73.9889,40.67416],[-73.98901,40.67421],[-73.98906,40.67415],[-73.99048,40.67483],[-73.99075,40.67549],[-73.99093,40.67554],[-73.9931,40.67594],[-73.99411,40.67592],[-73.99379,40.6757],[-73.99208,40.67488],[-73.99228,40.67465],[-73.99457,40.67575],[-73.99484,40.67564],[-73.99534,40.67521],[-73.99386,40.67449],[-73.99404,40.67428],[-73.99553,40.67499],[-73.99574,40.67476],[-73.99727,40.67289],[-73.99676,40.67264],[-73.99686,40.67252],[-73.99739,40.67277],[-73.99792,40.67207],[-73.99863,40.67138],[-73.99856,40.67126],[-73.99892,40.6697],[-73.99863,40.66949],[-73.99872,40.66939],[-73.99885,40.6694],[-73.99894,40.66929],[-73.99888,40.6692],[-73.99907,40.66909],[-73.99895,40.66898],[-73.99905,40.66885],[-73.99907,40.66845],[-73.99959,40.66789]]]},"properties":{"waterbodyId":41,"name":"Gowanus Canal, Inner"}},{"type":"Feature","geometry":{"type":"Polygon","coordinates":[[[-73.82093,40.64882],[-73.82302,40.64807],[-73.82297,40.64815],[-73.82316,40.64841],[-73.82308,40.64869],[-73.82321,40.64891],[-73.82323,40.64916],[-73.82331,40.64915],[-73.82337,40.64974],[-73.82348,40.64991],[-73.82346,40.65022],[-73.82373,40.65079],[-73.82371,40.65103],[-73.82394,40.65164],[-73.82397,40.65198],[-73.82426,40.65267],[-73.82428,40.65322],[-73.82443,40.65347],[-73.82447,40.65382],[-73.82469,40.6543],[-73.82498,40.6554],[-73.82494,40.65584],[-73.82411,40.65808],[-73.82391,40.659],[-73.8235,40.66015],[-73.82285,40.66055],[-73.82237,40.66066],[-73.82228,40.66075],[-73.82193,40.66083],[-73.81993,40.66168],[-73.81896,40.66205],[-73.81873,40.66205],[-73.81866,40.66213],[-73.81682,40.66174],[-73.81197,40.6609],[-73.81132,40.66067],[-73.81123,40.66055],[-73.81129,40.66038],[-73.8115,40.66023],[-73.8129,40.66017],[-73.81545,40.66067],[-73.8165,40.66074],[-73.81869,40.6611],[-73.82153,40.65999],[-73.82237,40.65933],[-73.82307,40.65692],[-73.82337,40.65625],[-73.8234,40.65492],[-73.82317,40.65402],[-73.82276,40.65323],[-73.82261,40.65279],[-73.82267,40.65275],[-73.82259,40.65276],[-73.82253,40.65212],[-73.82227,40.65153],[-73.82223,40.6511],[-73.82207,40.6508],[-73.822,40.64998],[-73.82139,40.64919],[-73.82093,40.64882]]]},"properties":{"waterbodyId":42,"name":"Bergen Basin"}},{"type":"Feature","geometry":{"type":"MultiPolygon","coordinates":[[[[-73.83652,40.6479],[-73.83712,40.65068],[-73.83766,40.65253],[-73.83765,40.6527],[-73.83805,40.65407],[-73.83807,40.65441],[-73.83845,40.65587],[-73.83856,40.65591],[-73.8385,40.65601],[-73.83876,40.65715],[-73.83912,40.65816],[-73.83916,40.65862],[-73.83923,40.65861],[-73.83929,40.65887],[-73.83922,40.65888],[-73.83927,40.65917],[-73.83936,40.65942],[-73.83942,40.65942],[-73.83999,40.6619],[-73.83998,40.66197],[-73.83965,40.66202],[-73.8397,40.66226],[-73.83853,40.6624],[-73.83822,40.66223],[-73.8381,40.66193],[-73.83809,40.66159],[-73.83888,40.66141],[-73.83883,40.66114],[-73.83864,40.66112],[-73.83862,40.66104],[-73.8388,40.66096],[-73.83881,40.66085],[-73.83831,40.65899],[-73.83825,40.65832],[-73.83798,40.65747],[-73.83802,40.65736],[-73.83767,40.65626],[-73.83742,40.65484],[-73.83728,40.6546],[-73.83655,40.65187],[-73.83662,40.65178],[-73.83619,40.65016],[-73.83621,40.64969],[-73.83575,40.64915],[-73.83567,40.64898],[-73.83568,40.64864],[-73.83548,40.64837],[-73.83652,40.6479]]],[[[-73.79668,40.60726],[-73.79619,40.60747],[-73.79621,40.60793],[-73.79626,40.60797],[-73.79668,40.6078],[-73.79692,40.60798],[-73.79667,40.60784],[-73.79597,40.60818],[-73.79582,40.60815],[-73.79616,40.60785],[-73.79608,40.60762],[-73.79617,40.60743],[-73.79668,40.60726]]]]},"properties":{"waterbodyId":43,"name":"Shellbank Basin"}},{"type":"Feature","geometry":{"type":"Polygon","coordinates":[[[-73.74629,40.63643],[-73.74847,40.63587],[-73.7484,40.63666],[-73.74812,40.63692],[-73.74753,40.63929],[-73.74745,40.63975],[-73.74751,40.6404],[-73.74744,40.64134],[-73.74776,40.64206],[-73.7484,40.6428],[-73.74866,40.64329],[-73.74935,40.64387],[-73.75002,40.64422],[-73.75002,40.64437],[-73.75029,40.64443],[-73.75055,40.6447],[-73.75138,40.64526],[-73.75359,40.64654],[-73.75423,40.64705],[-73.7547,40.64729],[-73.75492,40.64759],[-73.75475,40.64782],[-73.7545,40.64794],[-73.75401,40.64779],[-73.75387,40.64756],[-73.75358,40.64748],[-73.75171,40.64651],[-73.74939,40.64492],[-73.74905,40.64516],[-73.74886,40.64517],[-73.74869,40.64498],[-73.74875,40.6445],[-73.74811,40.64406],[-73.74722,40.64312],[-73.74719,40.6429],[-73.74677,40.64235],[-73.74653,40.64168],[-73.74637,40.6415],[-73.74636,40.64068],[-73.74617,40.64042],[-73.74636,40.63988],[-73.74634,40.63934],[-73.74655,40.63885],[-73.74661,40.63834],[-73.74677,40.63827],[-73.74689,40.63808],[-73.74676,40.63789],[-73.74691,40.63774],[-73.7471,40.63692],[-73.74694,40.63689],[-73.74639,40.63747],[-73.74554,40.63792],[-73.7455,40.63798],[-73.74561,40.63817],[-73.74526,40.63833],[-73.74527,40.63823],[-73.74515,40.63809],[-73.74533,40.63789],[-73.74645,40.63727],[-73.74677,40.63689],[-73.74679,40.63675],[-73.74664,40.63659],[-73.74629,40.63643]]]},"properties":{"waterbodyId":44,"name":"Thurston Basin"}},{"type":"Feature","geometry":{"type":"Polygon","coordinates":[[[-73.94021,40.73398],[-73.9411,40.73362],[-73.94116,40.73376],[-73.941,40.7338],[-73.94115,40.73416],[-73.94155,40.73474],[-73.94161,40.7347],[-73.94176,40.73487],[-73.94177,40.73499],[-73.9424,40.73543],[-73.94452,40.73629],[-73.94477,40.73599],[-73.94503,40.73544],[-73.94519,40.73549],[-73.94526,40.7359],[-73.94617,40.73621],[-73.94625,40.73617],[-73.94674,40.7353],[-73.9466,40.73445],[-73.94704,40.73442],[-73.94719,40.73536],[-73.94641,40.73678],[-73.94645,40.73691],[-73.94809,40.73748],[-73.94812,40.73741],[-73.95047,40.73832],[-73.95299,40.73896],[-73.95467,40.73914],[-73.95693,40.7389],[-73.95796,40.73836],[-73.95919,40.73755],[-73.95983,40.73707],[-73.96093,40.73601],[-73.96192,40.73821],[-73.96073,40.73805],[-73.96073,40.73815],[-73.96019,40.73834],[-73.96005,40.7385],[-73.95974,40.73854],[-73.9576,40.7395],[-73.95698,40.73964],[-73.95477,40.73982],[-73.95381,40.73982],[-73.95138,40.73934],[-73.94715,40.73791],[-73.94552,40.73821],[-73.94388,40.73886],[-73.94327,40.73901],[-73.94288,40.73902],[-73.94271,40.73913],[-73.94279,40.7392],[-73.94259,40.73944],[-73.94185,40.73963],[-73.94119,40.7403],[-73.93966,40.74271],[-73.94015,40.74284],[-73.94002,40.74322],[-73.93863,40.74295],[-73.93866,40.74256],[-73.93914,40.74265],[-73.9404,40.74067],[-73.94048,40.74041],[-73.94037,40.74036],[-73.94048,40.74019],[-73.94115,40.73957],[-73.94167,40.7394],[-73.94172,40.73926],[-73.94199,40.73912],[-73.94253,40.73904],[-73.94281,40.73888],[-73.94258,40.73882],[-73.94448,40.73812],[-73.94465,40.73814],[-73.94497,40.73791],[-73.94595,40.73754],[-73.9436,40.73673],[-73.9418,40.73597],[-73.94087,40.73508],[-73.94021,40.73398]]]},"properties":{"waterbodyId":45,"name":"Newtown Creek, Lower"}}]}
